P,n,Paper,Min Time,Time opt,mast
500,100,382305.6808326714,235713.23231026964,235713.23231026964,1.621910136675916
