P,n,Paper,Min Time,Time opt,mtsa
800,600,1692219.5435183875,1773681.7572774964,1520161.205929946,1.113184270797903
2500,400,369611.6229033725,520007.35190429067,316211.743555257,1.168873801926917
