P,n,Paper,Min Time,Time opt,Comment
1500,100,187102.2588009371,187102.2588009371,135264.95191661385,-1
