P,n,Algorithm Time,Optimal Time,Makespan Ratio
4096,600,19860.463881479434,18779.00655706,1.0575886334100488
256,400,55476.26683753704,43244.960742362484,1.2828377199379175
8192,800,47466.71774736816,46379.37991347244,1.0234444237056275
128,1000,206285.9157529317,119404.61005167404,1.7276210329204085
2048,600,121752.6593684584,111680.57587899217,1.0901865289482344
256,900,102104.16356053333,51518.201495127876,1.9819046588842861
256,100,14673.819458195318,12924.548421892341,1.1353448475878631
4096,300,20437.35027096882,17279.41691731119,1.1827569395871158
256,200,27769.357139470314,22891.533499154106,1.2130841798124383
2048,400,33308.596290948444,21733.26502109654,1.5326089411147243
8192,1000,60237.96187265435,60202.342442558154,1.0005916618631605
1024,500,80583.63677924377,53664.96732667876,1.5016059972365394
256,600,87749.39382825974,58028.72573355824,1.51217164807591
8192,900,52575.74036827735,52575.017380802,1.0000137515403964
8192,700,54695.79386567019,35360.41439156067,1.546808622206764
256,1000,110097.46828524544,58863.710166351215,1.8703793555334103
8192,900,149649.57060028278,149649.57060028278,1.0
2048,700,41613.14538069223,41611.35817859911,1.0000429498620411
1024,600,59131.68009941725,43965.34404781527,1.3449611592964579
4096,1000,34399.97436960992,33915.21825046568,1.0142931741014989
2048,200,13864.005477611438,12441.910416424595,1.114298770332692
512,800,59740.3790390683,54149.74440156318,1.1032439709418782
128,200,42260.61023236801,38939.521911435,1.0852883691917579
2048,800,88746.2064745657,71810.48771496736,1.2358390716801726
512,100,60616.774682774056,60573.79424177784,1.0007095550400007
1024,100,9640.921141579869,9640.921141579869,1.0
512,900,58216.07803589782,46304.128599874144,1.2572545860641908
256,800,122764.02220513305,86969.02217444926,1.411583333188263
1024,100,30207.435502594955,20829.72320776272,1.45020820494328
1024,700,137044.82606345188,101971.47650017287,1.3439525519003304
256,300,44785.023211350206,35896.699653227304,1.2476083774827973
1024,600,87103.91174709769,86765.25402755744,1.0039031490581782
8192,200,21053.7369850466,18018.92824454402,1.1684233767577987
1024,300,18911.301868205086,18573.116360380285,1.018208334092291
4096,900,61674.08960100994,52757.84825268096,1.1690031273759518
512,900,61665.04611437736,53309.00486140186,1.1567472751498622
4096,100,60573.79424177784,60573.79424177784,1.0
8192,700,41697.4100631943,41694.171098573366,1.0000776838712844
1024,400,71120.98392583367,63377.543120814065,1.122179567457492
256,700,67562.7987499794,38261.990551516115,1.765794141290494
256,400,47989.71185128698,22632.151942540644,2.120421954267763
512,500,109913.36376064901,62904.27191045394,1.747311596215816
256,900,91643.94145788673,47728.093563071816,1.920125750189056
8192,500,84889.56492633495,84889.56492633495,1.0
8192,300,33351.02811527207,23136.448596413335,1.4414929748743817
1024,800,66707.87929511238,66116.18200423285,1.0089493566165337
4096,800,88746.2064745657,71810.48771496736,1.2358390716801726
4096,800,68753.9375513519,64362.85987349461,1.0682237813311586
8192,500,66624.56129320196,66624.56129320196,1.0
4096,700,137018.5543906216,101971.47650017287,1.3436949144341293
4096,800,43948.578664085064,43948.578664085064,1.0
4096,100,8321.239576006265,8321.239576006265,1.0
8192,600,60948.5521063519,60947.46333963169,1.000017864020265
8192,800,87137.91878214308,62102.16000225037,1.4031382930800715
512,300,51809.75075032371,51521.92639179481,1.005586444038217
256,100,18720.003819445115,17954.53769414384,1.0426335747731863
128,600,118270.06656871755,70900.57950763027,1.6681114229255263
2048,900,129752.87775540326,129752.604791726,1.0000021037240654
8192,1000,30095.43958878344,28498.849543516073,1.0560229648158066
4096,300,18481.458954016285,18481.458954016285,1.0
256,500,79227.61236204811,66627.75825410518,1.1891081801054983
256,700,102100.68511573323,61827.216222082076,1.6513873881849974
128,500,93569.63246823297,53535.80791606614,1.7477952815232038
2048,700,88656.04345035662,69714.60276884174,1.2716997577153315
128,800,158877.93818525382,89245.39881899078,1.7802367437170972
512,300,25005.44283429982,25000.830378077444,1.0001844921209666
4096,200,53640.79281597229,53640.79281597229,1.0
4096,500,173165.7012270452,173165.7012270452,1.0
8192,1000,80580.04440710397,71753.33995595953,1.1230145447802438
128,900,177934.6455071299,103084.41806074536,1.726106125974121
4096,300,19028.50780282153,19028.50780282153,1.0
4096,400,48786.97977664097,45126.38541333707,1.0811187142461007
128,900,177712.183000554,103160.92321660006,1.7226695676949662
1024,400,26768.85672539855,26611.894241008282,1.0058982078828644
8192,600,26765.49781642046,18661.250273283804,1.4342821313928265
128,400,82686.90076118674,46532.57276323225,1.7769681719924555
4096,700,41663.71125395748,36793.786558940206,1.1323572578542878
8192,500,29587.00133662399,27177.07231873392,1.0886750783758572
256,900,95829.56896655259,51088.94408718974,1.8757398626796302
8192,1000,132590.20560675484,94799.79607328854,1.3986338694679366
8192,600,19865.857305454374,18779.00655706,1.0578758383779236
4096,900,43611.7690700012,40761.55353335776,1.0699241145043927
8192,700,103650.17673083996,103650.17673083996,1.0
128,300,59379.09735071643,32755.432020731212,1.8128015320675623
4096,700,92388.85545586015,80356.03512507299,1.1497438283516384
256,100,14634.468943633938,14135.174116163842,1.0353228636143323
2048,500,36276.16196639806,36276.16196639806,1.0
512,600,43480.13565325468,30580.976963775065,1.421803355228298
512,500,35506.365346460385,35496.811911768345,1.0002691350061461
512,400,39082.46926537245,34415.68964887445,1.1356003515870448
8192,1000,146820.54879419197,146820.54879419197,1.0
128,600,116903.31919229482,69365.62215019029,1.6853207045296301
2048,800,44823.05223294762,42695.059714644456,1.0498416569159468
8192,200,16319.454371522042,16319.454371522042,1.0
512,400,71222.87786198074,68462.06472805722,1.0403261739897844
1024,300,24875.63006816242,16760.521743464207,1.4841799347841134
1024,800,76915.39677481599,75591.86163784155,1.0175089633764474
1024,100,17347.873752067557,17347.873752067557,1.0
2048,200,27820.77334839244,27814.232772578187,1.0002351521204174
256,100,21863.26446258762,18702.315368100946,1.169013784243958
1024,700,57688.3754175496,42452.09110493904,1.3589053899594103
4096,800,52818.697776115296,44366.085532812314,1.1905196760496617
4096,800,78733.61137126268,78733.61137126268,1.0
8192,1000,58676.89014369309,45809.33523320091,1.2808937271188832
8192,700,64966.29240789171,57793.63501321383,1.1241080854844645
8192,1000,34363.77027208787,33915.21825046568,1.013225685835474
4096,900,33065.18232024843,32655.352187910106,1.012550167273653
512,700,85987.47870939819,85438.48061711625,1.0064256537372454
1024,200,39819.55529994364,39819.40708715139,1.000003722124539
4096,700,144783.69772491688,132452.11299022113,1.0931022122358003
2048,700,99709.10047089912,91119.24221630921,1.0942705189996897
8192,300,19675.554719069998,19674.24141386905,1.0000667525203804
8192,500,75288.1433121715,53378.57096652857,1.4104563301138482
8192,700,57391.762399758896,49777.7756414471,1.152959561977134
256,1000,103380.2082836348,90498.72860811553,1.142338791645346
2048,100,34300.968848800694,34300.968848800694,1.0
4096,700,91526.83913463607,82072.46511123,1.1151954435704212
1024,800,102155.91878847037,101845.3758611526,1.0030491607958827
1024,400,193674.0701051157,193515.84305327947,1.0008176439165897
256,100,17603.388103045385,17587.547381984677,1.0009006782308336
128,900,165293.06801697172,96720.06020199122,1.70898433760041
512,900,84577.17045979369,72227.30001714897,1.170986184444282
4096,1000,90508.02450878208,90498.72860811553,1.000102718577482
8192,300,32671.02721643224,25922.78608210399,1.26032082789847
512,500,91117.15840462249,86843.01321389293,1.0492169148967967
128,800,137940.8981438465,79920.49096406845,1.725976611002847
128,100,26592.953467573694,22982.09428187623,1.15711619408615
2048,200,24337.522142430917,21228.428234486382,1.146458978196685
4096,500,97935.06095418494,97935.06095418494,1.0
128,400,83529.70032248081,48772.78954290394,1.712629134099502
1024,700,112126.83124706284,107260.20847207752,1.045372117435817
128,300,66994.13527615178,36726.85726982461,1.824118377022018
4096,500,97704.51114863665,71401.30747796739,1.3683854623920684
256,500,68570.17081199188,49937.16420129462,1.3731290494507935
512,500,149456.8851472511,147481.94731846493,1.0133910479532902
128,800,165201.24318558694,97370.5352483193,1.6966245770785002
128,400,153632.49697878637,125078.80246001596,1.228285640389771
2048,600,69810.88306363206,51282.51062023954,1.3613000264476127
4096,100,22656.454190491233,22656.454190491233,1.0
256,900,204488.09993573168,184098.91857787647,1.1107512282818233
2048,500,37506.97273737619,37441.44378906292,1.0017501715126813
1024,500,44652.09121738147,44576.14394763512,1.0017037649069773
128,200,37251.52134901414,27723.977542298137,1.3436571751719228
8192,200,67151.768032449,67151.768032449,1.0
2048,800,102269.12004533056,101845.3758611526,1.0041606619897565
512,800,69250.83754136838,52828.81053104514,1.3108536203114538
512,800,86196.37163005803,76577.73322810722,1.1256062042643535
1024,600,67356.25682170689,48408.82573041455,1.3914044764648763
128,200,40697.676013112374,24735.736732623263,1.6452987211590653
2048,600,30797.630388298625,30580.976963775065,1.0070845815285823
8192,500,28471.969333819892,19560.487282935454,1.4555858922113256
512,300,41942.68451055718,33160.64237859692,1.2648332933872388
512,600,74868.70128519184,44462.8864987731,1.6838470729348116
4096,300,77306.4040908596,77306.4040908596,1.0
2048,200,10040.691196847953,10040.691196847953,1.0
512,800,73803.37822326925,50772.066671360866,1.4536217070103965
128,500,190062.60542795915,173629.6110728368,1.094643962245753
4096,600,79716.44372053785,72740.10717064606,1.0959077023838515
8192,400,48786.97977664097,45126.38541333707,1.0811187142461007
256,100,24335.279336488777,22363.056566867846,1.0881911094632248
2048,1000,44719.304684180206,28109.406843986402,1.5909017551449063
2048,500,106470.18029386172,62891.775190494496,1.692911036003857
2048,1000,100630.40879092847,75796.72432283711,1.327635325800077
1024,600,20084.206856546967,18779.00655706,1.06950316011239
1024,800,112661.24038374289,112592.55358879731,1.0006100474032806
128,200,42006.47976170042,22186.36413155776,1.8933467202023717
512,100,12506.156799285585,12506.156799285585,1.0
4096,900,86401.24997715002,85663.51049156082,1.0086120622579653
8192,900,115414.78727487197,114082.80036744605,1.011675615457683
8192,300,34502.74586232038,24597.69281353905,1.40268219966262
4096,1000,109432.70018654816,97058.77161015228,1.127489029287298
128,200,49928.26066125765,34129.72158000343,1.4628968051855005
4096,200,39531.928160618925,38939.460754354994,1.0152150901626873
8192,600,104029.86993284992,85848.15788843864,1.2117891925886024
4096,800,60651.406572646556,60650.662845165505,1.000012262479026
2048,500,50741.374041776086,35523.310698868714,1.4283965385971755
128,300,78600.69129588573,42868.394179046576,1.8335347708056804
128,100,28257.60533147518,17899.559780833548,1.578675994128794
128,400,88171.11857698121,47063.4505065966,1.8734520658365836
4096,1000,38995.164916746064,30918.141407431434,1.2612389730313236
2048,800,50763.481713515124,50763.481713515124,1.0
2048,100,21949.84902967429,21949.84902967429,1.0
128,900,171804.1778150762,102028.33792508653,1.6838868623070389
8192,700,32134.137625257954,31684.037608755014,1.0142058920034411
1024,700,75393.74618543127,66320.27242801076,1.1368129747547338
512,700,76430.41452907198,61346.24441089266,1.245885795667403
8192,1000,544585.7100480688,544585.7100480688,1.0
8192,1000,52364.64992354454,52314.885183268474,1.0009512539328287
1024,100,32343.442268045947,31319.451246236975,1.0326950499150909
8192,1000,121905.96704247322,120557.43492411824,1.0111858063271153
4096,900,31646.707325536405,31640.39833817212,1.0001993965846085
8192,600,122634.8967329771,122634.8967329771,1.0
8192,1000,49557.77241888677,49557.77241888677,1.0
2048,100,23289.9839332401,23097.256435111492,1.0083441727665814
512,800,57856.83545141061,38336.594525084816,1.5091803580402297
2048,200,37950.128291932946,37946.30536557415,1.00010074568056
2048,600,47605.58454761916,33916.34753113008,1.4036176656087285
1024,100,30820.38022540123,29554.958545859663,1.0428158840953217
256,700,98314.59574316956,47523.960799855195,2.068737413474786
128,1000,218697.39818714117,111804.66682439692,1.9560668118678135
1024,800,47519.05473401701,40421.19798120487,1.1755973871955137
1024,800,37443.603449521914,34904.751507598776,1.0727365711619643
1024,1000,61094.75902036755,55735.236402641,1.0961603998412859
8192,600,60304.7350232043,60144.36411673883,1.0026664328207744
4096,200,16397.45685213153,15726.677746397436,1.0426523081702843
1024,700,145426.33597248254,132452.11299022113,1.0979540657325664
8192,800,120712.62684671115,107232.14310089932,1.1257130871023202
128,1000,215640.21548180236,109237.63657662571,1.974046878344348
2048,1000,80418.51297313276,56446.32882143322,1.4246898718167313
1024,1000,97016.26607971908,70250.77350904822,1.3809992578547694
2048,900,94752.4758923049,82690.26725018611,1.1458721690380271
512,600,51242.409904196735,28950.864730709705,1.7699785612911663
1024,700,29490.52346617955,29025.881672657724,1.016007844266778
1024,100,17425.717395281823,17402.954696611207,1.0013079789649195
4096,100,17809.6328420409,17809.6328420409,1.0
128,700,142739.40503901217,83214.36890509089,1.7153216075196318
128,300,59845.26869372642,34512.68583773153,1.7340078652557274
2048,1000,71261.86842529876,71261.14520805598,1.0000101488299222
256,500,60891.32675548334,35523.310698868714,1.714123080240449
128,500,97739.17442772519,56026.380959696515,1.7445205767981953
2048,400,32987.968960595186,30788.555312709123,1.0714360782942671
128,900,177083.65176774721,103152.02937065497,1.716724846308497
128,300,51042.57014240941,30815.59640870832,1.6563875469236433
4096,200,29262.956466577773,28939.495392742734,1.0111771497548694
128,500,105213.83267956713,62386.64500506909,1.686480057887681
256,200,40971.21433529171,34123.56738045935,1.200672071547643
1024,300,20452.854428810824,20366.163083435094,1.0042566361184764
2048,200,61372.60518345501,61372.60518345501,1.0
4096,500,114981.83515243819,114521.14245494771,1.0040227742023418
8192,100,14996.978704083662,12056.98525864028,1.2438415061788786
4096,700,57520.205103725944,42452.09110493904,1.354943975822991
<<<<<<< HEAD
1024,500,38418.527343778,38397.17028659358,1.0005562143518651
2048,1000,91555.735586726,90612.693267471,1.0104073975206909
8192,1000,162392.86932151654,162392.86932151654,1.0
2048,1000,60647.34008512231,60543.78817954,1.0017103638324585
8192,400,32120.436929723935,30165.425795839306,1.0648096647836571
128,700,130450.75174312029,75809.96321061933,1.7207599927293853
128,1000,354424.7884007914,288023.0601366038,1.230543096905833
2048,900,53787.3827941448,42076.23356110103,1.2783316908828692
4096,200,26168.682166838385,18050.62303154285,1.4497384451001776
2048,300,48198.78486748399,45111.95494347674,1.0684259843732091
128,100,26571.435012309197,14446.766271911083,1.8392652384756971
128,1000,230058.13619953112,110076.46947736123,2.0899846923855585
4096,300,20570.96909448887,20570.96909448887,1.0
256,200,30131.16026454375,27723.977542298137,1.0868267447761781
4096,400,66926.42590403692,66926.42590403692,1.0
2048,200,32540.902931029297,32540.902931029297,1.0
256,1000,204019.0784466336,194547.19755313522,1.0486868020337912
4096,600,57412.70684815128,57412.70684815128,1.0
256,500,116634.32982295324,73196.94614990943,1.593431638310194
256,400,64357.48328938012,45126.42140747785,1.4261596927496563
512,500,116399.60108690018,114523.64185050332,1.0163805412234943
2048,900,61682.37094568467,52757.84825268096,1.1691600963378979
8192,300,84396.74424018276,84396.74424018276,1.0
512,900,151383.32570920172,149649.57060028278,1.0115854332355543
2048,600,36846.39227088495,32874.997452313044,1.120802893576878
256,700,85624.08453304393,51196.085489777375,1.6724732704444951
128,300,55932.91664577143,27253.416999670506,2.052326746640528
128,300,63024.77851327475,33300.695014947356,1.8925964904031414
1024,700,49889.29534416455,49201.53957608187,1.0139783383611234
256,800,82258.32262609802,57826.93902776309,1.422491385660328
1024,1000,38518.95490547754,30928.88515915138,1.2454039228142169
4096,900,49111.589339488986,42308.40617125458,1.1607997980518743
512,600,36525.58106002413,21988.935751463338,1.6610890801112737
2048,700,110869.71525319183,110859.18311471,1.0000950046553285
256,400,66884.69965826976,53259.20525974124,1.2558336034508586
2048,500,66624.56129320196,66624.56129320196,1.0
128,800,161552.1143457001,92351.37447544445,1.749320086066024
512,200,29683.78647239306,23117.237029627373,1.2840542507026211
128,900,168611.1514341248,94518.05570423097,1.7839041459099456
512,300,33659.342058969814,32331.936268961428,1.041055561255782
8192,400,34318.891360832946,33618.972390895855,1.0208191660886885
8192,500,31854.501985315517,30238.042864909574,1.053457795784852
128,400,88416.38352383274,48720.51320368562,1.8147670808431509
512,400,187483.92139056305,186703.3320474569,1.004180907402915
8192,700,21794.620132194807,21733.392272247234,1.0028172251796035
8192,400,35053.10290940029,26546.468859735378,1.3204431479987695
1024,600,38350.09438409886,29865.350306368007,1.2840999348975226
512,700,42544.378490551375,29025.881672657724,1.4657394035554148
4096,400,39070.146996790514,36227.84755042349,1.0784562053379239
8192,300,30746.90512885161,27248.226586824265,1.1284002293095696
512,200,20465.23765028976,20330.555626091365,1.0066246110866517
2048,500,150425.0517802286,150425.0517802286,1.0
128,400,82379.83570721395,42797.12681057494,1.9248917356493738
2048,400,19188.485158188585,17742.443550288524,1.0815018294296077
4096,400,27724.391935842763,27155.933418576842,1.0209331238408859
8192,800,48600.44480731025,48235.14390825591,1.0075733349059588
1024,900,86454.31497669916,85663.51049156082,1.0092315208727787
512,700,97031.43595907878,80357.08323268619,1.2075032101166423
256,1000,150040.88570579994,95719.83817352499,1.5675004112919566
256,700,81964.17418620927,66354.8129063725,1.2352408302599207
256,500,114260.3077131581,63127.950965255164,1.8099796677393432
8192,700,95854.95894721552,73742.01759573007,1.2998689495141489
128,500,93399.61908654751,55659.95529531376,1.6780397790655646
2048,900,47144.29704189259,47139.992713958745,1.000091309473889
128,200,52541.62278622181,42776.4318576044,1.2282843730660868
4096,400,66503.6244481076,66503.6244481076,1.0
2048,400,25810.603068699493,23700.07824770922,1.0890513861992952
2048,100,9524.264709323983,9516.14337669928,1.000853426887681
256,300,32097.963036095924,16760.521743464207,1.9150933083937305
1024,800,36505.94050935977,35597.83621265971,1.0255100981777399
128,900,205264.78823152694,110304.68081578685,1.860889190861512
1024,900,75470.74917351198,75449.13454700036,1.0002864794492528
2048,400,23344.740664976227,19252.6280861351,1.2125482588939682
8192,900,33316.42726078831,33158.57017036733,1.0047606724177163
256,500,93031.63188192711,84910.77897470127,1.0956398351927192
512,100,11402.746570194064,9011.915100790524,1.2652967147009426
2048,400,32419.695046198565,32352.598258555856,1.0020739226910458
128,700,266924.31922391505,237800.98990500558,1.1224693359373457
2048,400,78360.88806338026,50876.400696790595,1.5402207504888108
4096,1000,281398.91676139703,281398.91676139703,1.0
4096,800,120712.62684671115,107232.14310089932,1.1257130871023202
128,1000,220876.03354085973,163336.4654407616,1.3522763146908332
128,1000,203801.46637220352,115948.15552755489,1.7576947683636972
128,600,106219.34504688349,64016.28039679616,1.659255183033088
1024,400,21137.157190294278,18307.43976342798,1.1545665294236886
512,600,110538.50946351283,90097.16084726775,1.2268811627804472
128,700,207298.87115939494,142838.5537233773,1.4512809445050263
256,1000,334368.80010716856,320464.419199229,1.0433882205790073
4096,700,112106.62893233435,107260.20847207752,1.0451837687926784
8192,700,40110.43789865372,40106.49652901174,1.0000982725987828
512,400,59601.67436518469,52638.32287426997,1.132286727818953
256,400,73277.9810685247,60987.569802147,1.2015232170465175
8192,600,154139.23729344973,127907.92965534359,1.2050796045936178
8192,900,183126.6918346876,183126.6918346876,1.0
4096,800,46262.82037363858,36672.2149998591,1.2615223916476364
512,500,87246.44470189427,62600.06932840837,1.3937116306403385
8192,800,148024.03103293112,148024.03103293112,1.0
2048,200,13346.32097606308,13337.35876144625,1.0006719632257877
1024,200,30137.858671141505,26688.32812098575,1.1292524033172127
8192,500,48021.98700860474,41189.47869015632,1.165879941570644
256,500,75788.98084629762,64106.45222511053,1.1822363929946358
1024,100,7348.806094934624,7152.901243328333,1.0273881666951596
1024,300,24081.141901795643,24078.953359370287,1.0000908902639036
512,900,267705.63017583825,229800.42209317343,1.1649483831987741
256,100,27217.929411841833,25440.224664257337,1.0698777141729456
128,700,152652.7492064334,92417.89181801837,1.6517661916268822
128,1000,230727.71602979768,155765.44053451647,1.4812510094539881
2048,700,26390.31881582028,26067.12107591305,1.0123986741368947
2048,800,106112.60688901419,82940.54724397566,1.2793815620347455
8192,1000,172594.03018481666,111577.13934558528,1.546858354651352
2048,700,27245.986176230916,25871.051952994367,1.0531456635677086
256,1000,116272.191973506,58569.061920395274,1.9852151999896892
4096,700,66582.97055012165,60285.399819468286,1.1044626186358917
128,200,45641.592579703516,21601.854967306153,2.112855245476876
8192,800,78175.44132986665,48425.21287150835,1.6143541079994355
2048,1000,60864.88749038176,60202.342442558154,1.0110053034639934
1024,700,58819.20200402292,58796.06304945136,1.000393545985419
512,900,72976.83500914638,63466.880684134354,1.1498412120227197
128,300,62671.81773356444,34119.012930735975,1.8368590516024803
4096,900,68817.41819972453,68817.41819972453,1.0
4096,200,28779.18209724736,23681.10697554874,1.2152802707644745
256,900,265480.32861708675,253651.7844619295,1.0466330019331387
1024,500,68164.6243570432,62373.284305942194,1.0928496890222161
256,900,164987.4095798545,132038.8394742635,1.249536956222742
1024,700,117318.60223101435,116488.33981442524,1.0071274293883128
128,700,136115.91967311772,78479.10754470208,1.734422369617104
1024,900,52582.41801600683,52575.017380802,1.0001407633430004
256,300,37699.163184092766,21515.230474413613,1.752208196371656
1024,700,127878.73918230736,85672.54241504308,1.4926455498751883
1024,800,93528.25850824757,83711.93042021694,1.1172631910261135
256,300,31602.917679271235,22793.463249481996,1.3864903868871021
1024,800,58080.442716124,53281.95779009162,1.0900583447953693
2048,700,20999.999016384692,20241.050244316226,1.0374955233502068
1024,200,24337.522142430917,21228.428234486382,1.146458978196685
8192,900,51151.844025608865,51151.844025608865,1.0
256,300,82066.97545062045,80517.55870716526,1.0192432156207105
512,100,14387.224685398212,12228.569679313945,1.1765255514498874
2048,700,39708.389026205616,37075.37110490693,1.0710179788584828
1024,800,87156.35290278732,62102.16000225037,1.4034351284984141
128,700,151180.60394136162,91940.15576527944,1.6443370438410103
128,100,35931.79053789066,31016.524467410036,1.1584724966733535
1024,900,262672.7586368464,255315.3157889041,1.028817083789934
2048,300,25123.235001816538,24009.73900443229,1.0463768472109878
2048,900,115416.01685966806,114082.80036744605,1.011686393460959
512,800,70806.58266311344,48658.058952929256,1.4551871609101832
512,400,30342.566519370885,28824.379087289086,1.0526702562259627
1024,500,27733.80697651725,27319.151569382047,1.0151781949041174
2048,400,71974.06743874023,61717.64616532399,1.1661829624211884
512,800,79958.56992111051,64362.85987349461,1.2423091527982024
2048,300,18912.14658946582,18573.116360380285,1.0182538149499105
512,400,48946.17465990515,46346.74140253926,1.0560866455483637
1024,1000,319278.8366645242,318823.5863822797,1.0014279065341756
1024,700,91800.30847769992,82072.46511123,1.118527490959192
2048,200,16319.454371522042,16319.454371522042,1.0
128,600,145003.85825406614,102083.55250788486,1.4204429086935053
256,200,48935.41081112678,44503.178337827754,1.099593616430124
256,300,40737.94401653972,25925.04840988032,1.5713738841472729
8192,400,62641.756947637405,43214.48493372207,1.449554635296727
2048,900,53313.881896303166,53309.00486140186,1.0000914861366101
2048,800,53111.296666779046,50851.16746299596,1.0444459648921092
8192,1000,38516.01364679092,38513.66294334092,1.0000610355720634
4096,100,14384.95796845455,12228.569679313945,1.1763401890564837
128,800,158020.24993924162,89210.20923574897,1.7713247316980687
256,400,42364.20332522511,26808.94972573375,1.580226146813949
256,500,53866.909175921,29868.4267369777,1.8034732679519643
8192,300,62461.85801432151,60345.735579996704,1.035066644129635
8192,300,80360.55407407164,80360.55407407164,1.0
4096,800,112759.44110463203,77768.99443358157,1.4499279812719448
256,400,30576.874271772158,16466.24380733385,1.8569428844575724
8192,900,72933.47013669772,72933.47013669772,1.0
128,300,56800.506620260385,32718.346740617188,1.7360445217651275
1024,500,78264.42522879061,57888.8463754861,1.3519776283179286
256,200,40494.05887239017,39820.04492620314,1.016926498888591
1024,200,24111.589855230275,24000.475759263372,1.0046296622234256
128,200,39181.18976705332,25552.63257851312,1.5333523716847979
8192,400,76270.46612357127,43737.033632128354,1.7438417695420594
512,600,55929.39246060189,53722.666447453994,1.0410762562447695
2048,900,104446.75234042227,81048.18639186893,1.2886994390648174
2048,900,140197.73271256403,113578.57949298169,1.2343677244284184
1024,500,39048.18168653472,36276.16196639806,1.076414360557336
256,1000,206827.76002190157,178404.20743107868,1.1593210888919394
256,600,70942.99289295773,37319.166647534046,1.900980093231676
8192,600,44245.02565111483,44245.02565111483,1.0
8192,700,112840.09344125881,112840.09344125881,1.0
512,200,17814.771385982793,17465.341889253814,1.0200070229912863
128,300,52113.9264383206,29869.66446699064,1.7447108083826113
256,800,81073.32472186322,44884.135805066064,1.8062801760062512
2048,700,26314.50117542097,18573.466244444164,1.4167792284486673
1024,700,57742.474851640094,35819.1385364328,1.6120564930088521
8192,300,23670.10054418794,21519.631696399152,1.0999305600638427
2048,1000,52859.18943377664,52314.885183268474,1.0104043858378235
512,700,51640.1104738995,26960.090062369884,1.9154279660948639
8192,800,47410.138589706905,40421.19798120487,1.172902856856241
512,800,48428.95710599096,45863.92468154658,1.0559270154539657
1024,600,57367.646126766514,57234.00896316298,1.0023349257901808
256,200,27135.102007664784,21352.04078691819,1.2708434888476663
8192,700,72502.0685654886,61816.893419918626,1.1728520240088125
256,800,118092.28153184339,101772.97572271765,1.160350089925522
1024,100,25440.224664257337,25440.224664257337,1.0
1024,300,25438.85105993972,24009.73900443229,1.059522182029701
8192,800,52807.69621151402,44366.085532812314,1.1902717036520711
4096,200,97563.39295797232,97563.39295797232,1.0
2048,700,46204.480429228686,36017.436572769824,1.282836448837132
1024,200,27228.436432759067,25552.63257851312,1.0655824345729101
128,600,117932.23886129064,68959.49422032459,1.7101668188646924
512,600,105069.98390755437,85860.7325228005,1.2237256871719888
2048,900,147582.43789985505,119327.18954102685,1.2367880150995556
512,900,106547.91538364597,101546.8599937516,1.049248744768692
8192,1000,125673.09932425611,109603.29142325721,1.1466179317456973
256,300,39352.140298265,24009.73900443229,1.6390074165737682
512,400,34839.855114733524,33618.972390895855,1.036315289760858
8192,800,99630.49994718055,77475.65594337959,1.2859587793615075
128,800,177947.87507123995,92675.16199414137,1.9201247803860246
128,100,73451.77528782366,72967.22941615328,1.006640595724238
4096,1000,180084.44376155233,177234.74373613778,1.0160786760278622
512,300,39183.034082664075,22146.00515886802,1.7693048385737344
4096,500,84889.56492633495,84889.56492633495,1.0
512,1000,322563.61443932494,318872.8660565887,1.0115743569792521
4096,400,24909.9154516148,24898.237602795067,1.0004690231094278
512,200,21276.166607005896,18786.158172106803,1.1325448456298102
4096,600,86765.25402755744,86765.25402755744,1.0
2048,900,39115.60701052,38773.95122637488,1.008811477121597
4096,700,86849.19399913022,83768.6586116748,1.0367743191607715
256,400,112370.18916956741,108365.40803212737,1.0369562687038723
2048,400,23938.997580080417,22105.08631748286,1.0829633160557768
2048,100,17348.259410847008,17347.873752067557,1.0000222308961295
128,1000,209670.13253290107,115440.97043804495,1.8162540711265691
256,600,57143.968550062964,32190.559785344685,1.7751778450301678
2048,500,27340.28280014741,27319.151569382047,1.0007734951325884
512,400,74613.8981070267,60333.80288876994,1.2366848190322635
1024,1000,172866.60136134073,111577.13934558528,1.5493012491199027
4096,800,67864.85909306852,62454.88761199475,1.086622067350174
4096,300,30387.96483767547,25368.022265529136,1.1978846643858236
2048,300,23676.543403638483,21519.631696399152,1.1002299545674958
512,400,25472.34436408445,18378.334353517806,1.3859985281641574
256,200,25261.601028524496,12441.910416424595,2.030363519992605
8192,400,28831.305514617612,28824.379087289086,1.0002402975379816
4096,1000,96207.63447012102,93286.52965676959,1.0313132541654093
512,100,10311.127735009972,9574.086555025397,1.0769829242454159
4096,200,22703.64482373528,16584.68314295091,1.3689525828164615
512,200,48480.902007313016,48339.89611714323,1.0029169671740312
512,1000,152787.80809139344,101940.34443496184,1.4987962708804894
8192,500,82266.25824208425,79358.12801462926,1.036645650549102
128,700,137752.16850061086,80381.02878996897,1.7137398037110148
8192,600,57066.6499738179,46448.9967564828,1.2285873529841786
1024,800,93003.7363600122,75114.39828637919,1.2381612378152667
1024,100,33641.93709583374,33641.93709583374,1.0
2048,1000,139683.85404271272,121618.88196705427,1.1485375608086261
1024,300,86293.2309751685,86170.66124077488,1.0014224067986566
2048,300,42011.1271584949,31364.460634147326,1.339450011544476
8192,400,78467.90727403564,78467.90727403564,1.0
256,500,101363.56964956243,83700.23600340706,1.2110308702765948
128,200,52123.11507076096,36595.856922978,1.4242900550317112
1024,500,147661.2036975097,147480.7458449727,1.0012236027930501
256,600,73518.64991975226,42749.93105715173,1.7197372744640527
4096,400,77180.08129136279,31325.655831794265,2.4637977798705224
128,500,106112.57351216348,60599.398399554455,1.7510499495807479
256,100,20432.016725804147,17055.23313554162,1.1979910543248806
256,200,27144.86203478709,15726.677746397436,1.7260391846590266
8192,900,68186.15135445092,42142.405953476984,1.6179937953643386
256,500,105902.97280481267,75650.02876185662,1.3999065768790537
4096,900,38612.79990361184,36333.36856705928,1.0627365814525425
1024,1000,34779.981266098395,23682.09487621599,1.4686192859157934
2048,600,170029.76887403624,160778.42770955205,1.0575409356608265
1024,900,93293.78730193278,85706.05508068645,1.088532043787373
1024,400,20750.20005928712,20429.860901844946,1.0156799480418022
128,200,36619.34116233108,28980.424713004046,1.2635888371193993
2048,400,35679.915029422824,32093.024154301882,1.1117654371827137
2048,800,52807.69621151402,44366.085532812314,1.1902717036520711
128,900,286308.6887468653,164211.80971601093,1.7435328752664598
8192,600,103020.0017173615,97724.37299561259,1.0541894366719209
128,700,126223.15215202059,76932.73817319293,1.6406949128453459
1024,600,39588.435453367885,39588.435453367885,1.0
2048,300,46527.39313765369,42876.67356603513,1.085144654843525
8192,900,104439.39514295681,81048.18639186893,1.2886086634683114
4096,900,93130.9914327715,85706.05508068645,1.086632576252576
4096,800,43165.33225984579,39511.64899287421,1.0924710398098167
128,700,113910.735766275,68977.11224126474,1.6514280181496095
128,400,86321.57712945766,49027.35786518295,1.7606818088551208
2048,200,45587.1976776367,44311.444499564175,1.0287906023484537
1024,600,54830.80393960295,54360.02424755477,1.0086604025396357
128,300,57538.68711940137,31753.51478726137,1.8120415174475204
128,900,162638.30877685847,100393.00888181973,1.6200162799016458
1024,600,37437.25737815628,32874.997452313044,1.1387759780806384
256,300,42653.96262948004,22337.66806533914,1.90950830251011
4096,200,17447.445451633095,17444.605877280243,1.0001627766412626
1024,800,64721.217363173,57706.6904436543,1.121554829528264
4096,100,20007.909292777418,18096.624174953435,1.1056155611867815
128,400,90635.58796032151,50363.62225938312,1.7996240916415702
256,400,65192.71191844916,58595.613062953016,1.112586907289603
128,700,173223.5491256541,86538.92833380034,2.0016835482118687
1024,500,86291.19792520386,62598.35627795712,1.3784898367305811
4096,800,76714.89423435816,75591.86163784155,1.014856527834928
2048,100,14391.017829983024,12228.569679313945,1.1768357385514279
8192,200,30131.327300548455,26688.32812098575,1.1290076757133163
128,100,16801.372780474245,12506.156799285585,1.3434481152062658
512,800,53132.43751161203,44366.085532812314,1.1975912878839916
1024,700,124840.58362875774,117219.7735553616,1.0650130079785296
4096,100,20722.565533660163,20722.565533660163,1.0
512,300,87979.72807329634,86191.01916507911,1.0207528455463715
4096,200,16319.454371522042,16319.454371522042,1.0
1024,400,23344.740664976227,19252.6280861351,1.2125482588939682
1024,400,38403.24205739369,32569.65752594252,1.1791110184933502
4096,700,170514.54536366955,170514.54536366955,1.0
8192,1000,28013.398797356174,28003.028411344018,1.0003703308749263
128,400,76907.43223729057,42723.60226027847,1.8001158181550136
128,300,61397.729953599686,33207.329205691334,1.8489210491242054
256,600,118314.92488762335,94961.903825476,1.2459198912551952
256,400,40868.270648612146,26944.926090923545,1.5167334477261272
8192,400,20429.860901844946,20429.860901844946,1.0
8192,300,25080.65034537924,25080.65034537924,1.0
4096,400,48940.921402939224,38819.630796565834,1.26072609137923
8192,200,53640.79281597229,53640.79281597229,1.0
256,200,24620.535601564665,18620.644394921266,1.3222171628109634
8192,500,44987.9302988407,43236.65246550346,1.040504473252977
512,1000,137707.53229752992,94799.91351609524,1.4526124253705124
1024,100,18092.401074936137,16761.07212005239,1.079429820798336
128,500,107142.71128559891,62235.40719591476,1.721571628001366
4096,200,17740.67758730927,17740.67758730927,1.0
8192,900,162745.06075010714,162744.67958603505,1.0000023420985131
512,600,110263.21083518608,94912.1411777341,1.1617397886820962
2048,700,137019.5894164135,101971.47650017287,1.3437050645842246
128,200,36461.64685441505,22407.83808966297,1.627182716535036
2048,300,25036.135448268113,21245.29525451237,1.1784319845096336
128,500,125620.34155418984,76617.57157086262,1.6395761308880064
4096,900,235023.16966618467,212427.5200802827,1.1063687491025758
4096,900,65344.052303682205,60097.90469262115,1.0872933530360698
512,300,52719.2037544162,42586.891465992514,1.237920917438052
128,500,99717.82124078945,59301.683299989054,1.6815344133883607
256,800,121082.59616167474,112709.77703380244,1.0742865379403708
4096,500,33769.16917919737,25362.56656300998,1.3314570942693156
8192,400,56781.930622412154,56772.7824606574,1.0001611363994902
1024,800,117532.50360256716,101772.97572271765,1.1548498289249853
512,1000,66221.30214922813,31152.82778783593,2.1256915295209633
128,900,166905.25620891713,92800.87521868643,1.798531057122067
128,100,26739.529610520414,13798.527712172872,1.937853818051267
2048,200,14764.441624399278,14764.440789441054,1.0000000565519709
512,300,38094.87988723751,24597.69281353905,1.5487176043709816
4096,900,104439.39514295681,81048.18639186893,1.2886086634683114
8192,300,73079.30981278289,71342.42663188108,1.024345726139425
2048,300,20747.758773181948,19887.38962467144,1.0432620451828012
2048,600,27179.27522460582,26424.606119149255,1.0285593322395703
512,100,21977.798289269267,21561.33909716274,1.0193150893935585
256,400,36396.920322799764,20821.733470226685,1.7480254645870037
128,1000,192229.73876709564,108573.46405908014,1.7705038743398112
8192,600,25077.076429215762,22032.708212275476,1.138174943706835
2048,1000,59636.90857070617,55734.051128954416,1.0700264445647694
8192,900,253619.1459229753,253619.1459229753,1.0
256,1000,125218.03152518408,71828.30656007184,1.7432964456771796
8192,100,17253.430595013517,16761.07212005239,1.0293751182164586
128,1000,194868.60882360532,112758.77583353377,1.7281901775103574
8192,200,29139.89239002461,18668.090115124316,1.560946631943691
2048,500,177215.37734444547,168416.85806467704,1.0522425093359093
1024,700,208711.00501167154,185588.29528429307,1.1245914225999976
2048,100,20721.11432278907,16561.60268801602,1.2511539319671565
128,1000,200209.26751580925,105648.99440198131,1.8950418662201158
1024,200,27032.302713702175,27032.28717728225,1.0000005747356788
4096,600,93830.21843648735,63281.703420590464,1.482738506782311
512,300,41365.31774935704,34690.24422950583,1.1924193290681337
256,300,43716.570285831374,22146.00515886802,1.974016079749975
8192,700,137018.5543906216,101971.47650017287,1.3436949144341293
128,200,40766.654905581054,22557.733121605976,1.8072141684544725
128,500,97046.02392201012,56208.21260609286,1.7265452755473412
1024,300,19570.6047724499,19555.262961639615,1.000784536154813
8192,1000,154192.8048722063,154192.8048722063,1.0
1024,100,12134.666439218261,11936.420001605858,1.0166085340148665
512,1000,66725.78500922794,40844.58099378827,1.6336508634860456
8192,600,24532.292908671807,20442.695272351662,1.2000517828904511
2048,900,240354.51235418237,236191.38873228242,1.0176260601381144
128,600,107862.85439283405,61581.31829191577,1.751551564413229
2048,100,9191.142194178701,9169.349964976815,1.0023766383969555
8192,500,30666.80462561862,20558.185404494525,1.491707756410938
8192,100,25440.224664257337,25440.224664257337,1.0
4096,500,56265.69165701632,30807.185918026305,1.8263820592614854
1024,600,34838.898438456905,20442.695272351662,1.7042223627711077
2048,900,40715.8183261679,38891.783213405324,1.0469002694670442
512,900,102700.30703476412,91856.52223014132,1.1180513320268572
512,900,99974.61981511897,96310.49967324318,1.0380448669076292
1024,600,45433.76644004859,37315.749872411354,1.2175493349428608
512,100,15328.798043578407,15312.764243852314,1.0010470872189212
256,600,122384.55924626501,82210.52420515442,1.488672653891091
128,800,170411.93429789512,88007.77202189426,1.9363282399138642
256,1000,154176.8900678343,117216.61555814055,1.3153160013510294
128,300,55542.90469664027,34152.10038414554,1.6263393487337312
8192,1000,82404.30443125752,81704.81311790232,1.0085612008235771
8192,300,69759.15177939474,69759.15177939474,1.0
1024,300,23857.16328230221,21519.631696399152,1.1086232152520619
8192,800,202129.88973115865,178142.21764117235,1.134654617011135
512,100,17540.418342160567,17402.954696611207,1.0078988682063355
2048,100,18595.337664656734,18595.337664656734,1.0
1024,600,57157.200538124474,46448.9967564828,1.2305368152035954
256,300,83905.93194939021,81301.47690523788,1.0320345354511578
128,1000,189032.35181101094,108467.36333138205,1.7427578767033571
2048,900,109079.15272347725,81142.94619253738,1.3442838575845195
2048,200,58667.68283716659,58164.57654757025,1.0086497026104002
512,100,17496.767150383967,16761.07212005239,1.0438930770694206
1024,300,73217.64907300082,71342.42663188108,1.0262848143755423
128,400,112379.9563823155,93117.14843824577,1.2068663856995643
2048,1000,58678.77445364055,45809.33523320091,1.2809348608733433
1024,500,35952.032939997516,31663.06987732136,1.1354563243328506
4096,1000,318823.5863822797,318823.5863822797,1.0
128,600,102326.10049130232,55871.60268351879,1.8314509621447972
=======
1024,500,38398.45918320154,38397.17028659358,1.0000335674894358
2048,1000,91091.2814490328,90612.693267471,1.0052816902831605
8192,1000,162392.86932151654,162392.86932151654,1.0
2048,1000,60612.870805622486,60543.78817954,1.0011410357389203
8192,400,32120.436929723935,30165.425795839306,1.0648096647836571
128,700,126805.13116954638,75809.96321061933,1.6726710553499349
128,1000,354604.12774452055,288023.0601366038,1.231165753104417
2048,900,53686.287172371114,42076.23356110103,1.275929013332682
4096,200,26168.682166838385,18050.62303154285,1.4497384451001776
2048,300,48198.78486748399,45111.95494347674,1.0684259843732091
128,100,31266.2368211611,14446.766271911083,2.164237742390295
128,1000,223357.5346902829,110076.46947736123,2.029112450197356
4096,300,20580.806521145125,20570.96909448887,1.0004782189215815
256,200,27795.16575346834,27723.977542298137,1.002567748839848
4096,400,66926.42590403692,66926.42590403692,1.0
2048,200,32540.902931029297,32540.902931029297,1.0
256,1000,199734.08742102148,194547.19755313522,1.0266613445638024
4096,600,57412.70684815128,57412.70684815128,1.0
256,500,115685.80784461448,73196.94614990943,1.5804731471677336
256,400,58992.03757906636,45126.42140747785,1.307261593964791
512,500,116824.8532098962,114523.64185050332,1.0200937668607921
2048,900,61672.66649060858,52757.84825268096,1.1689761529930214
8192,300,84396.74424018276,84396.74424018276,1.0
512,900,152313.2180154534,149649.57060028278,1.0177992319288724
2048,600,36826.50427140645,32874.997452313044,1.1201979353709541
256,700,88648.9811774438,51196.085489777375,1.7315578003545773
128,300,52903.43506844246,27253.416999670506,1.9411670495880227
128,300,64821.38543822164,33300.695014947356,1.946547524282178
1024,700,49841.74663813482,49201.53957608187,1.0130119314876922
256,800,87880.69108964823,57826.93902776309,1.51971888132374
1024,1000,40301.9594333727,30928.88515915138,1.3030524451815868
4096,900,49090.21236638138,42308.40617125458,1.1602945326674712
512,600,38268.99226623305,21988.935751463338,1.7403749184944657
2048,700,110875.9963855661,110859.18311471,1.0001516633118133
256,400,67899.95000852153,53259.20525974124,1.2748960424283173
2048,500,66626.55339887012,66624.56129320196,1.000029900469579
128,800,154955.5736943143,92351.37447544445,1.6778913640913473
512,200,29681.86676071296,23117.237029627373,1.2839712082664665
128,900,164391.87581626317,94518.05570423097,1.7392642558230744
512,300,32922.38669338579,32331.936268961428,1.0182621424065839
8192,400,34318.891360832946,33618.972390895855,1.0208191660886885
8192,500,31854.501985315517,30238.042864909574,1.053457795784852
128,400,89733.178919845,48720.51320368562,1.8417946162573846
512,400,187020.31653134536,186703.3320474569,1.001697797679411
8192,700,21761.210486264696,21733.392272247234,1.0012799757013995
8192,400,35053.10290940029,26546.468859735378,1.3204431479987695
1024,600,38367.87049822558,29865.350306368007,1.2846951435237186
512,700,42781.98332814741,29025.881672657724,1.4739253680775488
4096,400,39061.461442675914,36227.84755042349,1.0782164573346091
8192,300,30746.90512885161,27248.226586824265,1.1284002293095696
512,200,20529.500381012258,20330.555626091365,1.0097855050584832
2048,500,150425.0517802286,150425.0517802286,1.0
128,400,74588.32681977851,42797.12681057494,1.7428349138930543
2048,400,19294.987872188784,17742.443550288524,1.087504537776873
4096,400,27724.391935842763,27155.933418576842,1.0209331238408859
8192,800,48600.44480731025,48235.14390825591,1.0075733349059588
1024,900,86425.87216906865,85663.51049156082,1.0088994914302856
512,700,96433.07612398095,80357.08323268619,1.200056948865905
256,1000,142902.1542454428,95719.83817352499,1.492920976176158
256,700,84781.14250390771,66354.8129063725,1.27769394246556
256,500,118995.71208450179,63127.950965255164,1.8849924679163996
8192,700,95854.95894721552,73742.01759573007,1.2998689495141489
128,500,91401.31105257789,55659.95529531376,1.6421377014701508
2048,900,47162.86565124685,47139.992713958745,1.0004852130000719
128,200,51532.3143529153,42776.4318576044,1.204689407579804
4096,400,66503.6244481076,66503.6244481076,1.0
2048,400,25810.603068699493,23700.07824770922,1.0890513861992952
2048,100,9529.096885363851,9516.14337669928,1.001361214112882
256,300,32629.708395184407,16760.521743464207,1.9468193708175234
1024,800,36547.68528244823,35597.83621265971,1.0266827754393317
128,900,209485.51098859718,110304.68081578685,1.8991534125233198
1024,900,75449.13454700036,75449.13454700036,1.0
2048,400,23344.740664976227,19252.6280861351,1.2125482588939682
8192,900,33314.868764375235,33158.57017036733,1.004713671102368
256,500,90610.79708661372,84910.77897470127,1.0671294997023963
512,100,11390.982588831312,9011.915100790524,1.2639913338544542
2048,400,32764.06365146009,32352.598258555856,1.0127181560385314
128,700,268554.3669295746,237800.98990500558,1.1293240075949813
2048,400,78360.88806338026,50876.400696790595,1.5402207504888108
4096,1000,281398.91676139703,281398.91676139703,1.0
4096,800,120712.62684671115,107232.14310089932,1.1257130871023202
128,1000,221160.5524671988,163336.4654407616,1.3540182338977373
128,1000,207114.4860633095,115948.15552755489,1.7862680533463862
128,600,106109.69628005664,64016.28039679616,1.6575423567622205
1024,400,21105.804584160156,18307.43976342798,1.1528539684900316
512,600,110935.8527770215,90097.16084726775,1.2312913274268364
128,700,204568.4317887694,142838.5537233773,1.432165381518346
256,1000,335465.5192835471,320464.419199229,1.0468105012150886
4096,700,112106.62893233435,107260.20847207752,1.0451837687926784
8192,700,40107.80730027708,40106.49652901174,1.0000326822679313
512,400,58807.91355574651,52638.32287426997,1.1172072046484651
256,400,74293.16416556927,60987.569802147,1.2181689548638788
8192,600,154139.23729344973,127907.92965534359,1.2050796045936178
8192,900,183126.6918346876,183126.6918346876,1.0
4096,800,46253.403930430475,36672.2149998591,1.2612656184146005
512,500,86468.08302674114,62600.06932840837,1.3812777518363113
8192,800,148024.03103293112,148024.03103293112,1.0
2048,200,13337.35876144625,13337.35876144625,1.0
1024,200,30132.053851021465,26688.32812098575,1.1290348992422579
8192,500,48021.98700860474,41189.47869015632,1.165879941570644
256,500,69862.64596511715,64106.45222511053,1.0897911760862022
1024,100,7348.806094934624,7152.901243328333,1.0273881666951596
1024,300,24078.953359370287,24078.953359370287,1.0
512,900,267305.05087705463,229800.42209317343,1.1632052214798578
256,100,28313.801509363977,25440.224664257337,1.1129540671527134
128,700,158355.94030454045,92417.89181801837,1.7134770896566414
128,1000,245007.16607312596,155765.44053451647,1.5729237835579721
2048,700,26153.816773301474,26067.12107591305,1.0033258639163085
2048,800,106112.60688901419,82940.54724397566,1.2793815620347455
8192,1000,172594.03018481666,111577.13934558528,1.546858354651352
2048,700,27380.618431819756,25871.051952994367,1.058349636557808
256,1000,118255.66134518626,58569.061920395274,2.0190806795900986
4096,700,66582.97055012165,60285.399819468286,1.1044626186358917
128,200,41566.438525689555,21601.854967306153,1.9242069067031178
8192,800,78175.44132986665,48425.21287150835,1.6143541079994355
2048,1000,60205.59566266582,60202.342442558154,1.0000540380984473
1024,700,58797.43150254856,58796.06304945136,1.0000232745702047
512,900,73347.51091752938,63466.880684134354,1.1556816740776896
128,300,62547.647517250654,34119.012930735975,1.8332197254424338
4096,900,68817.41819972453,68817.41819972453,1.0
4096,200,28779.18209724736,23681.10697554874,1.2152802707644745
256,900,261550.39611874896,253651.7844619295,1.0311395863962667
1024,500,68164.6243570432,62373.284305942194,1.0928496890222161
256,900,162665.3344905031,132038.8394742635,1.2319506528396076
1024,700,117281.37643684271,116488.33981442524,1.0068078626897836
128,700,134461.21723399137,78479.10754470208,1.713337746067023
1024,900,52581.2054432743,52575.017380802,1.000117699675256
256,300,38263.729614516655,21515.230474413613,1.7784485116262514
1024,700,127878.73918230736,85672.54241504308,1.4926455498751883
1024,800,93517.53255236243,83711.93042021694,1.1171350616683111
256,300,32501.382799119052,22793.463249481996,1.4259080528211385
1024,800,57223.68873390975,53281.95779009162,1.0739787182623222
2048,700,20252.840195349487,20241.050244316226,1.000582477237641
1024,200,24337.522142430917,21228.428234486382,1.146458978196685
8192,900,51151.844025608865,51151.844025608865,1.0
256,300,81654.13935894186,80517.55870716526,1.0141159353316989
512,100,14505.462189120308,12228.569679313945,1.1861945075766296
2048,700,39812.68866730229,37075.37110490693,1.0738311574724353
1024,800,87156.35290278732,62102.16000225037,1.4034351284984141
128,700,150584.2719401819,91940.15576527944,1.6378509551867542
128,100,35914.81260525635,31016.524467410036,1.1579251132083832
1024,900,262672.2043697724,255315.3157889041,1.0288149128779687
2048,300,25152.547753009178,24009.73900443229,1.0475977164252357
2048,900,115414.78727487197,114082.80036744605,1.011675615457683
512,800,68972.05866830403,48658.058952929256,1.4174847939377544
512,400,30508.423580843493,28824.379087289086,1.0584243111865344
1024,500,28291.626763232332,27319.151569382047,1.0355968299886804
2048,400,71974.06743874023,61717.64616532399,1.1661829624211884
512,800,79736.09043598839,64362.85987349461,1.2388525089268858
2048,300,18908.50631716676,18573.116360380285,1.018057818100032
512,400,48946.17465990515,46346.74140253926,1.0560866455483637
1024,1000,319278.8366645242,318823.5863822797,1.0014279065341756
1024,700,92100.96905029754,82072.46511123,1.1221908459247112
2048,200,16319.454371522042,16319.454371522042,1.0
128,600,148008.62078958628,102083.55250788486,1.4498772540087121
256,200,50069.56418908549,44503.178337827754,1.1250783889861256
256,300,42563.22411298281,25925.04840988032,1.6417799280467882
8192,400,62641.756947637405,43214.48493372207,1.449554635296727
2048,900,53500.788912002296,53309.00486140186,1.0035975920221931
2048,800,53108.91143375127,50851.16746299596,1.0443990587315082
8192,1000,38520.805650208684,38513.66294334092,1.0001854590376997
4096,100,14384.95796845455,12228.569679313945,1.1763401890564837
128,800,170980.3480435497,89210.20923574897,1.916600684028361
256,400,48460.10154021104,26808.94972573375,1.8076091020341047
256,500,54699.8378776826,29868.4267369777,1.8313598623513412
8192,300,62461.85801432151,60345.735579996704,1.035066644129635
8192,300,80360.55407407164,80360.55407407164,1.0
4096,800,112759.44110463203,77768.99443358157,1.4499279812719448
256,400,29922.996434309145,16466.24380733385,1.8172326842981539
8192,900,72933.47013669772,72933.47013669772,1.0
128,300,58481.67000735325,32718.346740617188,1.787427417130248
1024,500,78191.86823824486,57888.8463754861,1.3507242436836049
256,200,39878.26963838536,39820.04492620314,1.0014621960444827
1024,200,24033.253306346538,24000.475759263372,1.0013657040557005
128,200,37876.289750335134,25552.63257851312,1.4822852257573187
8192,400,76270.46612357127,43737.033632128354,1.7438417695420594
512,600,56061.80468591569,53722.666447453994,1.0435409929019366
2048,900,104441.05296955963,81048.18639186893,1.2886291182949599
2048,900,140197.73271256403,113578.57949298169,1.2343677244284184
1024,500,42239.44376949938,36276.16196639806,1.164385686904392
256,1000,209300.3536800946,178404.20743107868,1.1731805919484928
256,600,67581.62059194372,37319.166647534046,1.81090915641894
8192,600,44245.02565111483,44245.02565111483,1.0
8192,700,112840.09344125881,112840.09344125881,1.0
512,200,17491.634016013766,17465.341889253814,1.0015053886105791
128,300,48186.1610740974,29869.66446699064,1.6132140060477933
256,800,82648.99829280225,44884.135805066064,1.8413855321120758
2048,700,26773.606228911372,18573.466244444164,1.4414975576742493
1024,700,57461.4401825963,35819.1385364328,1.6042105569945635
8192,300,23670.10054418794,21519.631696399152,1.0999305600638427
2048,1000,52736.81406944785,52314.885183268474,1.0080651784802983
512,700,52149.823696122236,26960.090062369884,1.9343341797255884
8192,800,47410.138589706905,40421.19798120487,1.172902856856241
512,800,48973.446605887904,45863.92468154658,1.0677988625250041
1024,600,57859.49160182281,57234.00896316298,1.0109285134833452
256,200,28939.11369670914,21352.04078691819,1.3553324473995638
8192,700,72502.0685654886,61816.893419918626,1.1728520240088125
256,800,121308.87223559419,101772.97572271765,1.1919556382639578
1024,100,25440.224664257337,25440.224664257337,1.0
1024,300,25273.25583787724,24009.73900443229,1.052625179857711
8192,800,52807.69621151402,44366.085532812314,1.1902717036520711
4096,200,97563.39295797232,97563.39295797232,1.0
2048,700,46071.52688823039,36017.436572769824,1.279145082830846
1024,200,27181.922847732327,25552.63257851312,1.0637621295658302
128,600,112886.98604866028,68959.49422032459,1.6370042635171886
512,600,105193.94400703514,85860.7325228005,1.225169421645694
2048,900,147582.43789985505,119327.18954102685,1.2367880150995556
512,900,106903.48615525378,101546.8599937516,1.052750288505541
8192,1000,125673.09932425611,109603.29142325721,1.1466179317456973
256,300,44885.4227172394,24009.73900443229,1.8694673319419832
512,400,36985.17651101539,33618.972390895855,1.1001281086459118
8192,800,99630.49994718055,77475.65594337959,1.2859587793615075
128,800,176144.54854803125,92675.16199414137,1.9006662061099666
128,100,81545.58121545482,72967.22941615328,1.1175644445861677
4096,1000,180084.44376155233,177234.74373613778,1.0160786760278622
512,300,36621.561231709005,22146.00515886802,1.6536418631260217
4096,500,84889.56492633495,84889.56492633495,1.0
512,1000,322426.59012664674,318872.8660565887,1.011144642421307
4096,400,24929.94193927857,24898.237602795067,1.0012733566523577
512,200,19381.226822782497,18786.158172106803,1.0316759097429105
4096,600,86765.25402755744,86765.25402755744,1.0
2048,900,39026.006187682666,38773.95122637488,1.006500626150691
4096,700,86849.19399913022,83768.6586116748,1.0367743191607715
256,400,113206.04686436632,108365.40803212737,1.0446695944780076
2048,400,23939.7728419524,22105.08631748286,1.0829983877067466
2048,100,17347.873752067557,17347.873752067557,1.0
128,1000,207175.25628836255,115440.97043804495,1.794642365723612
256,600,61645.719262513434,32190.559785344685,1.915024767310158
2048,500,27325.40044037406,27319.151569382047,1.0002287359099034
512,400,75439.61587724143,60333.80288876994,1.2503706424128482
1024,1000,172864.88267665013,111577.13934558528,1.5492858455641145
4096,800,67864.85909306852,62454.88761199475,1.086622067350174
4096,300,30387.96483767547,25368.022265529136,1.1978846643858236
2048,300,23670.10054418794,21519.631696399152,1.0999305600638427
512,400,27914.354400001073,18378.334353517806,1.5188729219445272
256,200,23169.23684373524,12441.910416424595,1.8621928681586937
8192,400,28824.379087289086,28824.379087289086,1.0
4096,1000,96205.86423048834,93286.52965676959,1.031294277796161
512,100,11051.97247239063,9574.086555025397,1.15436312476092
4096,200,22703.64482373528,16584.68314295091,1.3689525828164615
512,200,48484.90558846653,48339.89611714323,1.0029997886419095
512,1000,152676.33818754888,101940.34443496184,1.4977027891538734
8192,500,82266.25824208425,79358.12801462926,1.036645650549102
128,700,140456.64461560824,80381.02878996897,1.747385505386021
8192,600,57066.6499738179,46448.9967564828,1.2285873529841786
1024,800,92977.16261568354,75114.39828637919,1.2378074608439416
1024,100,33641.93709583374,33641.93709583374,1.0
2048,1000,139684.78285440724,121618.88196705427,1.148545197876814
1024,300,86343.3719703741,86170.66124077488,1.0020042869244863
2048,300,42007.74784846237,31364.460634147326,1.3393422682591076
8192,400,78467.90727403564,78467.90727403564,1.0
256,500,100596.31833082503,83700.23600340706,1.2018642137010247
128,200,51846.49016621981,36595.856922978,1.416731141870493
1024,500,147545.75007123462,147480.7458449727,1.0004407641545985
256,600,73557.99250928008,42749.93105715173,1.720657570440091
4096,400,77180.08129136279,31325.655831794265,2.4637977798705224
128,500,112555.38076066584,60599.398399554455,1.8573679563375562
256,100,23407.499792546423,17055.23313554162,1.372452642923258
256,200,25710.528412550026,15726.677746397436,1.6348353305859291
8192,900,68186.15135445092,42142.405953476984,1.6179937953643386
256,500,103753.39298366923,75650.02876185662,1.3714917850233859
4096,900,38611.781354489096,36333.36856705928,1.0627085480176335
1024,1000,35065.21983473451,23682.09487621599,1.4806637680499555
2048,600,170029.76887403624,160778.42770955205,1.0575409356608265
1024,900,93872.60767191862,85706.05508068645,1.0952855966074266
1024,400,20659.343344454348,20429.860901844946,1.0112326972617165
128,200,36835.14294324552,28980.424713004046,1.2710353042796132
2048,400,35675.19695860989,32093.024154301882,1.1116184248354122
2048,800,52807.69621151402,44366.085532812314,1.1902717036520711
128,900,280580.9507061013,164211.80971601093,1.7086526918577902
8192,600,103020.0017173615,97724.37299561259,1.0541894366719209
128,700,128539.40407403592,76932.73817319293,1.670802406443207
1024,600,39598.931927207545,39588.435453367885,1.0002651399005658
2048,300,46527.39313765369,42876.67356603513,1.085144654843525
8192,900,104439.39514295681,81048.18639186893,1.2886086634683114
4096,900,93130.9914327715,85706.05508068645,1.086632576252576
4096,800,43163.80041598471,39511.64899287421,1.092432270386112
128,700,118266.98351936879,68977.11224126474,1.7145829924816274
128,400,91693.82729573055,49027.35786518295,1.8702583881406227
2048,200,45587.1976776367,44311.444499564175,1.0287906023484537
1024,600,54850.654317241075,54360.02424755477,1.0090255675282995
128,300,58495.19909575413,31753.51478726137,1.842164544229314
128,900,167929.63691971236,100393.00888181973,1.67272242151239
1024,600,37227.89817915708,32874.997452313044,1.132407636933148
256,300,41840.97926981904,22337.66806533914,1.873113126555173
4096,200,17447.445451633095,17444.605877280243,1.0001627766412626
1024,800,64477.81275376651,57706.6904436543,1.1173368678407167
4096,100,20007.909292777418,18096.624174953435,1.1056155611867815
128,400,92314.81057598916,50363.62225938312,1.8329660662719751
256,400,62782.832034295236,58595.613062953016,1.0714595982952448
128,700,174185.3183408436,86538.92833380034,2.012797265861338
1024,500,86291.19792520386,62598.35627795712,1.3784898367305811
4096,800,76714.89423435816,75591.86163784155,1.014856527834928
2048,100,14384.95796845455,12228.569679313945,1.1763401890564837
8192,200,30131.327300548455,26688.32812098575,1.1290076757133163
128,100,13154.931642052801,12506.156799285585,1.0518764359970505
512,800,61770.7590986284,44366.085532812314,1.3922968041195323
1024,700,124765.45827862904,117219.7735553616,1.0643721148267165
4096,100,20722.565533660163,20722.565533660163,1.0
512,300,87620.16359370369,86191.01916507911,1.0165811292460458
4096,200,16319.454371522042,16319.454371522042,1.0
1024,400,23606.772185281974,19252.6280861351,1.2261584278087487
1024,400,38393.82684696541,32569.65752594252,1.1788219392968378
4096,700,170514.54536366955,170514.54536366955,1.0
8192,1000,28004.964200347815,28003.028411344018,1.000069127844866
128,400,73739.78089848561,42723.60226027847,1.725972928248232
128,300,57404.901256382436,33207.329205691334,1.7286816684596222
256,600,118297.20777249963,94961.903825476,1.2457333204893406
256,400,39117.405915331095,26944.926090923545,1.4517540624655072
8192,400,20432.628006554474,20429.860901844946,1.0001354441287105
8192,300,25080.65034537924,25080.65034537924,1.0
4096,400,48940.921402939224,38819.630796565834,1.26072609137923
8192,200,53640.79281597229,53640.79281597229,1.0
256,200,21961.828707602996,18620.644394921266,1.1794344084887325
8192,500,44987.9302988407,43236.65246550346,1.040504473252977
512,1000,136453.24220779596,94799.91351609524,1.4393815051806853
1024,100,17275.71953662079,16761.07212005239,1.030704922267633
128,500,107609.59831474931,62235.40719591476,1.7290735798674584
4096,200,17740.67758730927,17740.67758730927,1.0
8192,900,162744.67958603505,162744.67958603505,1.0
512,600,110656.91803292086,94912.1411777341,1.1658879112810534
2048,700,137018.5792487457,101971.47650017287,1.343695158209398
128,200,36331.63379530705,22407.83808966297,1.6213805923592113
2048,300,25037.04811568131,21245.29525451237,1.1784749430753896
128,500,123816.73902416792,76617.57157086262,1.61603580595936
4096,900,235023.16966618467,212427.5200802827,1.1063687491025758
4096,900,65344.052303682205,60097.90469262115,1.0872933530360698
512,300,52982.55341679264,42586.891465992514,1.244104737231209
128,500,104784.84284479481,59301.683299989054,1.7669792325239806
256,800,120915.70448632551,112709.77703380244,1.0728058174586048
4096,500,33756.07160130445,25362.56656300998,1.3309406805278128
8192,400,56781.930622412154,56772.7824606574,1.0001611363994902
1024,800,117553.31280539809,101772.97572271765,1.1550542958051484
512,1000,69800.65857440249,31152.82778783593,2.2405882075866375
128,900,159354.46689826818,92800.87521868643,1.717165560375884
128,100,25409.898631014625,13798.527712172872,1.8414934666253095
2048,200,14764.441624399278,14764.440789441054,1.0000000565519709
512,300,37778.97081684483,24597.69281353905,1.5358745677176089
4096,900,104439.39514295681,81048.18639186893,1.2886086634683114
8192,300,73079.30981278289,71342.42663188108,1.024345726139425
2048,300,20784.731163066037,19887.38962467144,1.0451211323019183
2048,600,27166.086728299044,26424.606119149255,1.0280602331707966
512,100,21977.798289269267,21561.33909716274,1.0193150893935585
256,400,37058.8087436284,20821.733470226685,1.7798138083276953
128,1000,191703.4182943265,108573.46405908014,1.7656562766571697
8192,600,25083.753589739186,22032.708212275476,1.138478000437723
2048,1000,59630.83885759825,55734.051128954416,1.0699175396316996
8192,900,253619.1459229753,253619.1459229753,1.0
256,1000,123322.1309330846,71828.30656007184,1.7169015509219496
8192,100,17253.430595013517,16761.07212005239,1.0293751182164586
128,1000,194468.84658116417,112758.77583353377,1.7246448903299492
8192,200,29139.89239002461,18668.090115124316,1.560946631943691
2048,500,177215.37734444547,168416.85806467704,1.0522425093359093
1024,700,208686.6731063657,185588.29528429307,1.1244603157041204
2048,100,20721.11432278907,16561.60268801602,1.2511539319671565
128,1000,205226.93643368996,105648.99440198131,1.942535635056089
1024,200,27032.302713702175,27032.28717728225,1.0000005747356788
4096,600,93830.21843648735,63281.703420590464,1.482738506782311
512,300,41762.41413790753,34690.24422950583,1.2038662472830461
256,300,49769.75668244328,22146.00515886802,2.24734692895679
8192,700,137018.5543906216,101971.47650017287,1.3436949144341293
128,200,39824.997653977865,22557.733121605976,1.7654698474924844
128,500,95172.23838487982,56208.21260609286,1.6932087674064082
1024,300,19588.92520365678,19555.262961639615,1.0017213904043734
8192,1000,154192.8048722063,154192.8048722063,1.0
1024,100,11984.430973876775,11936.420001605858,1.004022225446529
512,1000,67544.90841471101,40844.58099378827,1.653705504409101
8192,600,24530.264854670164,20442.695272351662,1.199952576109025
2048,900,240354.51235418237,236191.38873228242,1.0176260601381144
128,600,104677.46354076915,61581.31829191577,1.6998249866065458
2048,100,9183.505880242818,9169.349964976815,1.0015438297502084
8192,500,30666.80462561862,20558.185404494525,1.491707756410938
8192,100,25440.224664257337,25440.224664257337,1.0
4096,500,56265.69165701632,30807.185918026305,1.8263820592614854
1024,600,28745.346018444216,20442.695272351662,1.4061426654107456
2048,900,40365.50307097523,38891.783213405324,1.0378928332877764
512,900,103807.33088046128,91856.52223014132,1.1301029949770782
512,900,102455.49320647473,96310.49967324318,1.0638039835124928
1024,600,45433.76644004859,37315.749872411354,1.2175493349428608
512,100,15325.01627141876,15312.764243852314,1.0008001186050628
256,600,119078.47402392537,82210.52420515442,1.448457787798164
128,800,163203.91165392892,88007.77202189426,1.8544261251532155
256,1000,151856.89340812629,117216.61555814055,1.295523613994842
128,300,56523.31389323699,34152.10038414554,1.6550464907709412
8192,1000,82404.30443125752,81704.81311790232,1.0085612008235771
8192,300,69759.15177939474,69759.15177939474,1.0
1024,300,23671.472344798178,21519.631696399152,1.0999943065363469
8192,800,202129.88973115865,178142.21764117235,1.134654617011135
512,100,17413.278602517777,17402.954696611207,1.000593227189667
2048,100,18595.337664656734,18595.337664656734,1.0
1024,600,57811.41797731886,46448.9967564828,1.2446214560974393
256,300,83368.7064317473,81301.47690523788,1.025426715543174
128,1000,183969.21632209505,108467.36333138205,1.6960789925357078
2048,900,109083.1649797546,81142.94619253738,1.344333304350574
2048,200,58667.68283716659,58164.57654757025,1.0086497026104002
512,100,18647.810672356907,16761.07212005239,1.1125666985256442
1024,300,73092.00392543006,71342.42663188108,1.0245236583075117
128,400,115930.42463046902,93117.14843824577,1.2449954339758669
2048,1000,58676.89014369309,45809.33523320091,1.2808937271188832
1024,500,35838.02546682409,31663.06987732136,1.131855679366486
4096,1000,318823.5863822797,318823.5863822797,1.0
128,600,102611.41672185353,55871.60268351879,1.8365576033873505
>>>>>>> a2683253b43fac3e70a11df0799a71278281a7a7
1024,300,30746.90512885161,27248.226586824265,1.1284002293095696
2048,800,103059.5391238463,86811.4173682552,1.187165723682017
2048,600,370329.99013737525,370329.8703327854,1.0000003235077681
4096,400,32984.071483653934,30788.555312709123,1.0713094897972861
1024,100,20769.26204959299,20722.565533660163,1.0022534138380201
8192,300,148542.84856807854,148542.84856807854,1.0
<<<<<<< HEAD
256,700,70539.11864533977,36575.40564901358,1.9285942942711334
512,400,29297.94971764225,28990.714279328946,1.0105977188196555
256,200,34059.20661495207,22182.883245990513,1.535382314249351
4096,300,23670.10054418794,21519.631696399152,1.0999305600638427
1024,700,20245.19296451745,20241.050244316226,1.0002046692316466
1024,200,40391.504030824755,34123.56738045935,1.1836835105919992
512,100,13345.411910973851,13344.194099298318,1.0000912615378996
2048,200,24882.517172980835,24882.517172980835,1.0
1024,900,48380.9483031835,47268.417986599445,1.0235364406927994
8192,400,206533.6195535207,206533.6195535207,1.0
256,500,132023.79889053726,118964.10663554122,1.1097784249749023
4096,500,34433.87820574358,34433.87820574358,1.0
1024,200,25789.8571929023,25789.8571929023,1.0
128,800,239470.49381884636,205600.62385254813,1.1647362217664714
1024,400,19167.859943592302,17742.443550288524,1.0803393506234713
4096,600,102007.14592153949,102007.14592153949,1.0
256,400,49537.49577401275,30799.159109877237,1.6084041644541576
8192,800,34002.82280999917,34002.287907534934,1.000015731366833
256,900,274194.3936400647,230159.98859425177,1.1913208517030343
1024,500,33755.97079481766,25362.56656300998,1.3309367059108692
4096,700,27262.70818601884,25871.051952994367,1.053792023438127
2048,300,19296.06042391556,19296.06042391556,1.0
128,400,82792.68727507189,57575.34732942383,1.4379884988164156
128,500,99086.04383792891,58198.746717059876,1.7025460070411393
512,200,25692.943472954667,20173.677302438762,1.2735875114770816
128,300,81249.65425182805,42886.675174210075,1.89451977617252
512,700,115565.93394148878,107262.5973375693,1.0774112953631712
=======
256,700,73614.36499420855,36575.40564901358,2.012673918113985
512,400,29800.429730539727,28990.714279328946,1.0279301656181727
256,200,33244.622160397244,22182.883245990513,1.4986610077572358
4096,300,23670.10054418794,21519.631696399152,1.0999305600638427
1024,700,20556.0109306388,20241.050244316226,1.0155604913045961
1024,200,40380.10254825113,34123.56738045935,1.183349387185542
512,100,13345.989526143869,13344.194099298318,1.000134547416816
2048,200,24882.517172980835,24882.517172980835,1.0
1024,900,48268.17180214256,47268.417986599445,1.0211505664485439
8192,400,206533.6195535207,206533.6195535207,1.0
256,500,134450.5703344953,118964.10663554122,1.1301776152230392
4096,500,34436.48640949504,34433.87820574358,1.0000757452801532
1024,200,25789.8571929023,25789.8571929023,1.0
128,800,240761.29414012982,205600.62385254813,1.1710144143959313
1024,400,19113.90558492214,17742.443550288524,1.0772983738539956
4096,600,102007.14592153949,102007.14592153949,1.0
256,400,43194.35989704768,30799.159109877237,1.4024525716091816
8192,800,34002.52104938319,34002.287907534934,1.0000068566517903
256,900,274936.1984607026,230159.98859425177,1.1945438481289927
1024,500,33782.806561928744,25362.56656300998,1.3319947915365655
4096,700,27255.686995538694,25871.051952994367,1.0535206316720362
2048,300,19296.06042391556,19296.06042391556,1.0
128,400,87151.8057276309,57575.34732942383,1.5137000429885734
128,500,96228.7605658289,58198.746717059876,1.653450735522819
512,200,22122.814598245426,20173.677302438762,1.096617848426228
128,300,73918.25426810286,42886.675174210075,1.72357157480358
512,700,115216.97208835733,107262.5973375693,1.0741579539208301
>>>>>>> a2683253b43fac3e70a11df0799a71278281a7a7
4096,700,85438.44490528817,85438.44490528817,1.0
2048,400,49285.71875470693,43244.960742362484,1.1396869810642922
8192,400,126599.04493294522,123287.74065024371,1.0268583418370476
8192,500,90247.07798795842,83700.2145046859,1.0782180012562095
<<<<<<< HEAD
256,900,90161.30087809317,48142.95380320393,1.8727829049843823
512,800,80840.15765735984,72564.78502388351,1.1140411651567992
512,900,154233.3735203928,107835.44573164219,1.4302660175784487
2048,700,96411.94825041256,84599.65574644411,1.1396257750666432
256,600,84438.23114647409,54695.76403720911,1.5437800830249195
1024,200,8781.34786584037,8778.22964733385,1.0003552217966256
8192,100,27048.854495395608,26872.954657817776,1.006545608393927
512,300,33875.30271905646,25922.78608210399,1.3067770806642791
512,600,93780.80465174784,77283.67991443432,1.213461946371841
512,200,42402.834153469084,36722.781297896625,1.1546738197604274
8192,500,107204.63278326692,73187.77810821602,1.4647887332329355
2048,100,15982.980607392092,15982.980607392092,1.0
=======
256,900,96064.11533093045,48142.95380320393,1.9953930480380568
512,800,81170.1939665753,72564.78502388351,1.1185893259362576
512,900,155166.9149108358,107835.44573164219,1.4389231097257393
2048,700,96411.94825041256,84599.65574644411,1.1396257750666432
256,600,76508.36897894318,54695.76403720911,1.3987987977806675
1024,200,9152.646970614182,8778.22964733385,1.0426529423725033
8192,100,27048.854495395608,26872.954657817776,1.006545608393927
512,300,33882.45931189795,25922.78608210399,1.3070531541086543
512,600,93290.20416389062,77283.67991443432,1.2071138986546466
512,200,41956.65296271221,36722.781297896625,1.1425238361538634
8192,500,107204.63278326692,73187.77810821602,1.4647887332329355
2048,100,15985.37228043863,15982.980607392092,1.0001496387379356
>>>>>>> a2683253b43fac3e70a11df0799a71278281a7a7
8192,300,24280.001026100275,21017.690379287385,1.1552173710784057
8192,200,36645.349012206316,35921.64382160135,1.0201467726309832
8192,900,101158.61654056568,101158.61654056568,1.0
4096,1000,177645.49193167785,164826.80934945482,1.0777706165205547
<<<<<<< HEAD
256,300,36069.801777424575,17827.437375652476,2.023274630973395
2048,600,53726.70461365741,53722.666447453994,1.0000751668982657
512,500,57534.96951469706,50986.98493784023,1.128424628066156
128,200,35555.91714112622,28752.091133108686,1.2366376058186173
2048,900,49158.07961269976,42308.40617125458,1.1618986405141165
2048,200,20983.392416218016,20983.392416218016,1.0
2048,400,42692.918385157594,42692.918385157594,1.0
128,1000,209483.4475739944,119877.02488971625,1.747486207358864
1024,400,29383.57239142657,27677.385709128852,1.0616455145087986
8192,700,127778.93208582506,85672.54241504308,1.4914805663965984
512,100,26441.691149225888,26077.67380743252,1.0139589652237164
2048,700,103268.91959984694,87919.86057306842,1.1745801111004064
4096,100,12506.156799285585,12506.156799285585,1.0
256,1000,179459.8940367563,154489.75373513065,1.1616297501803028
128,600,148279.53921231712,90318.97399063353,1.6417318826905003
256,700,79096.65329138329,41935.33336202956,1.8861577326341594
512,800,112245.8747398137,101845.3758611526,1.1021204820613582
2048,900,27889.51181045818,25632.20759839876,1.0880651501980045
8192,800,36500.43718235668,35597.83621265971,1.0253555009440707
128,300,58545.02271725109,30116.443643117553,1.9439553823490796
512,500,35182.63921664059,33191.11398476165,1.0600017592899493
128,700,190388.31096124084,103514.09104961141,1.839250183532917
128,700,153139.05268981113,88156.94624075736,1.7371183919142015
512,700,158857.06151304411,156144.92700669277,1.017369341152115
4096,400,34321.86442691717,33618.972390895855,1.020907600263584
8192,100,17347.873752067557,17347.873752067557,1.0
1024,600,49448.940769198154,49110.74686009548,1.0068863523917913
128,900,178899.44568028164,102336.6893389555,1.7481457220854393
512,100,33653.61907044288,33641.93709583374,1.0003472444103283
512,1000,140805.5901365287,131821.8771527211,1.0681503948953754
4096,100,23406.310004142215,23406.310004142215,1.0
4096,700,58796.06304945136,58796.06304945136,1.0
1024,900,108413.62491055421,106758.6671591515,1.0155018584948758
512,400,201939.75223886696,199256.12813637196,1.0134682136383695
2048,200,44463.976038674446,44463.976038674446,1.0
512,400,44280.83765966703,36379.94568810993,1.217177123882825
512,700,38335.57694830971,25871.051952994367,1.481794285673516
256,500,95723.26395580775,62646.179782811574,1.5279984236496356
2048,1000,578728.0008594855,578726.0804275025,1.000003318378155
128,600,112668.70712952386,65760.98539115372,1.7133062477600927
128,200,47075.56068720503,27814.232772578187,1.6924989832405666
256,300,31782.946929912916,19556.161831988105,1.6252139455056769
512,400,35268.00265236117,27854.974889369056,1.2661294003112284
256,1000,304700.93045663316,282352.83372106106,1.0791495393938564
4096,400,38263.14078125577,32569.65752594252,1.1748094296287352
1024,900,253885.71893825862,253619.1459229753,1.0010510760704332
1024,300,77312.35315379748,77306.4040908596,1.0000769543352563
128,700,126251.15423860775,77115.47929902589,1.63717006476808
8192,100,31888.171785391976,31888.171785391976,1.0
256,700,87143.3300723653,52221.72197707259,1.668718050136774
128,1000,192147.76721896138,112135.50198644286,1.713531966372184
128,600,149810.4253498508,78385.53990888693,1.9111997636807256
2048,1000,36977.61667684626,36609.43763730977,1.0100569433265827
8192,100,9768.925659236022,9768.925659236022,1.0
4096,900,92238.21549150744,92225.73944329564,1.0001352772912109
256,200,32226.01809081387,24001.323039952378,1.3426767364936816
2048,400,66503.6244481076,66503.6244481076,1.0
512,800,78219.88670886411,48425.21287150835,1.6152719228393082
4096,500,95840.79588635585,59644.592375848035,1.6068647981097577
256,1000,121351.551538382,59696.58443065613,2.0328056068156566
256,300,51902.286722240446,42876.67356603513,1.2105017111997927
1024,400,74106.08151453895,60333.80288876994,1.2282680349382133
512,700,127747.6335039389,79385.89031895016,1.6091982213802083
1024,600,114350.55959190287,60935.422956383656,1.876585966651166
1024,800,28604.36140110727,21523.526764125163,1.328981152326033
2048,200,27032.28717728225,27032.28717728225,1.0
512,800,109645.81472017607,106838.68689460534,1.026274450830156
4096,900,155185.21938336626,117302.28488761534,1.3229513775630688
2048,100,7348.806094934624,7152.901243328333,1.0273881666951596
256,800,128066.14156837552,92708.63347505928,1.381383122239939
8192,100,15423.483362375071,15423.483362375071,1.0
256,200,39526.15746131573,38240.07191018615,1.033631881084068
128,700,243478.02585732526,188120.42398621296,1.2942668355625722
8192,600,129100.68041493383,129100.68041493383,1.0
256,100,11155.874008454266,9669.996324546642,1.1536585572567202
256,600,85514.51115594606,60144.36411673883,1.4218208540697905
256,1000,101056.76793240136,53373.921035885694,1.8933735047207105
1024,600,120192.08440809223,98570.30723941623,1.2193538579134091
128,700,148815.92247284087,81990.87854229896,1.8150302218809253
2048,700,112842.44142785326,112840.09344125881,1.0000208080880018
256,900,89131.42469242842,48180.01047654898,1.8499669014354414
8192,300,44731.78923694513,44731.78923694513,1.0
4096,800,211690.8134321658,194034.7845986657,1.0909941424679044
4096,700,127143.61860249727,79385.74559253757,1.6015925485550777
512,900,84402.74257632649,62743.09571777348,1.3452116382012913
128,400,94187.23977860509,45577.515792113525,2.0665285973068044
128,500,99111.97339693956,58953.46568758445,1.681189939233928
256,100,25216.648224791115,22657.026405086697,1.1129725399061972
128,400,91153.68497156874,65575.75754197258,1.390051573757645
256,1000,110622.6404831482,59303.79193163881,1.8653552644772886
512,300,30684.056391410388,30136.71866331647,1.0181618222676696
128,700,132107.07549344408,80281.32480017202,1.645551762159772
512,900,50539.48147888956,28000.950357785674,1.8049202199609287
128,1000,170771.95221066405,103156.1218404,1.6554708451998341
2048,1000,86210.67267578567,86205.71645145744,1.0000574929892383
256,100,73343.61491787557,72899.20165737675,1.0060962706092111
1024,700,110887.16835126615,110859.18311471,1.0002524394981984
128,400,62632.89187711458,37234.73001022396,1.6821094676909638
4096,500,36087.53642193955,32672.0883644722,1.1045371822996575
512,500,35198.97437545103,18951.21109794996,1.857346962868176
256,1000,110604.51388169767,61544.84579607809,1.7971369080714454
2048,600,38332.61620791499,29865.350306368007,1.283514702311781
512,1000,66364.29023734151,49861.11429733623,1.3309828946379352
512,600,52721.75444640184,42366.510409600676,1.2444205089512062
128,500,95289.90177673745,57751.23288601085,1.6500063637571214
1024,700,39816.0800394847,36367.46158537439,1.0948270322913387
256,700,79026.286492155,36804.73990335795,2.1471768772082775
128,600,121883.29043556907,66694.55216133053,1.8274849517054998
256,500,74645.27079491009,36276.16196639806,2.0576948262622885
2048,200,21053.7369850466,18018.92824454402,1.1684233767577987
128,500,97539.92777067854,67322.36886313646,1.4488487172662194
8192,500,25395.978823396625,25394.86628937575,1.0000438094065232
4096,300,20367.559349002328,20366.163083435094,1.0000685581059876
128,1000,213841.49488808264,118390.41659287378,1.8062399055782552
256,200,26374.256248542646,17417.097389354636,1.5142739148178985
1024,1000,127135.70074406709,126915.44900670389,1.001735421015227
1024,100,9719.306867957976,9719.306867957976,1.0
256,200,21646.83402467357,12853.18145079113,1.6841615523401159
2048,200,25292.001353067917,24576.88970803912,1.0290969139514379
8192,400,20991.88181439414,20821.733470226685,1.0081716704524506
4096,1000,121946.34297082614,119739.81211684954,1.0184277126794163
128,200,60788.78185271112,38161.73671411596,1.59292493180022
1024,1000,82494.2080747191,71753.33995595953,1.1496915422383414
256,1000,109337.23168428571,60202.342442558154,1.816162415750009
4096,1000,121905.96704247322,120557.43492411824,1.0111858063271153
1024,700,36147.90760609102,27791.12101437876,1.3006998741572378
512,600,41867.40892054287,39588.435453367885,1.0575666464480376
1024,300,48209.1339275563,45111.95494347674,1.0686553927436793
512,800,219468.94589836395,205909.12032910428,1.0658534481017015
512,300,26384.05787793645,17754.018043071766,1.486089391929644
4096,300,40149.01121804975,27038.37020234757,1.484890210378282
4096,600,109463.22251769836,94912.1411777341,1.1533110638892412
4096,900,144283.235105093,140681.77176184164,1.0256000709839526
8192,300,22793.463249481996,22793.463249481996,1.0
4096,300,84396.74424018276,84396.74424018276,1.0
4096,200,25050.604651728205,22891.533499154106,1.0943174537718883
256,1000,258782.76943405755,185455.41127141757,1.395390771614229
256,600,73381.27435180254,60947.46333963169,1.2040086712531912
1024,100,25357.935069268617,22966.616877245033,1.1041214822716385
512,600,57517.28304565675,45650.69479994113,1.2599432122056318
=======
256,300,37102.80920642426,17827.437375652476,2.081219438588341
2048,600,53764.21111510048,53722.666447453994,1.000773317305222
512,500,58034.50083382185,50986.98493784023,1.1382218600408214
128,200,36263.51244031039,28752.091133108686,1.2612478261990527
2048,900,49129.47977047019,42308.40617125458,1.1612226556492224
2048,200,20983.392416218016,20983.392416218016,1.0
2048,400,42692.918385157594,42692.918385157594,1.0
128,1000,208562.25539329438,119877.02488971625,1.739801730858488
1024,400,28052.038213481675,27677.385709128852,1.0135364123002863
8192,700,127778.93208582506,85672.54241504308,1.4914805663965984
512,100,26481.938098235638,26077.67380743252,1.015502314116986
2048,700,103376.45966096662,87919.86057306842,1.175803271151147
4096,100,12506.156799285585,12506.156799285585,1.0
256,1000,173257.59035680006,154489.75373513065,1.1214827272871861
128,600,142388.07644493802,90318.97399063353,1.5765023688123858
256,700,80633.51150603576,41935.33336202956,1.9228060215933696
512,800,116931.00951477431,101845.3758611526,1.148122912072004
2048,900,27857.130079013394,25632.20759839876,1.0868018282105996
8192,800,36500.43718235668,35597.83621265971,1.0253555009440707
128,300,57488.535028867074,30116.443643117553,1.908875287869682
512,500,37956.16267519657,33191.11398476165,1.1435639880186785
128,700,184984.30569833296,103514.09104961141,1.7870446798366335
128,700,154799.79058143418,88156.94624075736,1.7559568154581338
512,700,158722.64796687808,156144.92700669277,1.0165085155797269
4096,400,34318.891360832946,33618.972390895855,1.0208191660886885
8192,100,17347.873752067557,17347.873752067557,1.0
1024,600,49227.0266477367,49110.74686009548,1.0023677055446227
128,900,179104.66537695736,102336.6893389555,1.7501510605227224
512,100,33641.93709583374,33641.93709583374,1.0
512,1000,139010.64492133172,131821.8771527211,1.0545339508424851
4096,100,23406.310004142215,23406.310004142215,1.0
4096,700,58796.06304945136,58796.06304945136,1.0
1024,900,108992.52535441934,106758.6671591515,1.0209243732121318
512,400,201939.75223886696,199256.12813637196,1.0134682136383695
2048,200,44472.7139342469,44463.976038674446,1.0001965162891608
512,400,44378.95676914994,36379.94568810993,1.2198741897422438
512,700,44938.50025893556,25871.051952994367,1.7370186701563284
256,500,96251.05198349777,62646.179782811574,1.5364233272833419
2048,1000,578728.0008594855,578726.0804275025,1.000003318378155
128,600,125019.03149464731,65760.98539115372,1.9011125023601771
128,200,49369.67544101659,27814.232772578187,1.7749788694401711
256,300,36921.20897996343,19556.161831988105,1.887957836367013
512,400,36962.17376585605,27854.974889369056,1.3269505326304492
256,1000,302958.432073867,282352.83372106106,1.0729781886062542
4096,400,38263.14078125577,32569.65752594252,1.1748094296287352
1024,900,253726.3143108577,253619.1459229753,1.000422556378748
1024,300,77319.97535812014,77306.4040908596,1.0001755516560384
128,700,128200.48944106748,77115.47929902589,1.6624481959575512
8192,100,31888.171785391976,31888.171785391976,1.0
256,700,85335.90787792145,52221.72197707259,1.634107506362722
128,1000,191216.52615008794,112135.50198644286,1.7052273612081028
128,600,143035.64080563598,78385.53990888693,1.8247707545536644
2048,1000,36939.09312950819,36609.43763730977,1.009004658729378
8192,100,9768.925659236022,9768.925659236022,1.0
4096,900,92227.84439686881,92225.73944329564,1.0000228239273101
256,200,32111.195397728057,24001.323039952378,1.3378927213419052
2048,400,66503.6244481076,66503.6244481076,1.0
512,800,78314.51635601482,48425.21287150835,1.617226062873794
4096,500,95840.79588635585,59644.592375848035,1.6068647981097577
256,1000,109918.10788047836,59696.58443065613,1.841279680048694
256,300,50624.961393866426,42876.67356603513,1.1807110296440795
1024,400,74428.15428100078,60333.80288876994,1.2336062160413603
512,700,127829.5788281993,79385.89031895016,1.6102304617938532
1024,600,114564.06785184168,60935.422956383656,1.8800898113703801
1024,800,29209.073339491202,21523.526764125163,1.3570765451030127
2048,200,27032.28717728225,27032.28717728225,1.0
512,800,107910.34850584019,106838.68689460534,1.010030651277959
4096,900,155185.21938336626,117302.28488761534,1.3229513775630688
2048,100,7349.105327611816,7152.901243328333,1.0274300004444332
256,800,128055.47387119473,92708.63347505928,1.3812680553170331
8192,100,15423.483362375071,15423.483362375071,1.0
256,200,40148.030883829226,38240.07191018615,1.0498942307986312
128,700,249113.4340930476,188120.42398621296,1.3242232226273567
8192,600,129100.68041493383,129100.68041493383,1.0
256,100,12407.514634869922,9669.996324546642,1.2830940383476952
256,600,74734.43560782669,60144.36411673883,1.2425841839938463
256,1000,99075.60168597854,53373.921035885694,1.8562548855903906
1024,600,120192.71117462605,98570.30723941623,1.219360216486811
128,700,163389.1309778661,81990.87854229896,1.9927720483391809
2048,700,112842.44142785326,112840.09344125881,1.0000208080880018
256,900,86194.53461661012,48180.01047654898,1.7890102921120001
8192,300,44731.78923694513,44731.78923694513,1.0
4096,800,211690.8134321658,194034.7845986657,1.0909941424679044
4096,700,127143.61860249727,79385.74559253757,1.6015925485550777
512,900,84344.96976427067,62743.09571777348,1.344290854625108
128,400,79518.86881592419,45577.515792113525,1.7446951075311499
128,500,98707.44828288062,58953.46568758445,1.6743281693728878
256,100,24269.98627345395,22657.026405086697,1.0711902718180675
128,400,92936.14828363941,65575.75754197258,1.4172333155915808
256,1000,116650.02700572571,59303.79193163881,1.9669910338986683
512,300,30711.18363587677,30136.71866331647,1.0190619615552092
128,700,126628.59664949226,80281.32480017202,1.5773107502234558
512,900,52421.42949220402,28000.950357785674,1.8721303678047565
128,1000,167238.7316372852,103156.1218404,1.6212196489514397
2048,1000,86331.18290074694,86205.71645145744,1.001455430735387
256,100,73039.67377909753,72899.20165737675,1.0019269363522114
1024,700,110972.53751000282,110859.18311471,1.001022507943032
128,400,64104.69306962414,37234.73001022396,1.721637112771388
4096,500,36090.891190131995,32672.0883644722,1.1046398622433153
512,500,31093.242570034752,18951.21109794996,1.6406994998540358
256,1000,112480.340066288,61544.84579607809,1.8276159215505867
2048,600,38332.61620791499,29865.350306368007,1.283514702311781
512,1000,66365.28406036441,49861.11429733623,1.3310028264633047
512,600,53895.628544151936,42366.510409600676,1.2721281036150347
128,500,98413.90981613661,57751.23288601085,1.704100586222732
1024,700,39753.39495595218,36367.46158537439,1.093103373812031
256,700,76333.94398139414,36804.73990335795,2.0740248180487666
128,600,125678.12661027236,66694.55216133053,1.8843836945821861
256,500,81340.1293561499,36276.16196639806,2.2422473863550882
2048,200,21053.7369850466,18018.92824454402,1.1684233767577987
128,500,96688.40965730949,67322.36886313646,1.4362003490084096
8192,500,25409.999561577963,25394.86628937575,1.0005959185620341
4096,300,20366.733559132917,20366.163083435094,1.0000280109559905
128,1000,221116.23181886703,118390.41659287378,1.8676869140451744
256,200,23116.38570995068,17417.097389354636,1.327223772893379
1024,1000,127038.91083540334,126915.44900670389,1.00097278802278
1024,100,9719.306867957976,9719.306867957976,1.0
256,200,21116.543372678785,12853.18145079113,1.642904012016343
2048,200,25290.49146014774,24576.88970803912,1.0290354784753417
8192,400,20991.88181439414,20821.733470226685,1.0081716704524506
4096,1000,121946.34297082614,119739.81211684954,1.0184277126794163
128,200,55261.81012901776,38161.73671411596,1.4480947380095652
1024,1000,81182.93264004032,71753.33995595953,1.1314167771126535
256,1000,109046.74613378587,60202.342442558154,1.8113372621311608
4096,1000,121905.96704247322,120557.43492411824,1.0111858063271153
1024,700,35986.784405696344,27791.12101437876,1.294902223882126
512,600,40271.2104259969,39588.435453367885,1.017246828898638
1024,300,48214.52815465755,45111.95494347674,1.0687749669698021
512,800,218769.71471511503,205909.12032910428,1.062457623855882
512,300,26543.0543090069,17754.018043071766,1.495044910093742
4096,300,40149.01121804975,27038.37020234757,1.484890210378282
4096,600,109463.22251769836,94912.1411777341,1.1533110638892412
4096,900,144283.235105093,140681.77176184164,1.0256000709839526
8192,300,22794.45558008672,22793.463249481996,1.0000435357538195
4096,300,84396.74424018276,84396.74424018276,1.0
4096,200,25048.567274028184,22891.533499154106,1.0942284524081265
256,1000,260290.41428273197,185455.41127141757,1.4035201911784172
256,600,80318.35904763496,60947.46333963169,1.317829400053261
1024,100,25357.935069268617,22966.616877245033,1.1041214822716385
512,600,57245.26370795123,45650.69479994113,1.2539845003196983
>>>>>>> a2683253b43fac3e70a11df0799a71278281a7a7
2048,800,326585.7313649922,326585.71281524695,1.0000000567990104
4096,400,31869.395781747382,23356.891524972118,1.3644536451982099
2048,100,15423.483362375071,15423.483362375071,1.0
4096,1000,209151.8103052296,206016.54078620241,1.0152185329734318
<<<<<<< HEAD
4096,600,39588.435453367885,39588.435453367885,1.0
8192,400,62025.547349404296,51713.80244658222,1.1994002454852086
8192,100,10046.708265968835,10046.708265968835,1.0
512,500,51165.790048048635,49634.30850272633,1.0308553013333144
2048,400,65093.08835076349,65093.08835076349,1.0
2048,200,29139.908868514107,18668.090115124316,1.560947514652602
2048,600,25514.667284000363,21988.935751463338,1.1603411630461649
1024,500,20355.589193482934,18951.21109794996,1.074104925974092
512,700,50050.76354488264,45768.474478069315,1.0935641643215628
1024,800,81786.93898324296,73049.88481197703,1.1196039417961332
256,300,91586.28672947816,84846.08854279631,1.0794402936239318
128,200,42418.5293809368,27229.664207085396,1.5578058200915723
4096,400,119390.3076755318,119390.3076755318,1.0
2048,600,46478.13355686971,46223.89145421828,1.005500231474523
2048,1000,46000.23360457601,39591.47510076323,1.1618721830268262
128,900,392824.96927577513,338702.04289260175,1.159795098727335
256,800,112437.43521130821,83720.49717761383,1.3430096452099554
256,500,179624.16112804067,168436.94284215264,1.066417842173566
8192,400,24920.055807976372,24898.237602795067,1.0008762951631105
256,300,32433.815611734502,17418.244921114812,1.8620599123863195
4096,1000,149810.49391361658,101937.33712569342,1.4696331897398238
1024,300,39124.43223528884,35881.381746181236,1.0903825419000972
8192,1000,71261.14520805598,71261.14520805598,1.0
1024,700,62858.30838287287,62690.77299864583,1.0026724089720613
8192,600,57412.70684815128,57412.70684815128,1.0
512,600,80283.5364820586,57983.443607786474,1.3845941442373646
256,1000,102124.33297897996,55640.122759479964,1.8354440629191462
1024,300,51834.1312903732,51521.92639179481,1.006059651112504
1024,300,44905.51750269387,44731.78923694513,1.0038837763637958
8192,500,50705.354043764484,35523.310698868714,1.427382556586407
8192,200,8778.22964733385,8778.22964733385,1.0
256,800,90439.5717715839,46494.13725231726,1.9451822770854061
128,200,51420.6412100418,40631.50178593928,1.2655363191088387
1024,100,23614.341332466625,23406.310004142215,1.008887831028795
256,900,122509.52083733103,109178.41073047477,1.1221039033052638
512,500,33521.45782302361,27177.07231873392,1.23344624578698
512,500,92124.62788854339,83700.2145046859,1.100649842222159
4096,700,55637.18605184008,50507.556653425,1.1015616224244185
8192,900,26711.409877580183,26705.78819422772,1.0002105043038452
8192,200,25047.251795855973,22891.533499154106,1.0941709867004552
256,600,81872.77457843168,49150.780725377634,1.6657471838724824
256,700,74632.7576917696,38442.1107621229,1.9414323566567895
512,700,125991.26692186172,117219.7735553616,1.074829468616551
4096,400,71964.50192064916,61717.64616532399,1.1660279740396573
2048,300,62479.75325298015,60345.735579996704,1.0353631893367925
256,200,21543.149516829326,11203.919044831486,1.9228226686239278
256,700,112421.27515649432,91180.96638460988,1.2329467389311364
128,300,58416.167394779404,35497.12014444446,1.6456593424219494
128,1000,200470.7833500005,117138.12384079055,1.711405106867448
2048,500,147480.780579358,147480.7458449727,1.0000002355181017
2048,1000,90513.65338932845,90498.72860811553,1.0001649170263767
128,700,149736.74361545037,85497.95080545712,1.751348917778893
256,800,179560.83607296358,172736.1432098089,1.0395093507145476
1024,100,19634.81639676109,17055.23313554162,1.1512487833334768
128,600,110839.00843461211,60795.15345049714,1.8231553363026465
256,900,110994.5795302563,67774.43745665345,1.6377056556352119
256,700,68675.43306857042,41611.35817859911,1.6504011422508786
128,700,141953.53830741878,79467.31686824554,1.7863134669913865
512,400,208475.65885822006,206581.12796171213,1.0091708807827744
1024,500,105738.42777029924,96130.13367832509,1.0999509074243654
128,800,151244.4770857317,85356.69591600649,1.7719111015562357
4096,700,54060.60321471926,52975.489317583066,1.0204833199487982
1024,400,26216.913910168285,25570.574939108395,1.025276669476499
4096,800,55209.45612826473,42204.59269378442,1.308138584083423
512,600,101409.45130675861,86768.76873065204,1.1687321693079942
1024,400,165985.73904855567,165750.015347174,1.0014221639792187
1024,300,19396.184178999014,19296.06042391556,1.0051888184885327
4096,900,240351.63869457183,236191.38873228242,1.017613893481125
512,1000,61928.996183589414,41869.496402295794,1.4790957977749575
2048,500,35509.39504101954,35496.811911768345,1.0003544861798426
2048,200,17264.052041610656,17264.052041610656,1.0
1024,600,370530.02784531395,370329.8703327854,1.0005404843858494
8192,100,42240.77972062386,42240.77972062386,1.0
2048,900,64412.23897009336,52808.3450619316,1.21973598859334
2048,100,16755.433804020933,16755.433804020933,1.0
1024,600,65313.17917146696,65224.14081258479,1.0013651135572337
=======
4096,600,39589.93197247748,39588.435453367885,1.0000378019260538
8192,400,62025.547349404296,51713.80244658222,1.1994002454852086
8192,100,10046.708265968835,10046.708265968835,1.0
512,500,50897.3234159731,49634.30850272633,1.025446408972886
2048,400,65093.08835076349,65093.08835076349,1.0
2048,200,29139.908868514107,18668.090115124316,1.560947514652602
2048,600,25738.17369404645,21988.935751463338,1.1705056572523573
1024,500,20953.967205237495,18951.21109794996,1.105679584113977
512,700,51021.72130939817,45768.474478069315,1.114778718129354
1024,800,82776.7144185349,73049.88481197703,1.1331532504341895
256,300,91577.95813601563,84846.08854279631,1.079342132428695
128,200,39177.33083327781,27229.664207085396,1.4387739244718092
4096,400,119390.3076755318,119390.3076755318,1.0
2048,600,47033.57233016415,46223.89145421828,1.0175165017585721
2048,1000,46031.47977218197,39591.47510076323,1.1626613975616835
128,900,393590.79211366095,338702.04289260175,1.1620561504509843
256,800,111435.4265790902,83720.49717761383,1.3310411468613104
256,500,180962.58888005879,168436.94284215264,1.0743640072453957
8192,400,24898.237602795067,24898.237602795067,1.0
256,300,31872.43770219101,17418.244921114812,1.8298306084532363
4096,1000,149810.49391361658,101937.33712569342,1.4696331897398238
1024,300,39168.55073716578,35881.381746181236,1.0916121071991434
8192,1000,71261.74491890766,71261.14520805598,1.0000084156779956
1024,700,62858.30838287287,62690.77299864583,1.0026724089720613
8192,600,57412.70684815128,57412.70684815128,1.0
512,600,78433.92968556541,57983.443607786474,1.352695266188583
256,1000,100192.38406683298,55640.122759479964,1.8007218370085678
1024,300,51792.89336175282,51521.92639179481,1.0052592554070563
1024,300,44752.498184276265,44731.78923694513,1.0004629581710098
8192,500,50705.354043764484,35523.310698868714,1.427382556586407
8192,200,8778.22964733385,8778.22964733385,1.0
256,800,91629.1116668687,46494.13725231726,1.9707670059476567
128,200,48086.22717633444,40631.50178593928,1.1834715691698823
1024,100,23485.894227193978,23406.310004142215,1.003400118303042
256,900,128452.85895550973,109178.41073047477,1.1765408389449556
512,500,32996.136730705424,27177.07231873392,1.2141166768710498
512,500,92230.05334750292,83700.2145046859,1.1019094024226126
4096,700,55637.18605184008,50507.556653425,1.1015616224244185
8192,900,26706.181717947664,26705.78819422772,1.0000147355216435
8192,200,25047.251795855973,22891.533499154106,1.0941709867004552
256,600,86409.07581757866,49150.780725377634,1.758040758302009
256,700,73748.1157684772,38442.1107621229,1.918420042666892
512,700,125470.18294377024,117219.7735553616,1.0703841095931828
4096,400,71964.50192064916,61717.64616532399,1.1660279740396573
2048,300,62461.85801432151,60345.735579996704,1.035066644129635
256,200,20922.15935189367,11203.919044831486,1.8673965126109455
256,700,108863.58182535761,91180.96638460988,1.1939288005148003
128,300,61003.88045185549,35497.12014444446,1.7185585817559066
128,1000,196473.826730549,117138.12384079055,1.677283366750763
2048,500,147480.780579358,147480.7458449727,1.0000002355181017
2048,1000,90518.17622041047,90498.72860811553,1.0002148937625317
128,700,155678.74407716963,85497.95080545712,1.8208476648920227
256,800,182170.11859133502,172736.1432098089,1.054614947434987
1024,100,19655.595167594733,17055.23313554162,1.1524671056318887
128,600,110563.42079056989,60795.15345049714,1.8186222834456185
256,900,103207.78574658823,67774.43745665345,1.5228128719267777
256,700,64729.302249864704,41611.35817859911,1.5555681208972227
128,700,141232.42431582106,79467.31686824554,1.7772391202030922
512,400,208475.65885822006,206581.12796171213,1.0091708807827744
1024,500,105782.08509905556,96130.13367832509,1.1004050556408074
128,800,144858.41877252603,85356.69591600649,1.6970949638804083
4096,700,54060.60321471926,52975.489317583066,1.0204833199487982
1024,400,25673.023815166947,25570.574939108395,1.0040065143745307
4096,800,55212.66330170428,42204.59269378442,1.3082145751837948
512,600,92589.91503909022,86768.76873065204,1.0670880363245467
1024,400,165985.73904855567,165750.015347174,1.0014221639792187
1024,300,19309.31056600937,19296.06042391556,1.0006866760262314
4096,900,240351.63869457183,236191.38873228242,1.017613893481125
512,1000,63220.49614308636,41869.496402295794,1.5099416418970792
2048,500,35519.930368596884,35496.811911768345,1.000651282624648
2048,200,17264.052041610656,17264.052041610656,1.0
1024,600,370530.02784531395,370329.8703327854,1.0005404843858494
8192,100,42240.77972062386,42240.77972062386,1.0
2048,900,63980.3258547785,52808.3450619316,1.2115571086301764
2048,100,16755.433804020933,16755.433804020933,1.0
1024,600,65312.53879833547,65224.14081258479,1.0013552955186436
>>>>>>> a2683253b43fac3e70a11df0799a71278281a7a7
8192,800,64186.63959957908,37633.65937538682,1.7055646637849533
8192,100,10684.936517822294,10684.936517822294,1.0
8192,400,33065.00032101046,33065.00032101046,1.0
4096,500,46851.32865794357,39732.50716487814,1.1791686958873357
<<<<<<< HEAD
256,100,23677.698731267683,21991.561029855697,1.0766720333823911
4096,500,177215.37734444547,168416.85806467704,1.0522425093359093
8192,700,31025.81872338453,27178.2605478337,1.141567491737712
128,700,114591.7090922599,66112.1861711238,1.733291783691019
1024,300,69844.33779141432,69759.15177939474,1.0012211446075057
8192,500,29205.108091084454,25733.754935474775,1.134894933301176
128,400,73649.00705791508,41136.22764878972,1.7903685210688474
4096,800,217796.08409256104,205904.23331794323,1.057754280147583
128,500,120739.26049898728,57987.80143842503,2.08214930561207
128,500,240162.12605930943,221529.7019201307,1.0841080179212104
4096,900,56602.833216308194,56582.92351860468,1.000351867603606
2048,200,20331.080526574435,20330.555626091365,1.0000258183048572
256,800,112492.6036230083,64365.04481652209,1.7477281953842776
4096,600,109135.86023568563,90097.16084726775,1.21131297822683
4096,400,35053.10290940029,26546.468859735378,1.3204431479987695
8192,200,14764.440789441054,14764.440789441054,1.0
128,500,112446.57523984813,87204.24932258134,1.2894621089379683
512,100,17818.309813194417,17734.942567173664,1.0047007339158267
256,300,33775.41204491527,17384.468310224045,1.9428498727827923
1024,1000,54105.08556204576,52314.885183268474,1.0342197134239306
8192,600,37431.907055873475,37431.907055873475,1.0
128,500,104206.35290837592,58407.96924960856,1.7841118985501159
4096,300,26624.53624626503,26379.630010700643,1.0092839147275774
1024,300,23000.35704477856,20808.7058656712,1.1053237617589184
512,500,39185.21516574506,25985.590155750757,1.5079594086907104
128,100,34827.60989359437,26334.026394242417,1.3225326568826163
1024,200,12985.093641101299,12852.994725313132,1.0102776760289185
128,100,43411.66845812803,37075.777084129346,1.1708903190247852
512,100,17610.14054786302,17587.547381984677,1.001284611514479
4096,700,26348.125022639444,18573.466244444164,1.4185895446694499
256,1000,227427.28773475785,209656.4276123502,1.084761818775552
8192,100,22145.94390660765,21991.561029855697,1.0070200963243292
1024,400,35499.66713743724,35230.280282919535,1.0076464578866353
1024,500,155933.8327707411,137454.56157220542,1.1344391265533116
128,600,120875.61408243941,68626.08174271135,1.761365518952674
256,1000,169052.8526591694,162325.13891493177,1.0414459139798633
8192,600,187251.6976331226,175112.73155290165,1.0693208653224267
512,300,81522.11657578655,81292.85491094316,1.0028201945311743
512,300,70295.14324495249,70018.5887807258,1.0039497291939539
2048,900,56882.09117138057,48708.8308539422,1.1677983267951273
8192,700,131022.17168535515,122288.61167366114,1.0714176070213337
128,900,190389.83062436487,109027.86800752781,1.7462492306207384
1024,600,145009.95200586529,144998.64652732457,1.0000779695453128
8192,800,75864.44768908159,72564.30205494602,1.045478913745173
2048,600,88738.50660583671,77257.17482380915,1.1486118513680006
8192,900,81218.41684920517,62739.76887384828,1.2945284674623547
8192,500,44576.14394763512,44576.14394763512,1.0
512,800,100202.58019545811,76638.84971024984,1.3074645636553286
128,300,55792.30446424942,33498.244300831684,1.6655292129105472
8192,500,194192.53228838427,194192.53228838427,1.0
8192,1000,59621.18197376989,55734.051128954416,1.0697442724165456
128,100,25430.329300776164,16571.57534387376,1.5345752454474608
2048,600,38895.40852007055,38888.55219463944,1.000176307037526
8192,500,95840.79588635585,59644.592375848035,1.6068647981097577
512,400,21457.662741746943,20821.733470226685,1.0305416104009584
1024,300,28882.789546741198,27498.558447783562,1.0503383150642651
2048,1000,146820.60205634765,146820.54879419197,1.0000003627704441
512,400,50188.78930330108,43244.960742362484,1.1605696580997578
1024,800,67151.80225517548,48658.058952929256,1.3800756483142222
8192,1000,131795.2356400754,131795.2356400754,1.0
4096,500,71233.84219990608,50105.57823296487,1.4216748855527777
2048,300,33351.02811527207,23136.448596413335,1.4414929748743817
2048,300,36044.266602456555,22146.00515886802,1.6275741987725127
128,100,26910.24098571713,17055.23313554162,1.577828973187035
1024,400,25817.74273723679,25217.910930007634,1.023785943605479
512,700,210716.97947001073,185615.93158269516,1.1352311069059964
512,200,21978.252135762643,20395.27794022972,1.0776147400477687
1024,500,66752.9942999359,66624.56129320196,1.001927712606898
8192,300,30387.96483767547,25368.022265529136,1.1978846643858236
512,200,22193.85404870459,20983.392416218016,1.0576866508749563
4096,800,64364.434011798745,57706.6904436543,1.1153721261253957
2048,200,13434.824982743814,13077.143533780867,1.0273516496962034
256,700,117610.71689874312,110869.26045606905,1.0608054605482402
128,1000,179771.50842939698,109034.07151832568,1.6487645185219213
=======
256,100,25993.037496429795,21991.561029855697,1.1819550900066487
4096,500,177215.37734444547,168416.85806467704,1.0522425093359093
8192,700,31035.367002079198,27178.2605478337,1.1419188121865635
128,700,118079.47615273486,66112.1861711238,1.7860470662261825
1024,300,69877.99214863987,69759.15177939474,1.0017035810530057
8192,500,29205.842049610423,25733.754935474775,1.1349234545382754
128,400,74123.79928546221,41136.22764878972,1.8019104697278443
4096,800,217796.08409256104,205904.23331794323,1.057754280147583
128,500,125437.40918715564,57987.80143842503,2.1631689092464166
128,500,240977.92405031002,221529.7019201307,1.0877905850168619
4096,900,56653.2106660659,56582.92351860468,1.0012421971699308
2048,200,20344.470560958212,20330.555626091365,1.0006844345586399
256,800,108157.42610659378,64365.04481652209,1.6803752163135366
4096,600,109135.86023568563,90097.16084726775,1.21131297822683
4096,400,35053.10290940029,26546.468859735378,1.3204431479987695
8192,200,14764.440789441054,14764.440789441054,1.0
128,500,113844.27788096125,87204.24932258134,1.3054900278980044
512,100,17816.409856886505,17734.942567173664,1.0045936032442322
256,300,31164.53045873602,17384.468310224045,1.7926651481430542
1024,1000,53927.27124442042,52314.885183268474,1.0308207894465116
8192,600,37431.907055873475,37431.907055873475,1.0
128,500,104303.91540699183,58407.96924960856,1.7857822613425454
4096,300,26624.53624626503,26379.630010700643,1.0092839147275774
1024,300,22645.120165159824,20808.7058656712,1.0882522109420663
512,500,41362.759338957956,25985.590155750757,1.5917575506671395
128,100,32141.17598517403,26334.026394242417,1.22051886422508
1024,200,12853.02181938754,12852.994725313132,1.0000021079970067
128,100,43411.66845812803,37075.777084129346,1.1708903190247852
512,100,17642.697673357394,17587.547381984677,1.0031357579413949
4096,700,26314.50117542097,18573.466244444164,1.4167792284486673
256,1000,230506.46959974986,209656.4276123502,1.0994486180311671
8192,100,22145.94390660765,21991.561029855697,1.0070200963243292
1024,400,35402.64557139382,35230.280282919535,1.004892532420693
1024,500,155937.94847580558,137454.56157220542,1.1344690688485501
128,600,123941.70596305837,68626.08174271135,1.8060437491933887
256,1000,178414.60386485737,162325.13891493177,1.099118750536585
8192,600,187251.6976331226,175112.73155290165,1.0693208653224267
512,300,81575.55168587441,81292.85491094316,1.0034775107263847
512,300,70352.98104404093,70018.5887807258,1.0047757641097614
2048,900,56806.58624123598,48708.8308539422,1.1662481986392903
8192,700,131022.17168535515,122288.61167366114,1.0714176070213337
128,900,191155.09988947742,109027.86800752781,1.7532682550142056
1024,600,145013.83603687715,144998.64652732457,1.000104756216119
8192,800,75864.44768908159,72564.30205494602,1.045478913745173
2048,600,88729.33441756957,77257.17482380915,1.1484931285660334
8192,900,81218.41684920517,62739.76887384828,1.2945284674623547
8192,500,44576.14394763512,44576.14394763512,1.0
512,800,99971.18151525439,76638.84971024984,1.3044452244940732
128,300,60812.00512242826,33498.244300831684,1.8153788770630714
8192,500,194192.53228838427,194192.53228838427,1.0
8192,1000,59620.96341898307,55734.051128954416,1.069740351029487
128,100,26414.442058729164,16571.57534387376,1.593960834175862
2048,600,38895.40852007055,38888.55219463944,1.000176307037526
8192,500,95840.79588635585,59644.592375848035,1.6068647981097577
512,400,21712.785418859956,20821.733470226685,1.0427943211312065
1024,300,27723.462497830587,27498.558447783562,1.0081787578237633
2048,1000,146820.60205634765,146820.54879419197,1.0000003627704441
512,400,49492.74240961971,43244.960742362484,1.1444742129488612
1024,800,67043.60222128416,48658.058952929256,1.3778519666421687
8192,1000,131795.2356400754,131795.2356400754,1.0
4096,500,71233.84219990608,50105.57823296487,1.4216748855527777
2048,300,33397.42640807707,23136.448596413335,1.4434983947041216
2048,300,36017.854109722764,22146.00515886802,1.6263815460776219
128,100,24027.334706965066,17055.23313554162,1.4087954421973976
1024,400,25864.965938165693,25217.910930007634,1.0256585491936252
512,700,210258.0062319608,185615.93158269516,1.1327584030053324
512,200,21658.609367719455,20395.27794022972,1.0619423491649413
1024,500,67806.40887120848,66624.56129320196,1.0177389172261178
8192,300,30387.96483767547,25368.022265529136,1.1978846643858236
512,200,21326.838086775566,20983.392416218016,1.0163674997705376
4096,800,64364.434011798745,57706.6904436543,1.1153721261253957
2048,200,13427.376478471993,13077.143533780867,1.0267820677953412
256,700,120335.52238819076,110869.26045606905,1.0853822050691195
128,1000,179985.12340720158,109034.07151832568,1.6507236765615134
>>>>>>> a2683253b43fac3e70a11df0799a71278281a7a7
4096,700,73696.69892425905,55459.99725740356,1.3288262273475142
4096,100,9732.32942883104,9732.32942883104,1.0
2048,100,30604.556396122767,30604.556396122767,1.0
4096,500,64104.02639356487,64104.02639356487,1.0
<<<<<<< HEAD
2048,800,88772.64563632867,86685.18505562302,1.0240809381599196
128,400,72369.4373058414,43295.9730501957,1.671505043250536
2048,400,64284.04050394998,60976.254062611086,1.0542471244288378
2048,600,145007.96428849755,144998.64652732457,1.0000642610217139
512,500,36871.29368256286,25759.53690717348,1.4313647724115333
2048,1000,96480.40423769936,83534.45135846849,1.1549774095441934
1024,900,40605.861072488246,40551.107961236245,1.0013502247905122
256,700,90234.43869126476,61540.66731447565,1.4662570724194883
512,600,39361.33770162587,27028.610176991602,1.456284190858346
256,700,138881.271299567,113100.77405254016,1.2279427127090279
128,600,122326.77031492454,72562.56792254497,1.6858109327869855
=======
2048,800,88772.532859725,86685.18505562302,1.0240796371694032
128,400,73007.71547084949,43295.9730501957,1.6862472495122613
2048,400,64284.04050394998,60976.254062611086,1.0542471244288378
2048,600,145007.96428849755,144998.64652732457,1.0000642610217139
512,500,37132.251476777325,25759.53690717348,1.441495303684469
2048,1000,96483.9182270844,83534.45135846849,1.1550194758932015
1024,900,40619.23342650359,40551.107961236245,1.0016799902318938
256,700,92922.21738776594,61540.66731447565,1.5099319107628313
512,600,41944.33721547544,27028.610176991602,1.551849574980404
256,700,139546.30210237173,113100.77405254016,1.2338226972482653
128,600,115682.3599451688,72562.56792254497,1.594242916935505
>>>>>>> a2683253b43fac3e70a11df0799a71278281a7a7
4096,100,22952.360678378518,22952.360678378518,1.0
