P,n,Paper,Min Time,Time opt,mast
4600,100,126572.6949009921,70337.79699574863,44108.13649454799,2.8695996920349875
200,300,3290101.09664058,3186201.3555993903,3140897.664247376,1.047503436387494
2300,200,216627.70066595278,229692.62548686416,175510.05349941883,1.2342751674146695
900,300,815586.4745819834,828343.9160196345,697977.258721639,1.1685000684345337
4700,300,387673.05655527546,204704.93645270553,142348.1066563424,2.7234156158549965
1300,500,949649.2216727415,1081176.3476145973,785762.9720098707,1.208569575687275
100,900,18461086.47633628,18006306.286463942,18006306.286463946,1.0252567174320595
3300,600,578087.0180092099,632840.1115044531,368523.92871028994,1.568655311019614
4100,700,690457.8327591629,536022.9571183182,347619.86578588234,1.9862438851076847
4400,700,676367.2425993751,477834.2343094475,323918.5113004813,2.0880783870111905
