P,n,Paper,Min Time,Time opt,mast
500,100,1054818.3389306592,97420.89198938399,97420.89198938399,10.82743462301293
