n,Paper,Min Time,Time opt
100,174907,174907,135265.29081264586
200,306022,306022,269116.1630651557
300,536516,536516,418787.46853357356
400,644053,644053,527021.1010989047
500,848467,848482,680996.5163027159
600,962189,962115,810754.8085519011
700,1114898,1114898,950163.5534493667
800,1288365,1288365,1089104.445171647
900,1367156,1364857,1200423.6992387213
1000,1585934,1585956,1364619.9643280825
