n,Paper,Min Time,Time opt
100,2112730.3961448367,2606355.0618229453,1079723.6792415574
200,2955686.246799811,3860223.274159215,1458821.3186898292
300,4234921.944937193,6148043.328740324,2127247.4609801252
400,4616955.841929215,6610830.998350612,2318688.3586312896
500,5459383.19382233,8732607.263446499,2731507.445667894
600,5615869.6278840685,11052837.027623735,2831535.6675103214
