n,Paper,Min Time,Time opt
100,2112735,2606403,1079723.6792415574
200,2946297,3860320,1458821.3186898292
300,4238190,6148196,2127247.4609801252
400,4618905,6611044,2318688.3586312896
500,5444054,8732862,2731507.445667894
600,5600006,11053133,2831535.6675103214
700,6499595,13539402,3236667.6044345642
800,8186071,17878353,4104226.6575616333
900,8958616,19397119,4525034.604559596
1000,10217833,20943923,5148458.703339609
