n,Paper,Min Time,Time opt
100,226160,297972,135265.29081264586
200,446502,613053,269116.1630651557
300,683389,934489,418787.46853357356
400,857747,1144187,527021.1010989047
500,1081774,1434442,680996.5163027159
600,1268812,1722182,810754.8085519011
700,1507667,2032927,950163.5534493667
800,1727523,2320910,1089104.445171647
900,1921539,2526591,1200423.6992387213
1000,2186106,2875245,1364619.9643280825
