P,n,Paper,Min Time,Time opt,mast
3200,300,264039.95881541225,354195.3015234018,196306.104015461,1.3450420206730636
2500,200,201385.0289745839,228334.28875567476,161469.24921946533,1.2472036003639675
1700,400,573485.5580651537,690519.9944126373,465017.26993420144,1.2332564727032616
2000,400,487658.2184516028,629287.8911169734,395264.67944407125,1.2337510630534467
600,800,3401581.258204904,3024210.725528112,2722753.396458766,1.2493166889917489
4900,600,372674.8516314764,347289.49562129367,248189.58464162383,1.5015732919236096
1100,1000,2307654.32775404,2337619.2410028223,1860840.5243255657,1.240113968707993
2900,900,755254.0740105364,965602.9388689895,620907.1133263429,1.21637207530844
4300,800,549946.713348892,553297.2122694833,379919.0785756418,1.4475364475264114
2400,1000,1047512.1581377694,1295336.2892814002,852885.2403158842,1.228198248277577
