P,n,Paper,Min Time,Time opt,mast
2100,100,147741.40996024807,150542.55800295912,96617.8227975813,1.529132055374224
