P,n,Paper,Min Time,Time opt,mast
500,100,230161.28046603632,740552.8133889555,155315.19647160138,1.481898009304712
