P,n,Paper,Min Time,Time opt
1500,100,0,182358.26881870133,135264.95191661385
