P,n,Paper,Min Time,Time opt
1500,100,0,186330.17872372182,135264.95191661385
