P,n,Paper,Min Time,Time opt
1500,100,0,190613.71634519854,135264.95191661385
