P,n,Paper,Min Time,Time opt
1500,100,0,179808.65193265968,135264.95191661385
