P,n,Paper,Min Time,Time opt,mast
1000,100,180866.75747609278,21977.798289269267,21561.33909716274,8.388475162003878
