p,Paper,Min Time,Time opt
500,5092535,10084099,2453098.0706650885
1000,4864764,9070662,2393337.0387256565
1500,4797247,8732862,2373416.6947458466
2000,4777121,8563947,2363456.522755941
2500,4768001,8462605,2357480.4195619975
3000,4757172,8395047,2353496.3507660357
3500,4747116,8346785,2350650.5873403484
4000,4742203,8310584,2348516.2647710824
4500,4738727,8282446,2346856.236106098
5000,4735206,8259936,2345528.213174111
