n,Paper,Min Time,Time opt
100,171997,174455,135264.95191661385
200,346911,305009,269115.4153657755
300,532827,535069,418786.3552329834
400,661124,640377,527019.572592095
500,830813,846063,680994.5757418879
600,1003123,938042,810752.6431626378
700,1176403,1108978,950160.9664814118
800,1352705,1285957,1089101.3585835064
900,1492538,1372944,1200420.4190975963
1000,1689880,1576425,1364616.3845054149
