jump,Paper,Min Time,Time opt
1,831311,860741,680994.5757418879
2,824545,830058,680994.5757418879
3,826398,849909,680994.5757418879
4,832304,821603,680994.5757418879
5,836941,775683,680994.5757418879
6,833806,817904,680994.5757418879
7,825321,815916,680994.5757418879
8,825307,772107,680994.5757418879
9,826772,798331,680994.5757418879
10,824009,768987,680994.5757418879
