P,n,Paper,Min Time,Time opt,mast
2800,700,579384.4597938289,898371.8157200677,509014.80347218487,1.138246777582156
2800,700,554947.1693142172,854579.072997396,505001.2613267292,1.098902541067464
2800,700,571611.904576988,878525.7624301186,505248.4509957545,1.1313481584168006
2800,700,551003.648400248,839401.7521326238,492146.74877996376,1.1195921740135255
2800,700,561378.322503025,888566.3115472024,514204.6127757185,1.0917411251382185
2800,700,551650.0790938974,913813.2960064635,511936.52647402737,1.077575149586215
2800,700,574803.7667201333,929243.0691896125,517520.325814166,1.1106882919349084
2800,700,517488.19578413555,809099.5446162821,469373.85126969847,1.1025075094922383
2800,700,533672.2649101202,783517.3619210399,484077.5261059247,1.1024520580477088
2800,700,568184.4561802122,811585.6813070724,491417.1555903716,1.1562161591562978
