P,n,Paper,Min Time,Time opt,mast
4500,200,134375.5301689631,124199.85882981747,89705.13845525852,1.497969151856161
