P,n,Paper,Min Time,Time opt,mast
4200,100,158858.31870755437,74863.36339982228,48308.91139879065,3.2883853953192403
1400,200,326783.3989483755,354684.76800541487,288337.9450347595,1.1333347017819015
3000,200,201912.9056605144,200250.1342129651,134557.70768288776,1.5005673709629677
2900,300,482013.3091369785,385874.7458299492,216613.6320170604,2.2252214906724586
800,600,1682482.8893639029,1759645.6325685978,1520161.205929946,1.1067792565688177
2600,400,494184.8292338375,539411.6764598978,304049.7534185163,1.6253419832694465
1800,600,881576.3170784008,1004001.6846016017,675627.2026355315,1.304826557662997
4700,600,713199.4755343323,339935.5978101945,258750.843562544,2.7563174895000535
600,900,3267277.2285125502,3276748.303414164,3001051.047743991,1.0887109804309034
3500,1000,1041011.4860512036,985196.1886649185,584835.5933594635,1.780007061593729
