P,n,Paper,Min Time,Time opt,mast
400,100,749441.5265888997,528687.1928203739,507243.5696873019,1.4774786145655912
100,300,7878553.499476334,6281795.328494754,6281795.328494752,1.2541881878479155
2300,200,263304.32640583825,243205.82266734907,175510.05349941883,1.5002236120149672
2700,300,459247.0198122967,381385.1734407427,232659.08624054634,1.9739053704418017
5000,200,168531.87479646385,107483.76085709104,80734.62460973267,2.087479512181284
4200,300,415330.83220730704,225324.68930133292,149566.55544035122,2.7768964190189265
1900,500,795100.249621171,850001.0168501956,537627.2966383325,1.4789060276380335
800,900,2394242.8853310985,2539640.100124318,2250788.2858079933,1.0637352701840668
4300,800,823393.7151124883,551132.6801090358,379919.0785756418,2.167287092292078
3900,1000,853781.8991867008,825783.1871742085,524852.4555790056,1.626708401782797
