P,n,Paper,Min Time,Time opt,mast
4500,200,137400.04351320156,119167.79038531547,89705.13845525852,1.531685317912211
