P,n,Paper,Min Time,Time opt,mast
4500,200,137191.06353296834,120641.24653042738,89705.13845525852,1.5293556856990302
