P,n,Paper,Min Time,Time opt,mast
500,100,11799.084317362649,17610.753100643804,9912.643613774626,1.190306519339263
