P,n,Paper,Min Time,Time opt,mast
5000,200,110312.27538914858,105177.57652078086,80734.62460973267,1.3663564539055315
