P,n,Paper,Min Time,Time opt,mast
5000,200,240847.65068240362,105778.22226234543,80734.62460973267,2.983201468349543
