P,n,Paper,Min Time,Time opt,mast
500,100,12411.023594518152,17454.52711353343,9912.643613774626,1.2520397260395575
