P,n,Paper,Min Time,Time opt,mast
600,100,375124.3095701943,367428.210579966,338162.37979153456,1.1093023115150937
4600,200,184639.05776298087,120808.75056975843,87755.02674970942,2.1040282773726378
1900,400,587904.4578699037,633053.7510313896,416068.08362533816,1.413000614580428
600,800,2924406.107636839,2992916.6421420253,2722753.396458766,1.0740620547715942
2900,800,1025524.63470768,972533.2901733643,563328.2889225034,1.8204742330076036
3500,900,907494.0018188766,835254.0837806562,514465.89389896987,1.7639536703614584
2500,800,1040737.6998379407,1049473.6650482293,653460.8151501039,1.5926550999066058
4800,900,887389.5408685838,488074.2142604956,375131.3809679989,2.365543342651688
3700,1000,1083646.7067316629,878887.659427324,553222.8585832763,1.9587887411353995
4800,1000,1073328.1611045133,566444.6684810515,426442.6201579421,2.5169345425815632
