P,n,Paper,Min Time,Time opt,mast
4800,100,153521.02593798575,71496.82628151077,42511.79157511906,3.611257494681481
