P,n,Algorithm Time,Optimal Time,Makespan Ratio
4096,600,19860.463881479434,18779.00655706,1.0575886334100488
256,400,58140.783088929194,43244.960742362484,1.344452211098318
8192,800,47464.83444430773,46379.37991347244,1.0234038172321485
128,1000,205811.90298878972,119404.61005167404,1.7236512300464923
2048,600,121752.6593684584,111680.57587899217,1.0901865289482344
256,900,103757.5796193049,51518.201495127876,2.0139984822474317
256,100,14736.46528785962,12924.548421892341,1.14019188963679
4096,300,20427.414199512354,17279.41691731119,1.182181916048763
256,200,30941.688045902538,22891.533499154106,1.3516651493464125
2048,400,33308.596290948444,21733.26502109654,1.5326089411147243
8192,1000,60223.37873377008,60202.342442558154,1.0003494264568193
1024,500,81145.62553280314,53664.96732667876,1.5120781689633633
256,600,96806.9488422407,58028.72573355824,1.6682590840738876
8192,900,52575.017380802,52575.017380802,1.0
8192,700,54692.88188405695,35360.41439156067,1.54672627075067
256,1000,111345.2831940207,58863.710166351215,1.8915777289497118
8192,900,149649.57060028278,149649.57060028278,1.0
2048,700,41622.6545716135,41611.35817859911,1.0002714737876592
1024,600,59223.53192926107,43965.34404781527,1.3470503464012813
4096,1000,34420.26321268378,33915.21825046568,1.01489139649606
2048,200,13863.454491340173,12441.910416424595,1.114254485632608
512,800,60800.86028451954,54149.74440156318,1.122828204573471
128,200,54507.43778326236,38939.521911435,1.3997973038096208
2048,800,88746.2064745657,71810.48771496736,1.2358390716801726
512,100,60597.50838387314,60573.79424177784,1.000391491772839
1024,100,9723.179194532015,9640.921141579869,1.008532177760212
512,900,62203.28125891545,46304.128599874144,1.3433636079501672
256,800,125625.63169749118,86969.02217444926,1.4444871122674172
1024,100,30218.149209809588,20829.72320776272,1.450722552018744
1024,700,137038.990797674,101971.47650017287,1.343895327409932
256,300,45387.3370152902,35896.699653227304,1.2643874632973295
1024,600,88090.78622012182,86765.25402755744,1.0152772236700118
8192,200,21053.7369850466,18018.92824454402,1.1684233767577987
1024,300,19090.478084180577,18573.116360380285,1.0278554074481498
4096,900,61672.66649060858,52757.84825268096,1.1689761529930214
512,900,64010.17785980358,53309.00486140186,1.2007385623915456
4096,100,60573.79424177784,60573.79424177784,1.0
8192,700,41703.97791509262,41694.171098573366,1.0002352083339436
1024,400,71127.35432542388,63377.543120814065,1.1222800825496921
256,700,74819.82685172533,38261.990551516115,1.9554609097241709
256,400,46527.24368014816,22632.151942540644,2.0558029036864576
512,500,108303.85372911932,62904.27191045394,1.7217249391789002
256,900,92979.80266216301,47728.093563071816,1.9481147416728866
8192,500,84889.56492633495,84889.56492633495,1.0
8192,300,33351.02811527207,23136.448596413335,1.4414929748743817
1024,800,67235.26853347982,66116.18200423285,1.016926060993288
4096,800,88746.2064745657,71810.48771496736,1.2358390716801726
4096,800,68753.9375513519,64362.85987349461,1.0682237813311586
8192,500,66625.75979537133,66624.56129320196,1.000017988893977
4096,700,137018.5543906216,101971.47650017287,1.3436949144341293
4096,800,43948.578664085064,43948.578664085064,1.0
4096,100,8321.239576006265,8321.239576006265,1.0
8192,600,60947.46333963169,60947.46333963169,1.0
8192,800,87137.91878214308,62102.16000225037,1.4031382930800715
512,300,51869.39512014209,51521.92639179481,1.006744094265905
256,100,18698.190695467983,17954.53769414384,1.0414186660771942
128,600,119336.12607178511,70900.57950763027,1.6831474002119013
2048,900,129752.87775540326,129752.604791726,1.0000021037240654
8192,1000,30125.962903773147,28498.849543516073,1.0570940015586443
4096,300,18484.455491539615,18481.458954016285,1.0001621374984944
256,500,76358.73644696183,66627.75825410518,1.1460499114459863
256,700,98005.31757082629,61827.216222082076,1.585148476017313
128,500,95597.98214301984,53535.80791606614,1.7856830010466846
2048,700,88656.04345035662,69714.60276884174,1.2716997577153315
128,800,157323.68052835783,89245.39881899078,1.7628211942606107
512,300,25077.677469556394,25000.830378077444,1.003073781563125
4096,200,53640.79281597229,53640.79281597229,1.0
4096,500,173165.7012270452,173165.7012270452,1.0
8192,1000,80580.04440710397,71753.33995595953,1.1230145447802438
128,900,178744.63282697884,103084.41806074536,1.733963640573191
4096,300,19028.50780282153,19028.50780282153,1.0
4096,400,48786.97977664097,45126.38541333707,1.0811187142461007
128,900,172536.1123200853,103160.92321660006,1.672494845338121
1024,400,26890.13774303955,26611.894241008282,1.0104556067866264
8192,600,26765.49781642046,18661.250273283804,1.4342821313928265
128,400,83249.51021792994,46532.57276323225,1.7890588307145916
4096,700,41663.71125395748,36793.786558940206,1.1323572578542878
8192,500,29587.00133662399,27177.07231873392,1.0886750783758572
256,900,96651.0490566944,51088.94408718974,1.8918192729085803
8192,1000,132590.20560675484,94799.79607328854,1.3986338694679366
8192,600,19861.73420033469,18779.00655706,1.0576562791000057
4096,900,43636.00690554057,40761.55353335776,1.0705187394251414
8192,700,103650.17673083996,103650.17673083996,1.0
128,300,58870.55450980968,32755.432020731212,1.7972760814923756
4096,700,92388.85545586015,80356.03512507299,1.1497438283516384
256,100,14592.871640946796,14135.174116163842,1.0323800415206466
2048,500,36276.16196639806,36276.16196639806,1.0
512,600,38639.37048806794,30580.976963775065,1.2635100093054095
512,500,35524.2798256369,35496.811911768345,1.0007738135451947
512,400,36753.77593997275,34415.68964887445,1.0679366392175367
8192,1000,146820.54879419197,146820.54879419197,1.0
128,600,113493.70615091945,69365.62215019029,1.6361664846771378
2048,800,44815.360516514986,42695.059714644456,1.0496615021981868
8192,200,16319.454371522042,16319.454371522042,1.0
512,400,70176.5653877096,68462.06472805722,1.0250430755552389
1024,300,24877.588032042986,16760.521743464207,1.4842967547680335
1024,800,76875.71398353786,75591.86163784155,1.0169840022176886
1024,100,17347.873752067557,17347.873752067557,1.0
2048,200,27814.232772578187,27814.232772578187,1.0
256,100,21880.86795973271,18702.315368100946,1.1699550311857734
1024,700,57611.87875049971,42452.09110493904,1.3571034370977528
4096,800,52841.7447175373,44366.085532812314,1.191039148100108
4096,800,78733.61137126268,78733.61137126268,1.0
8192,1000,58676.89014369309,45809.33523320091,1.2808937271188832
8192,700,64966.29240789171,57793.63501321383,1.1241080854844645
8192,1000,34363.77027208787,33915.21825046568,1.013225685835474
4096,900,33002.37236974671,32655.352187910106,1.0106267474881216
512,700,86054.30616408976,85438.48061711625,1.0072078241856064
1024,200,39819.55529994364,39819.40708715139,1.000003722124539
4096,700,144776.89101997757,132452.11299022113,1.0930508223048612
2048,700,99709.10047089912,91119.24221630921,1.0942705189996897
8192,300,19674.24141386905,19674.24141386905,1.0
8192,500,75288.1433121715,53378.57096652857,1.4104563301138482
<<<<<<< HEAD
8192,700,57385.630059631025,49777.7756414471,1.1528363676389208
256,1000,105835.84286033736,90498.72860811553,1.1694732565651367
2048,100,34300.968848800694,34300.968848800694,1.0
4096,700,91526.83913463607,82072.46511123,1.1151954435704212
1024,800,102114.9014204498,101845.3758611526,1.002646419211655
1024,400,193674.0701051157,193515.84305327947,1.0008176439165897
256,100,18069.08965251329,17587.547381984677,1.027379728399303
128,900,176976.22592271972,96720.06020199122,1.829777871861542
512,900,80625.87886535801,72227.30001714897,1.1162798394265736
4096,1000,90511.94882830864,90498.72860811553,1.0001460818333743
8192,300,32671.02721643224,25922.78608210399,1.26032082789847
512,500,90473.55065029606,86843.01321389293,1.0418057515745243
128,800,139181.89672396306,79920.49096406845,1.7415045258735713
128,100,25327.427970570247,22982.09428187623,1.1020504772075344
2048,200,24337.522142430917,21228.428234486382,1.146458978196685
4096,500,97936.60377604442,97935.06095418494,1.000015753519163
128,400,83197.52413935866,48772.78954290394,1.705818447521283
1024,700,112136.92723974962,107260.20847207752,1.0454662436064688
128,300,70035.24992059784,36726.85726982461,1.9069219401503201
4096,500,97704.51114863665,71401.30747796739,1.3683854623920684
256,500,74049.87591250526,49937.16420129462,1.4828610534233244
512,500,148356.79830094095,147481.94731846493,1.0059319191154081
128,800,169507.11636767272,97370.5352483193,1.7408460982101726
128,400,151645.74085364304,125078.80246001596,1.2124016049971358
2048,600,69810.88306363206,51282.51062023954,1.3613000264476127
4096,100,22656.454190491233,22656.454190491233,1.0
256,900,206002.66070291394,184098.91857787647,1.1189781140173938
2048,500,37491.99271451874,37441.44378906292,1.0013500794932109
1024,500,44652.09121738147,44576.14394763512,1.0017037649069773
128,200,36559.034843167734,27723.977542298137,1.3186792835692518
8192,200,67151.768032449,67151.768032449,1.0
2048,800,102180.94719265481,101845.3758611526,1.0032949098441122
512,800,69320.0836601943,52828.81053104514,1.3121643846108928
512,800,86200.34275480601,76577.73322810722,1.1256580616983698
1024,600,67347.88717608126,48408.82573041455,1.3912315814297387
128,200,41811.761236199876,24735.736732623263,1.6903382215034464
2048,600,30593.4307454839,30580.976963775065,1.0004072394980574
8192,500,28469.146325251975,19560.487282935454,1.4554415702152996
512,300,42271.646389824695,33160.64237859692,1.2747535438911868
512,600,74092.67826981228,44462.8864987731,1.6663937972595815
4096,300,77306.4040908596,77306.4040908596,1.0
2048,200,10073.13536053786,10040.691196847953,1.0032312679529567
512,800,68124.43906901593,50772.066671360866,1.3417700624631668
128,500,187100.62073378224,173629.6110728368,1.0775847482333785
4096,600,79716.44372053785,72740.10717064606,1.0959077023838515
8192,400,48786.97977664097,45126.38541333707,1.0811187142461007
256,100,24225.05708116805,22363.056566867846,1.0832623442476492
2048,1000,44719.304684180206,28109.406843986402,1.5909017551449063
2048,500,106470.66502007106,62891.775190494496,1.692918743310701
2048,1000,100630.40879092847,75796.72432283711,1.327635325800077
1024,600,20058.44633624752,18779.00655706,1.0681313878505736
1024,800,112639.90931333131,112592.55358879731,1.0004205937517587
128,200,39980.61130989232,22186.36413155776,1.8020352984752526
512,100,12509.578220744948,12506.156799285585,1.000273578967086
4096,900,86401.24997715002,85663.51049156082,1.0086120622579653
8192,900,115414.78727487197,114082.80036744605,1.011675615457683
8192,300,34502.74586232038,24597.69281353905,1.40268219966262
4096,1000,109432.70018654816,97058.77161015228,1.127489029287298
128,200,53824.663140594705,34129.72158000343,1.5770613016699941
4096,200,39531.928160618925,38939.460754354994,1.0152150901626873
8192,600,104029.86993284992,85848.15788843864,1.2117891925886024
4096,800,60650.662845165505,60650.662845165505,1.0
2048,500,50762.40285549695,35523.310698868714,1.4289885108347613
128,300,74860.44116887543,42868.394179046576,1.746285173552549
128,100,27090.11044286608,17899.559780833548,1.513451211904863
128,400,88702.13567548402,47063.4505065966,1.884735069797978
4096,1000,38984.71843132123,30918.141407431434,1.2609010974363073
2048,800,50763.481713515124,50763.481713515124,1.0
2048,100,21949.84902967429,21949.84902967429,1.0
128,900,176763.75500984787,102028.33792508653,1.7324966632273793
8192,700,32132.281384762522,31684.037608755014,1.0141473060202293
1024,700,75396.01858246418,66320.27242801076,1.1368472387429491
512,700,75212.06812230503,61346.24441089266,1.22602563277615
8192,1000,544585.7100480688,544585.7100480688,1.0
8192,1000,52361.02277270773,52314.885183268474,1.0008819208773492
1024,100,32655.001031454314,31319.451246236975,1.0426428220187225
8192,1000,121905.96704247322,120557.43492411824,1.0111858063271153
4096,900,31674.196875102083,31640.39833817212,1.0010682083255946
8192,600,122634.8967329771,122634.8967329771,1.0
8192,1000,49557.77241888677,49557.77241888677,1.0
2048,100,23289.9839332401,23097.256435111492,1.0083441727665814
512,800,58304.246208829994,38336.594525084816,1.5208509501458125
2048,200,37946.30536557415,37946.30536557415,1.0
2048,600,47605.80001172237,33916.34753113008,1.4036240184184763
1024,100,30820.38022540123,29554.958545859663,1.0428158840953217
256,700,89360.22089110808,47523.960799855195,1.8803193039284798
128,1000,219484.43132584146,111804.66682439692,1.9631061704299781
1024,800,47747.451130837835,40421.19798120487,1.1812477985694423
1024,800,36550.166026576764,34904.751507598776,1.047140129865121
1024,1000,61102.12913807186,55735.236402641,1.096292634280036
8192,600,60304.7350232043,60144.36411673883,1.0026664328207744
4096,200,16399.824758325314,15726.677746397436,1.0428028743758089
1024,700,145873.73270565877,132452.11299022113,1.1013318656262476
8192,800,120712.62684671115,107232.14310089932,1.1257130871023202
128,1000,186772.23756256883,109237.63657662571,1.709779187977541
2048,1000,80430.83085752236,56446.32882143322,1.4249080947666874
1024,1000,96962.96985771215,70250.77350904822,1.3802406011262414
2048,900,94705.42658694458,82690.26725018611,1.1453031866544297
512,600,51323.97019336864,28950.864730709705,1.77279575828789
1024,700,31292.245783584578,29025.881672657724,1.0780808016957417
1024,100,17402.954696611207,17402.954696611207,1.0
4096,100,17809.6328420409,17809.6328420409,1.0
128,700,141846.95477087566,83214.36890509089,1.704596893989035
128,300,64875.45516570732,34512.68583773153,1.8797567790212728
2048,1000,71303.97323471504,71261.14520805598,1.0006010011000246
256,500,60667.54349389035,35523.310698868714,1.707823462969694
128,500,94213.61830981392,56026.380959696515,1.6815938616058033
2048,400,32984.071483653934,30788.555312709123,1.0713094897972861
128,900,176643.7260466026,103152.02937065497,1.7124600177459501
128,300,57510.952347204875,30815.59640870832,1.8662936645598265
4096,200,29265.987742901983,28939.495392742734,1.0112818950616922
128,500,108729.17986123219,62386.64500506909,1.7428278095800414
256,200,40563.229075057425,34123.56738045935,1.1887159575902284
1024,300,20386.048909661808,20366.163083435094,1.0009764149557894
=======
8192,700,57388.487226796184,49777.7756414471,1.1528937660888985
256,1000,103811.25033034958,90498.72860811553,1.1471017541017723
2048,100,34300.968848800694,34300.968848800694,1.0
4096,700,91526.83913463607,82072.46511123,1.1151954435704212
1024,800,102492.83751518071,101845.3758611526,1.0063573004523132
1024,400,193674.0701051157,193515.84305327947,1.0008176439165897
256,100,18166.586747744044,17587.547381984677,1.0329232583249492
128,900,167832.32810338459,96720.06020199122,1.7352380442369633
512,900,84521.59054026459,72227.30001714897,1.1702166704306622
4096,1000,90498.72860811553,90498.72860811553,1.0
8192,300,32671.02721643224,25922.78608210399,1.26032082789847
512,500,90117.64418732587,86843.01321389293,1.0377074775764352
128,800,134466.17099114187,79920.49096406845,1.6824993111165532
128,100,25749.572459937244,22982.09428187623,1.1204188854208756
2048,200,24337.522142430917,21228.428234486382,1.146458978196685
4096,500,97962.24433729459,97935.06095418494,1.0002775653871534
128,400,88209.1208006457,48772.78954290394,1.808572395127222
1024,700,112126.83124706284,107260.20847207752,1.045372117435817
128,300,73133.46362744288,36726.85726982461,1.9912801983068267
4096,500,97704.51114863665,71401.30747796739,1.3683854623920684
256,500,66262.56144795178,49937.16420129462,1.3269187889975125
512,500,149033.14675377886,147481.94731846493,1.0105178936372758
128,800,174143.18877068372,97370.5352483193,1.7884587809502628
128,400,153438.38164027123,125078.80246001596,1.2267336960578992
2048,600,69810.88306363206,51282.51062023954,1.3613000264476127
4096,100,22656.454190491233,22656.454190491233,1.0
256,900,206446.7749612017,184098.91857787647,1.1213904815734796
2048,500,37519.173641809175,37441.44378906292,1.002076037804102
1024,500,44710.043899459975,44576.14394763512,1.0030038477976504
128,200,45191.423762966435,27723.977542298137,1.6300483469234681
8192,200,67151.768032449,67151.768032449,1.0
2048,800,102226.02657196921,101845.3758611526,1.0037375355296991
512,800,68506.00473110602,52828.81053104514,1.2967546314685259
512,800,86261.25477419989,76577.73322810722,1.1264534889959164
1024,600,67355.04233282336,48408.82573041455,1.3913793882941716
128,200,40336.296576479566,24735.736732623263,1.6306891123756653
2048,600,30781.53352336091,30580.976963775065,1.0065582129643345
8192,500,28469.146325251975,19560.487282935454,1.4554415702152996
512,300,41777.396958571844,33160.64237859692,1.2598488437466608
512,600,74095.8543339876,44462.8864987731,1.6664652290631692
4096,300,77306.4040908596,77306.4040908596,1.0
2048,200,10040.691196847953,10040.691196847953,1.0
512,800,72148.45078434983,50772.066671360866,1.4210264721220576
128,500,192173.32975125915,173629.6110728368,1.1068004389564827
4096,600,79716.44372053785,72740.10717064606,1.0959077023838515
8192,400,48786.97977664097,45126.38541333707,1.0811187142461007
256,100,24250.228579086986,22363.056566867846,1.084387928214388
2048,1000,44724.21238021419,28109.406843986402,1.5910763478021337
2048,500,106470.18029386172,62891.775190494496,1.692911036003857
2048,1000,100630.40879092847,75796.72432283711,1.327635325800077
1024,600,20138.01807402639,18779.00655706,1.072368658737992
1024,800,112724.70824950303,112592.55358879731,1.0011737424589229
128,200,37240.139776461736,22186.36413155776,1.6785147649989018
512,100,12532.008882752092,12506.156799285585,1.0020671485158401
4096,900,86402.53352953178,85663.51049156082,1.0086270459117335
8192,900,115414.78727487197,114082.80036744605,1.011675615457683
8192,300,34502.74586232038,24597.69281353905,1.40268219966262
4096,1000,109432.411547284,97058.77161015228,1.127486055426622
128,200,48969.33663500272,34129.72158000343,1.4348003548817054
4096,200,39531.928160618925,38939.460754354994,1.0152150901626873
8192,600,104029.86993284992,85848.15788843864,1.2117891925886024
4096,800,60650.662845165505,60650.662845165505,1.0
2048,500,50706.98287243137,35523.310698868714,1.42742840897558
128,300,74019.004400232,42868.394179046576,1.7266568020038264
128,100,28902.727575876608,17899.559780833548,1.6147172293491268
128,400,89925.7228885612,47063.4505065966,1.9107337418015462
4096,1000,38969.06792678199,30918.141407431434,1.2603949058016612
2048,800,50763.481713515124,50763.481713515124,1.0
2048,100,21949.84902967429,21949.84902967429,1.0
128,900,171597.38243631512,102028.33792508653,1.6818600197359785
8192,700,32133.737234819728,31684.037608755014,1.0141932550269557
1024,700,75426.59180170343,66320.27242801076,1.1373082323142953
512,700,75352.68524644985,61346.24441089266,1.228317820757585
8192,1000,544585.7100480688,544585.7100480688,1.0
8192,1000,52360.544569059246,52314.885183268474,1.0008727800057444
1024,100,32343.442268045947,31319.451246236975,1.0326950499150909
8192,1000,121905.96704247322,120557.43492411824,1.0111858063271153
4096,900,31642.300106796265,31640.39833817212,1.0000601057105483
8192,600,122634.8967329771,122634.8967329771,1.0
8192,1000,49557.77241888677,49557.77241888677,1.0
2048,100,23289.9839332401,23097.256435111492,1.0083441727665814
512,800,57226.198801620216,38336.594525084816,1.492730366652034
2048,200,37947.62887146728,37946.30536557415,1.0000348783861925
2048,600,47644.72932015731,33916.34753113008,1.4047718220963108
1024,100,30820.38022540123,29554.958545859663,1.0428158840953217
256,700,92926.48404340363,47523.960799855195,1.9553606744765848
128,1000,204486.82329493196,111804.66682439692,1.828965007481341
1024,800,47624.12651701979,40421.19798120487,1.1781968099798565
1024,800,36910.91915407048,34904.751507598776,1.0574754885745272
1024,1000,61188.56069006569,55735.236402641,1.0978433866868158
8192,600,60304.7350232043,60144.36411673883,1.0026664328207744
4096,200,16397.45685213153,15726.677746397436,1.0426523081702843
1024,700,145811.94821763528,132452.11299022113,1.100865399017081
8192,800,120712.62684671115,107232.14310089932,1.1257130871023202
128,1000,188032.35318451573,109237.63657662571,1.721314732515462
2048,1000,80418.51297313276,56446.32882143322,1.4246898718167313
1024,1000,96767.8614186743,70250.77350904822,1.3774632873787607
2048,900,94827.02873341709,82690.26725018611,1.1467737605262567
512,600,53511.933280468016,28950.864730709705,1.8483708095843194
1024,700,30610.485237890745,29025.881672657724,1.0545927797509667
1024,100,17482.585838853778,17402.954696611207,1.0045757254231131
4096,100,17809.6328420409,17809.6328420409,1.0
128,700,142227.41151593908,83214.36890509089,1.7091689018053455
128,300,61183.98268179473,34512.68583773153,1.772796906316239
2048,1000,71356.50535539401,71261.14520805598,1.0013381787095845
256,500,57000.1843191354,35523.310698868714,1.6045853609289475
128,500,94809.53678838462,56026.380959696515,1.6922302523267994
2048,400,32986.93620504695,30788.555312709123,1.071402534805859
128,900,174981.098482204,103152.02937065497,1.6963417932714293
128,300,53889.02883450039,30815.59640870832,1.7487582625294131
4096,200,29262.956466577773,28939.495392742734,1.0111771497548694
128,500,106024.44255080656,62386.64500506909,1.699473381557732
256,200,40550.3407358136,34123.56738045935,1.1883382614630877
1024,300,20379.616919392698,20366.163083435094,1.000660597477418
>>>>>>> a2683253b43fac3e70a11df0799a71278281a7a7
2048,200,61372.60518345501,61372.60518345501,1.0
4096,500,114981.83515243819,114521.14245494771,1.0040227742023418
8192,100,14996.978704083662,12056.98525864028,1.2438415061788786
4096,700,57520.205103725944,42452.09110493904,1.354943975822991
<<<<<<< HEAD
1024,500,38505.135928430565,38397.17028659358,1.0028118124599061
2048,1000,90792.76939185215,90612.693267471,1.0019873167642155
8192,1000,162392.86932151654,162392.86932151654,1.0
2048,1000,60546.67589311076,60543.78817954,1.0000476962816103
8192,400,32120.436929723935,30165.425795839306,1.0648096647836571
128,700,135208.5250802045,75809.96321061933,1.7835192018832786
128,1000,356019.17894240253,288023.0601366038,1.2360787319374689
2048,900,53560.83068328728,42076.23356110103,1.2729473660114774
4096,200,26168.682166838385,18050.62303154285,1.4497384451001776
2048,300,48198.78486748399,45111.95494347674,1.0684259843732091
128,100,26517.949961520866,14446.766271911083,1.8355630223685313
128,1000,228873.43831836735,110076.46947736123,2.079222193490121
4096,300,20578.748380098164,20570.96909448887,1.0003781681637631
256,200,27889.623708111907,27723.977542298137,1.0059748340785895
4096,400,66926.42590403692,66926.42590403692,1.0
2048,200,32540.902931029297,32540.902931029297,1.0
256,1000,201600.49269821748,194547.19755313522,1.0362549305967559
4096,600,57412.70684815128,57412.70684815128,1.0
256,500,114886.65787694855,73196.94614990943,1.5695553423999056
256,400,59324.27512865919,45126.42140747785,1.314623967032064
512,500,116111.27087847098,114523.64185050332,1.0138628933058216
2048,900,61675.966901419684,52757.84825268096,1.16903871071515
8192,300,84396.74424018276,84396.74424018276,1.0
512,900,151929.85443887993,149649.57060028278,1.0152374900205217
2048,600,36934.61837200218,32874.997452313044,1.1234865774690275
256,700,86726.75834612417,51196.085489777375,1.6940115150686945
128,300,51362.14273289086,27253.416999670506,1.884612954533805
128,300,63555.47167018622,33300.695014947356,1.908532889228249
1024,700,51327.60743035769,49201.53957608187,1.0432114090858522
256,800,86287.61964908804,57826.93902776309,1.4921699315203385
1024,1000,36028.839644214146,30928.88515915138,1.1648929296617005
4096,900,49106.60421210411,42308.40617125458,1.1606819697563648
512,600,37713.7019112465,21988.935751463338,1.7151217474786926
2048,700,110859.18311471,110859.18311471,1.0
256,400,61638.476097226725,53259.20525974124,1.1573300013888752
2048,500,66636.80392398464,66624.56129320196,1.000183755518161
128,800,155880.00664297555,92351.37447544445,1.6879013174235202
512,200,29674.45065653877,23117.237029627373,1.2836504041770902
128,900,163256.4680547025,94518.05570423097,1.7272516540709435
512,300,32926.41522488921,32331.936268961428,1.0183867415481231
8192,400,34318.891360832946,33618.972390895855,1.0208191660886885
8192,500,31854.821425066075,30238.042864909574,1.0534683599523806
128,400,90230.16279286222,48720.51320368562,1.8519953272174576
512,400,186933.01886181568,186703.3320474569,1.0012302234343649
8192,700,21733.392272247234,21733.392272247234,1.0
8192,400,35053.10290940029,26546.468859735378,1.3204431479987695
1024,600,38478.070517516826,29865.350306368007,1.2883850389430183
512,700,41499.538301572786,29025.881672657724,1.4297425576796587
4096,400,39062.468270734935,36227.84755042349,1.0782442488852284
8192,300,30746.90512885161,27248.226586824265,1.1284002293095696
512,200,20499.2390635118,20330.555626091365,1.0082970402050375
2048,500,150425.0517802286,150425.0517802286,1.0
128,400,84237.27856244975,42797.12681057494,1.9682928467439822
2048,400,19109.337999903033,17742.443550288524,1.0770409355250439
4096,400,27725.870549102983,27155.933418576842,1.0209875728350497
8192,800,48600.44480731025,48235.14390825591,1.0075733349059588
1024,900,86445.52809409295,85663.51049156082,1.0091289464796003
512,700,94940.44773341515,80357.08323268619,1.1814820040008247
256,1000,155131.0798660071,95719.83817352499,1.620678459409625
256,700,88685.4047837809,66354.8129063725,1.3365331149214021
256,500,120347.57053198676,63127.950965255164,1.9064070461945541
8192,700,95854.95894721552,73742.01759573007,1.2998689495141489
128,500,97347.60778020641,55659.95529531376,1.7489702832801683
2048,900,47144.29704189259,47139.992713958745,1.000091309473889
128,200,53415.06530728777,42776.4318576044,1.2487031523596357
4096,400,66503.6244481076,66503.6244481076,1.0
2048,400,25810.603068699493,23700.07824770922,1.0890513861992952
2048,100,9516.14337669928,9516.14337669928,1.0
256,300,32015.847420783382,16760.521743464207,1.9101939611914536
1024,800,36505.05249625624,35597.83621265971,1.0254851524732251
128,900,214756.19449850832,110304.68081578685,1.9469363667092205
1024,900,75474.62113668742,75449.13454700036,1.0003377983039843
2048,400,23344.740664976227,19252.6280861351,1.2125482588939682
8192,900,33314.868764375235,33158.57017036733,1.004713671102368
256,500,87275.19662895642,84910.77897470127,1.0278459069956196
512,100,11541.233200051562,9011.915100790524,1.2806637735678588
2048,400,32361.951028530242,32352.598258555856,1.0002890886815223
128,700,273092.42100986216,237800.98990500558,1.1484074188208993
2048,400,78360.88806338026,50876.400696790595,1.5402207504888108
4096,1000,281398.91676139703,281398.91676139703,1.0
4096,800,120712.62684671115,107232.14310089932,1.1257130871023202
128,1000,217943.38599992238,163336.4654407616,1.334321674047523
128,1000,202172.76418420734,115948.15552755489,1.743647954245907
128,600,104253.6092400822,64016.28039679616,1.6285483722871816
1024,400,21105.804584160156,18307.43976342798,1.1528539684900316
512,600,111552.4140175521,90097.16084726775,1.2381346200981316
128,700,212218.38378630645,142838.5537233773,1.4857220145010073
256,1000,336083.62547504925,320464.419199229,1.048739283802081
4096,700,112106.62893233435,107260.20847207752,1.0451837687926784
8192,700,40133.250172465974,40106.49652901174,1.0006670650834555
512,400,58354.07982776035,52638.32287426997,1.108585468559529
256,400,77191.30363106252,60987.569802147,1.2656891212665615
8192,600,154139.23729344973,127907.92965534359,1.2050796045936178
8192,900,183126.6918346876,183126.6918346876,1.0
4096,800,46251.29750808857,36672.2149998591,1.2612081792241423
512,500,87295.21673758785,62600.06932840837,1.394490735778988
8192,800,148024.03103293112,148024.03103293112,1.0
2048,200,13346.32097606308,13337.35876144625,1.0006719632257877
1024,200,30132.053851021465,26688.32812098575,1.1290348992422579
8192,500,48021.98700860474,41189.47869015632,1.165879941570644
256,500,74228.36954214075,64106.45222511053,1.1578923332317157
1024,100,7348.806094934624,7152.901243328333,1.0273881666951596
1024,300,24165.759076626582,24078.953359370287,1.0036050452841845
512,900,267446.1619286853,229800.42209317343,1.1638192806288592
256,100,28423.846836339224,25440.224664257337,1.1172797100441403
128,700,161374.52078553883,92417.89181801837,1.7461393850370892
128,1000,232214.60484520195,155765.44053451647,1.4907967007851457
2048,700,26117.492290743703,26067.12107591305,1.001932365859811
2048,800,106112.60688901419,82940.54724397566,1.2793815620347455
8192,1000,172594.03018481666,111577.13934558528,1.546858354651352
2048,700,27417.94911095035,25871.051952994367,1.0597925882861885
256,1000,114056.77213690984,58569.061920395274,1.9473894304800587
4096,700,66582.97055012165,60285.399819468286,1.1044626186358917
128,200,45271.088366989025,21601.854967306153,2.0957037456045158
8192,800,78175.44132986665,48425.21287150835,1.6143541079994355
2048,1000,60676.97147015149,60202.342442558154,1.0078838963458308
1024,700,58870.10325098118,58796.06304945136,1.001259271415291
512,900,72380.25082824366,63466.880684134354,1.1404412828868946
128,300,62589.91427458203,34119.012930735975,1.8344585290800766
4096,900,68817.41819972453,68817.41819972453,1.0
4096,200,28779.18209724736,23681.10697554874,1.2152802707644745
256,900,260340.51266467644,253651.7844619295,1.0263697265798295
1024,500,68164.6243570432,62373.284305942194,1.0928496890222161
256,900,169796.81378401906,132038.8394742635,1.2859611191683882
1024,700,117342.11006958624,116488.33981442524,1.007329233608455
128,700,136185.20892196085,78479.10754470208,1.7353052701878533
1024,900,52575.017380802,52575.017380802,1.0
256,300,37839.64549110493,21515.230474413613,1.758737631749038
1024,700,127875.48938304075,85672.54241504308,1.4926076170769427
1024,800,93531.25077153977,83711.93042021694,1.1172989357912524
256,300,28595.569528700686,22793.463249481996,1.2545513253388796
1024,800,57682.94907807235,53281.95779009162,1.0825981527427873
2048,700,20593.158126450788,20241.050244316226,1.0173957318362685
1024,200,24337.522142430917,21228.428234486382,1.146458978196685
8192,900,51151.844025608865,51151.844025608865,1.0
256,300,81638.48610225081,80517.55870716526,1.0139215273424056
512,100,14398.222693520162,12228.569679313945,1.177424921401596
2048,700,39699.93939271291,37075.37110490693,1.0707900746395662
1024,800,87177.12395141761,62102.16000225037,1.403769594298469
128,700,146039.62082211612,91940.15576527944,1.588420419853878
128,100,35882.582120028754,31016.524467410036,1.1568859740468866
1024,900,262673.1147414426,255315.3157889041,1.0288184785538756
2048,300,25124.48750540551,24009.73900443229,1.0464290136917953
2048,900,115416.29428044993,114082.80036744605,1.0116888252103635
512,800,68818.14730587907,48658.058952929256,1.4143216722321834
512,400,33326.835265365065,28824.379087289086,1.1562030586831085
1024,500,27545.055050274168,27319.151569382047,1.0082690518524484
2048,400,71964.50192064916,61717.64616532399,1.1660279740396573
512,800,72710.19193514889,64362.85987349461,1.1296917520144534
2048,300,18926.19109534299,18573.116360380285,1.019009988852268
512,400,48953.31758254955,46346.74140253926,1.0562407647470007
1024,1000,319290.2767465776,318823.5863822797,1.001463788703946
1024,700,92170.14574703827,82072.46511123,1.1230337193128441
2048,200,16325.453544676744,16319.454371522042,1.0003676086845876
128,600,149524.9371420129,102083.55250788486,1.4647309333250693
256,200,48488.666781209125,44503.178337827754,1.089555141727792
256,300,37728.67393061213,25925.04840988032,1.4552981091535133
8192,400,62641.756947637405,43214.48493372207,1.449554635296727
2048,900,53399.57293864088,53309.00486140186,1.0016989264285554
2048,800,53063.75701096589,50851.16746299596,1.0435110865366075
8192,1000,38527.02495483807,38513.66294334092,1.0003469421103053
4096,100,14384.95796845455,12228.569679313945,1.1763401890564837
128,800,160951.83085207298,89210.20923574897,1.8041862274612306
256,400,43208.62687610024,26808.94972573375,1.6117239697243544
256,500,54776.028527139424,29868.4267369777,1.833910738235356
8192,300,62461.85801432151,60345.735579996704,1.035066644129635
8192,300,80360.55407407164,80360.55407407164,1.0
4096,800,112759.44110463203,77768.99443358157,1.4499279812719448
256,400,33643.457738351215,16466.24380733385,2.0431774320848364
8192,900,72933.47013669772,72933.47013669772,1.0
128,300,61256.99242930501,32718.346740617188,1.8722520705259047
1024,500,78559.7428194052,57888.8463754861,1.357079087564483
256,200,40764.54446816024,39820.04492620314,1.0237191983009437
1024,200,24109.679235406635,24000.475759263372,1.0045500546421924
128,200,47923.99208022322,25552.63257851312,1.8755011614937043
8192,400,76270.46612357127,43737.033632128354,1.7438417695420594
512,600,56051.38590715712,53722.666447453994,1.0433470565348957
2048,900,104439.39514295681,81048.18639186893,1.2886086634683114
2048,900,140197.73271256403,113578.57949298169,1.2343677244284184
1024,500,39421.55523043475,36276.16196639806,1.0867068921720608
256,1000,208210.62482891013,178404.20743107868,1.1670723904274865
256,600,71368.7840844506,37319.166647534046,1.91238954391728
8192,600,44245.93157544285,44245.02565111483,1.0000204751678792
8192,700,112840.09344125881,112840.09344125881,1.0
512,200,17563.18403288963,17465.341889253814,1.0056020743399254
128,300,48599.237698199344,29869.66446699064,1.6270433085014062
256,800,81442.19929854068,44884.135805066064,1.8144985491588392
2048,700,26531.122973912916,18573.466244444164,1.4284421994655472
1024,700,57467.17174029461,35819.1385364328,1.6043705708288571
8192,300,23670.10054418794,21519.631696399152,1.0999305600638427
2048,1000,52598.612418849574,52314.885183268474,1.0054234513673719
512,700,50367.40550322056,26960.090062369884,1.8682209661280742
8192,800,47410.138589706905,40421.19798120487,1.172902856856241
512,800,46736.81061200239,45863.92468154658,1.0190320810204674
1024,600,57788.09619458222,57234.00896316298,1.009681083702801
256,200,25907.16211790242,21352.04078691819,1.2133342370615472
8192,700,72502.0685654886,61816.893419918626,1.1728520240088125
256,800,125050.46570249274,101772.97572271765,1.2287197540847685
1024,100,25442.095369660132,25440.224664257337,1.0000735333680217
1024,300,25676.08022990211,24009.73900443229,1.0694027213357966
8192,800,52807.69621151402,44366.085532812314,1.1902717036520711
4096,200,97563.39295797232,97563.39295797232,1.0
2048,700,45850.50347894053,36017.436572769824,1.2730085159254443
1024,200,27217.4216740833,25552.63257851312,1.065151372973213
128,600,111862.49053458507,68959.49422032459,1.6221477810899545
512,600,105501.06367432314,85860.7325228005,1.228746373044361
2048,900,147582.43789985505,119327.18954102685,1.2367880150995556
512,900,107851.91557491911,101546.8599937516,1.0620901087592023
8192,1000,125673.09932425611,109603.29142325721,1.1466179317456973
256,300,45158.934216865935,24009.73900443229,1.8808590217715162
512,400,38020.80011296404,33618.972390895855,1.1309328456232117
8192,800,99630.49994718055,77475.65594337959,1.2859587793615075
128,800,175996.82590282685,92675.16199414137,1.899072222975481
128,100,74893.61503266309,72967.22941615328,1.0264006956537033
4096,1000,180084.44376155233,177234.74373613778,1.0160786760278622
512,300,37686.96249420068,22146.00515886802,1.7017499194029369
4096,500,84889.56492633495,84889.56492633495,1.0
512,1000,322600.0286793323,318872.8660565887,1.011688553713699
4096,400,24980.91127484507,24898.237602795067,1.0033204628122243
512,200,20840.36238895662,18786.158172106803,1.1093466901550868
4096,600,86765.25402755744,86765.25402755744,1.0
2048,900,38920.72475602391,38773.95122637488,1.003785364271805
4096,700,86849.19399913022,83768.6586116748,1.0367743191607715
256,400,112322.17429260227,108365.40803212737,1.0365131856404013
2048,400,23940.42309750467,22105.08631748286,1.0830278042646795
2048,100,17347.873752067557,17347.873752067557,1.0
128,1000,202434.05883014962,115440.97043804495,1.753572046925855
256,600,64599.28854811026,32190.559785344685,2.0067774210475275
2048,500,27351.267184612072,27319.151569382047,1.0011755714722128
512,400,74576.71457702623,60333.80288876994,1.2360685222264907
1024,1000,172879.76107469827,111577.13934558528,1.5494191918583053
4096,800,67864.85909306852,62454.88761199475,1.086622067350174
4096,300,30387.96483767547,25368.022265529136,1.1978846643858236
2048,300,23670.10054418794,21519.631696399152,1.0999305600638427
512,400,27411.32840619625,18378.334353517806,1.4915023243632215
256,200,22997.550668237203,12441.910416424595,1.848393847771005
8192,400,28824.379087289086,28824.379087289086,1.0
4096,1000,96205.86423048834,93286.52965676959,1.031294277796161
512,100,12219.014938673467,9574.086555025397,1.2762590841901005
4096,200,22703.64482373528,16584.68314295091,1.3689525828164615
512,200,48788.192052329185,48339.89611714323,1.0092738290975964
512,1000,150954.3301895337,101940.34443496184,1.4808104781894562
8192,500,82266.25824208425,79358.12801462926,1.036645650549102
128,700,139220.42383743817,80381.02878996897,1.7320059961065337
8192,600,57066.6499738179,46448.9967564828,1.2285873529841786
1024,800,91909.44736311305,75114.39828637919,1.2235929390354896
1024,100,33641.93709583374,33641.93709583374,1.0
2048,1000,139683.0462696234,121618.88196705427,1.1485309189691661
1024,300,86318.19993088789,86170.66124077488,1.0017121684804153
2048,300,42007.74784846237,31364.460634147326,1.3393422682591076
8192,400,78467.90727403564,78467.90727403564,1.0
256,500,104179.26104164594,83700.23600340706,1.2446710548988806
128,200,51830.2900522891,36595.856922978,1.4162884656963894
1024,500,147540.23674493702,147480.7458449727,1.0004033807913262
256,600,71038.702760809,42749.93105715173,1.6617267210522153
4096,400,77180.08129136279,31325.655831794265,2.4637977798705224
128,500,108228.79370168255,60599.398399554455,1.78597142149976
256,100,21444.28530277328,17055.23313554162,1.2573434283982468
256,200,25268.317326756318,15726.677746397436,1.6067167989465936
8192,900,68186.15135445092,42142.405953476984,1.6179937953643386
256,500,103089.539216535,75650.02876185662,1.362716457663974
4096,900,38611.781354489096,36333.36856705928,1.0627085480176335
1024,1000,30611.43402202501,23682.09487621599,1.2925982343212457
2048,600,170029.76887403624,160778.42770955205,1.0575409356608265
1024,900,94111.13155205874,85706.05508068645,1.0980686424484183
1024,400,20721.299125595346,20429.860901844946,1.0142653063156235
128,200,39297.68444621606,28980.424713004046,1.3560078858534628
2048,400,35697.224300938884,32093.024154301882,1.1123047840336941
2048,800,52807.69621151402,44366.085532812314,1.1902717036520711
128,900,283538.4059695056,164211.80971601093,1.726662695331468
8192,600,103020.0017173615,97724.37299561259,1.0541894366719209
128,700,127005.92504048841,76932.73817319293,1.650869682482501
1024,600,39700.24960178678,39588.435453367885,1.0028244144315985
2048,300,46527.39313765369,42876.67356603513,1.085144654843525
8192,900,104439.39514295681,81048.18639186893,1.2886086634683114
4096,900,93130.9914327715,85706.05508068645,1.086632576252576
4096,800,43163.80041598471,39511.64899287421,1.092432270386112
128,700,115927.64950983148,68977.11224126474,1.6806683513271108
128,400,89035.36954539949,49027.35786518295,1.816034422867165
2048,200,45587.1976776367,44311.444499564175,1.0287906023484537
1024,600,54909.00372245609,54360.02424755477,1.0100989556664153
128,300,55575.76706354858,31753.51478726137,1.75022410702843
128,900,162758.58582497074,100393.00888181973,1.6212143418927338
1024,600,36838.26716646343,32874.997452313044,1.1205557420924313
256,300,40565.19852212831,22337.66806533914,1.8159997007508775
4096,200,17447.69563239262,17444.605877280243,1.0001771180807473
1024,800,64493.83525761112,57706.6904436543,1.1176145220212186
4096,100,20007.909292777418,18096.624174953435,1.1056155611867815
128,400,89704.35368802607,50363.62225938312,1.781133875280654
256,400,66003.89082207324,58595.613062953016,1.1264305870673466
128,700,166663.99225380018,86538.92833380034,1.925884633224706
1024,500,86291.19792520386,62598.35627795712,1.3784898367305811
4096,800,76714.89423435816,75591.86163784155,1.014856527834928
2048,100,14384.95796845455,12228.569679313945,1.1763401890564837
8192,200,30131.327300548455,26688.32812098575,1.1290076757133163
128,100,15791.36670326295,12506.156799285585,1.2626874072268974
512,800,58143.57961072254,44366.085532812314,1.3105411242044478
1024,700,124865.05340700524,117219.7735553616,1.0652217592625945
4096,100,20722.565533660163,20722.565533660163,1.0
512,300,88183.93542515584,86191.01916507911,1.023122087189383
4096,200,16319.454371522042,16319.454371522042,1.0
1024,400,24216.952005234205,19252.6280861351,1.2578517538950535
1024,400,38322.98000278738,32569.65752594252,1.1766466986108834
4096,700,170514.54536366955,170514.54536366955,1.0
8192,1000,28028.068294219353,28003.028411344018,1.0008941848184245
128,400,76772.24132891199,42723.60226027847,1.7969515037895025
128,300,55852.0466118898,33207.329205691334,1.6819192614357386
256,600,118148.02076185706,94961.903825476,1.244162300905353
256,400,42703.49159013535,26944.926090923545,1.584843522896881
8192,400,20443.84229718151,20429.860901844946,1.0006843607699405
8192,300,25080.65034537924,25080.65034537924,1.0
4096,400,48940.921402939224,38819.630796565834,1.26072609137923
8192,200,53640.79281597229,53640.79281597229,1.0
256,200,21027.023666347424,18620.644394921266,1.1292317935077743
8192,500,44987.9302988407,43236.65246550346,1.040504473252977
512,1000,136932.50785173327,94799.91351609524,1.4444370545600203
1024,100,17334.26296019017,16761.07212005239,1.0341977432011664
128,500,106792.76115823406,62235.40719591476,1.7159486210486965
4096,200,17740.67758730927,17740.67758730927,1.0
8192,900,162745.16745457405,162744.67958603505,1.0000029977541522
512,600,111330.26663372501,94912.1411777341,1.1729823524394636
2048,700,137019.5894164135,101971.47650017287,1.3437050645842246
128,200,38082.368405584086,22407.83808966297,1.69951104846442
2048,300,25034.31056911836,21245.29525451237,1.1783460888264767
128,500,130552.33196530407,76617.57157086262,1.703947662248181
4096,900,235023.16966618467,212427.5200802827,1.1063687491025758
4096,900,65344.052303682205,60097.90469262115,1.0872933530360698
512,300,52778.220759059965,42586.891465992514,1.2393067195619496
128,500,104671.56112779539,59301.683299989054,1.765068971116621
256,800,124257.95687112439,112709.77703380244,1.1024594329013584
4096,500,33767.48503757228,25362.56656300998,1.3313906916195324
8192,400,56781.930622412154,56772.7824606574,1.0001611363994902
1024,800,117548.50021244658,101772.97572271765,1.1550070082721138
512,1000,67053.73038902142,31152.82778783593,2.152412321786195
128,900,161300.5390820643,92800.87521868643,1.7381359680278612
128,100,25792.580810768995,13798.527712172872,1.869227018185073
2048,200,14764.441624399278,14764.440789441054,1.0000000565519709
512,300,37396.52266713386,24597.69281353905,1.5203264367359723
4096,900,104439.39514295681,81048.18639186893,1.2886086634683114
8192,300,73079.30981278289,71342.42663188108,1.024345726139425
2048,300,20749.754473570218,19887.38962467144,1.0433623952250106
2048,600,27327.87981732635,26424.606119149255,1.0341830524967603
512,100,21977.798289269267,21561.33909716274,1.0193150893935585
256,400,36199.205741129364,20821.733470226685,1.738529877586377
128,1000,194797.95367239034,108573.46405908014,1.7941580418433662
8192,600,25074.394501535673,22032.708212275476,1.1380532188759949
2048,1000,59657.036810617756,55734.051128954416,1.0703875925434982
8192,900,253619.1459229753,253619.1459229753,1.0
256,1000,130205.13877539823,71828.30656007184,1.8127273913454212
8192,100,17253.430595013517,16761.07212005239,1.0293751182164586
128,1000,205678.29787123125,112758.77583353377,1.8240557894569105
8192,200,29139.89239002461,18668.090115124316,1.560946631943691
2048,500,177215.37734444547,168416.85806467704,1.0522425093359093
1024,700,208688.36837587718,185588.29528429307,1.1244694502753976
2048,100,20721.11432278907,16561.60268801602,1.2511539319671565
128,1000,203275.89917487727,105648.99440198131,1.9240684715032659
1024,200,27032.302713702175,27032.28717728225,1.0000005747356788
4096,600,93830.21843648735,63281.703420590464,1.482738506782311
512,300,41740.549806047,34690.24422950583,1.2032359740651386
256,300,41953.74920371034,22146.00515886802,1.894416121677395
8192,700,137018.5543906216,101971.47650017287,1.3436949144341293
128,200,39597.68822304738,22557.733121605976,1.755393062307329
128,500,92300.25119577092,56208.21260609286,1.6421132591888496
1024,300,20300.16918252079,19555.262961639615,1.0380923653311342
8192,1000,154192.8048722063,154192.8048722063,1.0
1024,100,12012.526814162424,11936.420001605858,1.0063760166403601
512,1000,73766.09751564602,40844.58099378827,1.806019200609856
8192,600,24534.079315662202,20442.695272351662,1.2001391689697618
2048,900,240354.51235418237,236191.38873228242,1.0176260601381144
128,600,110328.01818824642,61581.31829191577,1.7915825975867423
2048,100,9169.349964976815,9169.349964976815,1.0
8192,500,30666.80462561862,20558.185404494525,1.491707756410938
8192,100,25440.224664257337,25440.224664257337,1.0
4096,500,56265.69165701632,30807.185918026305,1.8263820592614854
1024,600,30342.038061005525,20442.695272351662,1.484248415229401
2048,900,40570.93794678605,38891.783213405324,1.0431750512484075
512,900,105061.59619799885,91856.52223014132,1.1437576085753929
512,900,101635.84778110744,96310.49967324318,1.0552935362803828
1024,600,45433.76644004859,37315.749872411354,1.2175493349428608
512,100,15325.01627141876,15312.764243852314,1.0008001186050628
256,600,121607.77681778217,82210.52420515442,1.479223955734826
128,800,156849.48083704634,88007.77202189426,1.7822230609135963
256,1000,151171.26470864736,117216.61555814055,1.289674369020363
128,300,60598.366064118134,34152.10038414554,1.7743671804223722
8192,1000,82404.30443125752,81704.81311790232,1.0085612008235771
8192,300,69759.15177939474,69759.15177939474,1.0
1024,300,23672.62790589815,21519.631696399152,1.1000480045324965
8192,800,202129.88973115865,178142.21764117235,1.134654617011135
512,100,17551.975143484553,17402.954696611207,1.0085629394244395
2048,100,18595.337664656734,18595.337664656734,1.0
1024,600,57128.467844406034,46448.9967564828,1.2299182293196187
256,300,82650.32351873376,81301.47690523788,1.0165906778676117
128,1000,188604.05025260226,108467.36333138205,1.7388092091479361
2048,900,109081.01275692318,81142.94619253738,1.3443067805067601
2048,200,58667.68283716659,58164.57654757025,1.0086497026104002
512,100,17667.534938262415,16761.07212005239,1.0540814341539382
1024,300,73181.04164995189,71342.42663188108,1.0257716916128723
128,400,118008.32890231516,93117.14843824577,1.2673103814017344
2048,1000,58677.84032211275,45809.33523320091,1.2809144691448224
1024,500,35898.09821800283,31663.06987732136,1.1337529291092145
4096,1000,318823.5863822797,318823.5863822797,1.0
128,600,101519.9167402275,55871.60268351879,1.817021740279776
1024,300,30746.90512885161,27248.226586824265,1.1284002293095696
2048,800,103059.5391238463,86811.4173682552,1.187165723682017
2048,600,370329.99013737525,370329.8703327854,1.0000003235077681
4096,400,32986.9689640236,30788.555312709123,1.0714035988043584
1024,100,20769.26204959299,20722.565533660163,1.0022534138380201
8192,300,148542.84856807854,148542.84856807854,1.0
256,700,73133.32125680934,36575.40564901358,1.9995218086879023
512,400,29605.67643319432,28990.714279328946,1.0212123836598208
256,200,32791.507828171045,22182.883245990513,1.478234703060884
4096,300,23670.10054418794,21519.631696399152,1.0999305600638427
1024,700,20516.75889828714,20241.050244316226,1.0136212622686578
1024,200,40391.504030824755,34123.56738045935,1.1836835105919992
512,100,13344.194099298318,13344.194099298318,1.0
2048,200,24882.517172980835,24882.517172980835,1.0
1024,900,47322.647800852894,47268.417986599445,1.00114727373082
8192,400,206533.6195535207,206533.6195535207,1.0
256,500,135317.67510452605,118964.10663554122,1.1374664084107795
4096,500,34433.87820574358,34433.87820574358,1.0
1024,200,25789.8571929023,25789.8571929023,1.0
128,800,237349.59804595972,205600.62385254813,1.1544206121484397
1024,400,19172.69299971093,17742.443550288524,1.0806117514404687
4096,600,102007.14592153949,102007.14592153949,1.0
256,400,52959.51386320305,30799.159109877237,1.7195116812854487
8192,800,34002.287907534934,34002.287907534934,1.0
256,900,274595.11302217847,230159.98859425177,1.1930618988092723
1024,500,33758.34439670656,25362.56656300998,1.3310302927283943
4096,700,27245.476083556227,25871.051952994367,1.053125946832741
2048,300,19296.06042391556,19296.06042391556,1.0
128,400,85048.16063370187,57575.34732942383,1.4771627889118801
128,500,98795.4384918921,58198.746717059876,1.6975526805104217
512,200,21499.334432836633,20173.677302438762,1.0657122204605511
128,300,73235.58593547622,42886.675174210075,1.707653615907173
512,700,114612.52835165332,107262.5973375693,1.0685227767788694
=======
1024,500,38461.16635703242,38397.17028659358,1.0016666871532767
2048,1000,90794.33323935008,90612.693267471,1.002004575356158
8192,1000,162392.86932151654,162392.86932151654,1.0
2048,1000,60643.082216579176,60543.78817954,1.001640036740759
8192,400,32120.436929723935,30165.425795839306,1.0648096647836571
128,700,126879.19656861776,75809.96321061933,1.6736480430166563
128,1000,353889.9919854133,288023.0601366038,1.2286863135804824
2048,900,53571.25774401215,42076.23356110103,1.2731951795594685
4096,200,26168.682166838385,18050.62303154285,1.4497384451001776
2048,300,48198.78486748399,45111.95494347674,1.0684259843732091
128,100,26118.48478716482,14446.766271911083,1.8079121857150215
128,1000,227766.3059033503,110076.46947736123,2.0691643453389794
4096,300,20635.240238738857,20570.96909448887,1.0031243615191276
256,200,27773.144471025636,27723.977542298137,1.001773444256059
4096,400,66926.42590403692,66926.42590403692,1.0
2048,200,32540.902931029297,32540.902931029297,1.0
256,1000,207581.2220989101,194547.19755313522,1.066996722182107
4096,600,57412.70684815128,57412.70684815128,1.0
256,500,116934.60378158264,73196.94614990943,1.5975339127140256
256,400,60375.573064173186,45126.42140747785,1.3379206943754778
512,500,117177.29219232286,114523.64185050332,1.0231712011506195
2048,900,61698.627097247474,52757.84825268096,1.16946822398338
8192,300,84396.74424018276,84396.74424018276,1.0
512,900,151488.2616381002,149649.57060028278,1.0122866442612697
2048,600,36821.04482798652,32874.997452313044,1.1200318686380868
256,700,85550.74837470999,51196.085489777375,1.6710408140831863
128,300,53498.27720776395,27253.416999670506,1.9629933820192436
128,300,63711.90932338997,33300.695014947356,1.913230618603973
1024,700,49807.32026389733,49201.53957608187,1.0123122303292709
256,800,94318.12497856667,57826.93902776309,1.631041285676282
1024,1000,39664.21763898849,30928.88515915138,1.2824328272709324
4096,900,49096.08973244828,42308.40617125458,1.1604334498850828
512,600,32818.4532448086,21988.935751463338,1.4924984826800711
2048,700,110861.21868081589,110859.18311471,1.0000183617274518
256,400,65576.34093928852,53259.20525974124,1.2312677333331865
2048,500,66632.54497638339,66624.56129320196,1.0001198309306127
128,800,160443.59352721478,92351.37447544445,1.7373167907736506
512,200,29681.86676071296,23117.237029627373,1.2839712082664665
128,900,159997.40693254472,94518.05570423097,1.692770822891384
512,300,33749.25954700728,32331.936268961428,1.0438366346591643
8192,400,34318.891360832946,33618.972390895855,1.0208191660886885
8192,500,31854.501985315517,30238.042864909574,1.053457795784852
128,400,84929.73616372819,48720.51320368562,1.7432028231858485
512,400,186842.49628866726,186703.3320474569,1.0007453763127
8192,700,21832.533161060226,21733.392272247234,1.0045616849671273
8192,400,35053.10290940029,26546.468859735378,1.3204431479987695
1024,600,38358.16139363331,29865.350306368007,1.2843700475682829
512,700,43344.95812322943,29025.881672657724,1.4933209820137945
4096,400,39061.461442675914,36227.84755042349,1.0782164573346091
8192,300,30746.90512885161,27248.226586824265,1.1284002293095696
512,200,20515.978126186423,20330.555626091365,1.0091203852715709
2048,500,150425.0517802286,150425.0517802286,1.0
128,400,80361.31285560728,42797.12681057494,1.8777268205712918
2048,400,19270.82451058234,17742.443550288524,1.0861426418498574
4096,400,27725.870549102983,27155.933418576842,1.0209875728350497
8192,800,48600.44480731025,48235.14390825591,1.0075733349059588
1024,900,86535.01083660268,85663.51049156082,1.0101735305971113
512,700,96701.88468773989,80357.08323268619,1.2034021245858917
256,1000,147898.92233112757,95719.83817352499,1.5451229875985595
256,700,90503.58741255454,66354.8129063725,1.3639340305315346
256,500,113439.06256735322,63127.950965255164,1.7969704518017489
8192,700,95854.95894721552,73742.01759573007,1.2998689495141489
128,500,94041.10369337548,55659.95529531376,1.6895648441401674
2048,900,47144.29704189259,47139.992713958745,1.000091309473889
128,200,51747.6545204258,42776.4318576044,1.2097234919613
4096,400,66503.6244481076,66503.6244481076,1.0
2048,400,25810.603068699493,23700.07824770922,1.0890513861992952
2048,100,9516.14337669928,9516.14337669928,1.0
256,300,37561.22453908314,16760.521743464207,2.241053417906289
1024,800,36938.43604899074,35597.83621265971,1.0376595877435457
128,900,207787.158994391,110304.68081578685,1.8837564957139372
1024,900,75530.3034590558,75449.13454700036,1.0010758097166095
2048,400,23344.740664976227,19252.6280861351,1.2125482588939682
8192,900,33329.95071812044,33158.57017036733,1.005168514410379
256,500,87974.60749059528,84910.77897470127,1.036082916125488
512,100,11407.581556685866,9011.915100790524,1.2658332251360418
2048,400,32353.787227842902,32352.598258555856,1.0000367503493086
128,700,270171.98926464765,237800.98990500558,1.1361264281219912
2048,400,78360.88806338026,50876.400696790595,1.5402207504888108
4096,1000,281398.91676139703,281398.91676139703,1.0
4096,800,120712.62684671115,107232.14310089932,1.1257130871023202
128,1000,213919.18080804372,163336.4654407616,1.3096841555300296
128,1000,216395.49304877516,115948.15552755489,1.866312508932918
128,600,110960.72833659503,64016.28039679616,1.7333204561217885
1024,400,21174.229810891542,18307.43976342798,1.1565915324321006
512,600,110805.92034307559,90097.16084726775,1.2298491905967295
128,700,206237.64661685415,142838.5537233773,1.4438514059464382
256,1000,334742.120190829,320464.419199229,1.044553155159243
4096,700,112106.62893233435,107260.20847207752,1.0451837687926784
8192,700,40110.43789865372,40106.49652901174,1.0000982725987828
512,400,59405.259225095055,52638.32287426997,1.1285553182799601
256,400,68935.85881740136,60987.569802147,1.1303263770148544
8192,600,154139.23729344973,127907.92965534359,1.2050796045936178
8192,900,183126.6918346876,183126.6918346876,1.0
4096,800,46252.722929099225,36672.2149998591,1.2612470484609926
512,500,86825.8074657917,62600.06932840837,1.386992193415823
8192,800,148024.03103293112,148024.03103293112,1.0
2048,200,13337.35876144625,13337.35876144625,1.0
1024,200,30131.327300548455,26688.32812098575,1.1290076757133163
8192,500,48021.98700860474,41189.47869015632,1.165879941570644
256,500,72266.80620647322,64106.45222511053,1.1272938011404456
1024,100,7348.806094934624,7152.901243328333,1.0273881666951596
1024,300,24153.912557385123,24078.953359370287,1.0031130588151442
512,900,267058.98754114803,229800.42209317343,1.1621344517499101
256,100,25980.227856957084,25440.224664257337,1.0212263531406007
128,700,157626.24021504037,92417.89181801837,1.7055814314118403
128,1000,234082.8303191439,155765.44053451647,1.5027905388761307
2048,700,26084.67944679828,26067.12107591305,1.0006735830487032
2048,800,106120.60635907578,82940.54724397566,1.2794780102778234
8192,1000,172594.03018481666,111577.13934558528,1.546858354651352
2048,700,27322.6898344503,25871.051952994367,1.0561105085364693
256,1000,112285.97031133634,58569.061920395274,1.9171550069207346
4096,700,66582.97055012165,60285.399819468286,1.1044626186358917
128,200,44629.63309348237,21601.854967306153,2.066009292305136
8192,800,78175.44132986665,48425.21287150835,1.6143541079994355
2048,1000,60308.0981481935,60202.342442558154,1.0017566709424348
1024,700,58812.8507785173,58796.06304945136,1.00028552471365
512,900,73859.25117540597,63466.880684134354,1.1637447812031754
128,300,63983.511817852006,34119.012930735975,1.8753037184206673
4096,900,68817.41819972453,68817.41819972453,1.0
4096,200,28779.18209724736,23681.10697554874,1.2152802707644745
256,900,263132.7971787343,253651.7844619295,1.0373780643290835
1024,500,68164.6243570432,62373.284305942194,1.0928496890222161
256,900,158206.45035248925,132038.8394742635,1.1981811638334356
1024,700,117281.37643684271,116488.33981442524,1.0068078626897836
128,700,141839.04612177616,78479.10754470208,1.807347847845797
1024,900,52587.522889468455,52575.017380802,1.0002378602859203
256,300,40038.84794083701,21515.230474413613,1.8609537085113772
1024,700,127878.73918230736,85672.54241504308,1.4926455498751883
1024,800,93508.94838666865,83711.93042021694,1.1170325175548175
256,300,28521.28569991604,22793.463249481996,1.2512923283197963
1024,800,57352.71599952745,53281.95779009162,1.0764003121933488
2048,700,20432.134887567336,20241.050244316226,1.0094404510114177
1024,200,24337.522142430917,21228.428234486382,1.146458978196685
8192,900,51151.844025608865,51151.844025608865,1.0
256,300,82059.63686776321,80517.55870716526,1.0191520729808308
512,100,14384.95796845455,12228.569679313945,1.1763401890564837
2048,700,39871.129132814094,37075.37110490693,1.0754074185797466
1024,800,87161.76465233693,62102.16000225037,1.4035222711927973
128,700,150485.7125004651,91940.15576527944,1.6367789596164137
128,100,36316.540661179795,31016.524467410036,1.1708771786903023
1024,900,262672.5604743686,255315.3157889041,1.0288163076419103
2048,300,25137.895432542904,24009.73900443229,1.0469874507133272
2048,900,115414.78727487197,114082.80036744605,1.011675615457683
512,800,70234.47827191446,48658.058952929256,1.4434295116428248
512,400,31705.682196451897,28824.379087289086,1.0999606305633622
1024,500,27319.151569382047,27319.151569382047,1.0
2048,400,71964.50192064916,61717.64616532399,1.1660279740396573
512,800,74669.45544901815,64362.85987349461,1.1601326540769192
2048,300,18919.248199579837,18573.116360380285,1.01863617459146
512,400,48962.06222065106,46346.74140253926,1.056429443343098
1024,1000,319278.8366645242,318823.5863822797,1.0014279065341756
1024,700,91534.19074857153,82072.46511123,1.115285018239898
2048,200,16319.914003266998,16319.454371522042,1.0000281646514946
128,600,150158.6887541101,102083.55250788486,1.4709390990533167
256,200,48468.59539137367,44503.178337827754,1.0891041314722303
256,300,40502.00527823836,25925.04840988032,1.5622730819203638
8192,400,62641.756947637405,43214.48493372207,1.449554635296727
2048,900,53349.95213541944,53309.00486140186,1.0007681117688096
2048,800,53081.2394932137,50851.16746299596,1.0438548836040107
8192,1000,38517.829877493976,38513.66294334092,1.0001081936599796
4096,100,14384.95796845455,12228.569679313945,1.1763401890564837
128,800,169803.4822203609,89210.20923574897,1.903408630862352
256,400,46178.642521021065,26808.94972573375,1.7225084530892483
256,500,55076.51001217142,29868.4267369777,1.8439709093879262
8192,300,62461.85801432151,60345.735579996704,1.035066644129635
8192,300,80360.55407407164,80360.55407407164,1.0
4096,800,112759.44110463203,77768.99443358157,1.4499279812719448
256,400,32170.10409596993,16466.24380733385,1.953700216781789
8192,900,72933.47013669772,72933.47013669772,1.0
128,300,61572.27892812635,32718.346740617188,1.8818884528688404
1024,500,78191.06169403781,57888.8463754861,1.3507103110479153
256,200,39889.829644576894,39820.04492620314,1.0017525022511422
1024,200,24034.47614191371,24000.475759263372,1.0014166545276593
128,200,40389.198399366775,25552.63257851312,1.5806276819136644
8192,400,76270.46612357127,43737.033632128354,1.7438417695420594
512,600,57457.96636500407,53722.666447453994,1.069529309778463
2048,900,104443.0892344593,81048.18639186893,1.28865424242161
2048,900,140197.73271256403,113578.57949298169,1.2343677244284184
1024,500,40751.5706118697,36276.16196639806,1.1233705111807895
256,1000,206148.38211069128,178404.20743107868,1.1555130065546844
256,600,69535.94358668028,37319.166647534046,1.8632769655180668
8192,600,44245.78442237148,44245.02565111483,1.0000171493008645
8192,700,112840.09344125881,112840.09344125881,1.0
512,200,17519.704489613356,17465.341889253814,1.0031125986942742
128,300,49546.02405375268,29869.66446699064,1.658740562971728
256,800,83155.03141640677,44884.135805066064,1.8526597410174728
2048,700,26314.50117542097,18573.466244444164,1.4167792284486673
1024,700,57338.87514856204,35819.1385364328,1.6007887819591422
8192,300,23670.10054418794,21519.631696399152,1.0999305600638427
2048,1000,52693.590522762395,52314.885183268474,1.0072389595842033
512,700,50525.13317692196,26960.090062369884,1.8740713795850217
8192,800,47410.138589706905,40421.19798120487,1.172902856856241
512,800,49677.72295899756,45863.92468154658,1.0831546428687004
1024,600,57691.78749631463,57234.00896316298,1.0079983656823042
256,200,27112.32363655999,21352.04078691819,1.2697766881923047
8192,700,72502.0685654886,61816.893419918626,1.1728520240088125
256,800,122744.48113517543,101772.97572271765,1.2060616314255668
1024,100,25440.224664257337,25440.224664257337,1.0
1024,300,25238.09529635578,24009.73900443229,1.0511607515473922
8192,800,52808.00057591062,44366.085532812314,1.1902785639462112
4096,200,97563.39295797232,97563.39295797232,1.0
2048,700,46092.70347870057,36017.436572769824,1.2797330366800153
1024,200,27187.568942371363,25552.63257851312,1.0639830889766342
128,600,111269.43856751123,68959.49422032459,1.6135477764962571
512,600,105409.66967454455,85860.7325228005,1.2276819283664133
2048,900,147582.43789985505,119327.18954102685,1.2367880150995556
512,900,106958.30073104074,101546.8599937516,1.0532900843770268
8192,1000,125673.09932425611,109603.29142325721,1.1466179317456973
256,300,40975.258669114504,24009.73900443229,1.7066099161490391
512,400,37936.34455085542,33618.972390895855,1.1284207057182012
8192,800,99630.49994718055,77475.65594337959,1.2859587793615075
128,800,177038.61151869845,92675.16199414137,1.9103134832382627
128,100,74079.70408584802,72967.22941615328,1.0152462232511252
4096,1000,180084.44376155233,177234.74373613778,1.0160786760278622
512,300,36418.31717850419,22146.00515886802,1.6444644041781524
4096,500,84889.56492633495,84889.56492633495,1.0
512,1000,322467.93393644196,318872.8660565887,1.0112742985137382
4096,400,24916.803302408574,24898.237602795067,1.0007456632035443
512,200,19867.969084765522,18786.158172106803,1.0575855320043543
4096,600,86765.25402755744,86765.25402755744,1.0
2048,900,38789.89143020699,38773.95122637488,1.000411105995854
4096,700,86849.19399913022,83768.6586116748,1.0367743191607715
256,400,113539.60247639765,108365.40803212737,1.0477476580232714
2048,400,23940.42309750467,22105.08631748286,1.0830278042646795
2048,100,17347.873752067557,17347.873752067557,1.0
128,1000,205736.56267894598,115440.97043804495,1.7821797746352193
256,600,55982.83011852346,32190.559785344685,1.7391070702663152
2048,500,27455.221305217918,27319.151569382047,1.004980745302075
512,400,74875.93550064636,60333.80288876994,1.2410279464512783
1024,1000,172875.445194362,111577.13934558528,1.5493805111719068
4096,800,67864.85909306852,62454.88761199475,1.086622067350174
4096,300,30387.96483767547,25368.022265529136,1.1978846643858236
2048,300,23670.22757196316,21519.631696399152,1.0999364629425263
512,400,27452.80457395828,18378.334353517806,1.4937591212504808
256,200,24726.548750382834,12441.910416424595,1.9873594908496737
8192,400,28848.389519415017,28824.379087289086,1.0008329904367834
4096,1000,96205.86423048834,93286.52965676959,1.031294277796161
512,100,11196.074567495803,9574.086555025397,1.169414387800686
4096,200,22703.64482373528,16584.68314295091,1.3689525828164615
512,200,48551.63518383038,48339.89611714323,1.0043802135232984
512,1000,150585.04787733866,101940.34443496184,1.4771879446945781
8192,500,82270.32260628762,79358.12801462926,1.036696866023875
128,700,137555.8357586879,80381.02878996897,1.7112972778454159
8192,600,57066.6499738179,46448.9967564828,1.2285873529841786
1024,800,91712.22926923254,75114.39828637919,1.2209673692595246
1024,100,33641.93709583374,33641.93709583374,1.0
2048,1000,139683.0462696234,121618.88196705427,1.1485309189691661
1024,300,86292.37019088893,86170.66124077488,1.0014124175022168
2048,300,42007.74784846237,31364.460634147326,1.3393422682591076
8192,400,78467.90727403564,78467.90727403564,1.0
256,500,97991.76296389435,83700.23600340706,1.1707465551220853
128,200,49512.171417561134,36595.856922978,1.3529447205394765
1024,500,147606.31752317684,147480.7458449727,1.0008514445562686
256,600,72399.0773738576,42749.93105715173,1.6935484007463868
4096,400,77180.08129136279,31325.655831794265,2.4637977798705224
128,500,103337.66832072166,60599.398399554455,1.7052589802852138
256,100,20954.1945924843,17055.23313554162,1.2286079249668878
256,200,25174.024899400254,15726.677746397436,1.6007210998627446
8192,900,68186.15135445092,42142.405953476984,1.6179937953643386
256,500,105874.58703580228,75650.02876185662,1.399531352051318
4096,900,38611.781354489096,36333.36856705928,1.0627085480176335
1024,1000,31378.643019803127,23682.09487621599,1.3249943969828788
2048,600,170032.29983972557,160778.42770955205,1.0575566776090803
1024,900,93368.5466657397,85706.05508068645,1.0894043201246346
1024,400,21046.36350982538,20429.860901844946,1.0301765445659379
128,200,43070.21541801359,28980.424713004046,1.4861830302537697
2048,400,35679.915029422824,32093.024154301882,1.1117654371827137
2048,800,52814.52231677993,44366.085532812314,1.190425562284942
128,900,278562.103101364,164211.80971601093,1.6963585236842056
8192,600,103020.0017173615,97724.37299561259,1.0541894366719209
128,700,128246.90438977454,76932.73817319293,1.6670003880670652
1024,600,39742.31434598832,39588.435453367885,1.0038869657479061
2048,300,46527.39313765369,42876.67356603513,1.085144654843525
8192,900,104439.39514295681,81048.18639186893,1.2886086634683114
4096,900,93130.9914327715,85706.05508068645,1.086632576252576
4096,800,43192.76936591035,39511.64899287421,1.093165445301967
128,700,119527.20715201649,68977.11224126474,1.7328531634368822
128,400,86704.4861919235,49027.35786518295,1.768491918947506
2048,200,45587.1976776367,44311.444499564175,1.0287906023484537
1024,600,54959.05662466751,54360.02424755477,1.0110197224045514
128,300,54857.92226192058,31753.51478726137,1.727617324552936
128,900,160918.97652017447,100393.00888181973,1.6028902640980158
1024,600,36828.14234758072,32874.997452313044,1.1202477627869607
256,300,43163.54724044248,22337.66806533914,1.932321096104852
4096,200,17447.445451633095,17444.605877280243,1.0001627766412626
1024,800,65032.16361365016,57706.6904436543,1.1269432212049757
4096,100,20007.909292777418,18096.624174953435,1.1056155611867815
128,400,91435.32037237009,50363.62225938312,1.8155032595046319
256,400,64673.02195942891,58595.613062953016,1.1037178139931147
128,700,176527.79609412292,86538.92833380034,2.0398657516674463
1024,500,86133.02049895885,62598.35627795712,1.375962974434986
4096,800,76714.89423435816,75591.86163784155,1.014856527834928
2048,100,14384.95796845455,12228.569679313945,1.1763401890564837
8192,200,30131.327300548455,26688.32812098575,1.1290076757133163
128,100,14358.241189652523,12506.156799285585,1.1480938085209949
512,800,62963.14729337789,44366.085532812314,1.419172923128671
1024,700,124774.09263861763,117219.7735553616,1.0644457744126952
4096,100,20722.565533660163,20722.565533660163,1.0
512,300,87611.62968791866,86191.01916507911,1.0164821177032226
4096,200,16319.454371522042,16319.454371522042,1.0
1024,400,25776.393620333653,19252.6280861351,1.3388506496365908
1024,400,38303.30943191737,32569.65752594252,1.1760427447358897
4096,700,170514.54536366955,170514.54536366955,1.0
8192,1000,28003.028411344018,28003.028411344018,1.0
128,400,74062.02734788459,42723.60226027847,1.7335155143680963
128,300,53436.901581363905,33207.329205691334,1.6091899848484492
256,600,118290.4107247825,94961.903825476,1.245661743915543
256,400,39103.0358329415,26944.926090923545,1.4512207493533797
8192,400,20429.860901844946,20429.860901844946,1.0
8192,300,25080.65034537924,25080.65034537924,1.0
4096,400,48940.921402939224,38819.630796565834,1.26072609137923
8192,200,53640.79281597229,53640.79281597229,1.0
256,200,24706.90598465484,18620.644394921266,1.326855583547559
8192,500,44987.9302988407,43236.65246550346,1.040504473252977
512,1000,138046.19743490277,94799.91351609524,1.456184845690446
1024,100,17345.177746936868,16761.07212005239,1.0348489418040074
128,500,105386.75640067545,62235.40719591476,1.6933569032323006
4096,200,17740.67758730927,17740.67758730927,1.0
8192,900,162745.78036577057,162744.67958603505,1.000006763844682
512,600,110309.40622736537,94912.1411777341,1.1622265060989203
2048,700,137019.5894164135,101971.47650017287,1.3437050645842246
128,200,35000.76198665357,22407.83808966297,1.5619874548629427
2048,300,25078.115835130782,21245.29525451237,1.1804079696093819
128,500,130701.61605690345,76617.57157086262,1.705896093770333
4096,900,235023.16966618467,212427.5200802827,1.1063687491025758
4096,900,65344.052303682205,60097.90469262115,1.0872933530360698
512,300,52683.09228477677,42586.891465992514,1.2370729694334819
128,500,105641.55225653252,59301.683299989054,1.781425861423263
256,800,122061.42192329261,112709.77703380244,1.0829710175603093
4096,500,33755.159300348416,25362.56656300998,1.3309047101557383
8192,400,56781.930622412154,56772.7824606574,1.0001611363994902
1024,800,117526.65986620326,101772.97572271765,1.1547924095921773
512,1000,60141.78245282478,31152.82778783593,1.9305400736785765
128,900,162039.20687794106,92800.87521868643,1.74609567524114
128,100,27639.06913243144,13798.527712172872,2.003044796442205
2048,200,14764.441624399278,14764.440789441054,1.0000000565519709
512,300,37321.47472928841,24597.69281353905,1.5172754214064315
4096,900,104439.39514295681,81048.18639186893,1.2886086634683114
8192,300,73079.30981278289,71342.42663188108,1.024345726139425
2048,300,20747.758773181948,19887.38962467144,1.0432620451828012
2048,600,27178.83218974356,26424.606119149255,1.0285425662427465
512,100,21977.798289269267,21561.33909716274,1.0193150893935585
256,400,35973.12114542325,20821.733470226685,1.7276717712702336
128,1000,189428.47165935708,108573.46405908014,1.7447032136349612
8192,600,25074.394501535673,22032.708212275476,1.1380532188759949
2048,1000,59622.98300575467,55734.051128954416,1.0697765871675515
8192,900,253619.1459229753,253619.1459229753,1.0
256,1000,126603.13778344865,71828.30656007184,1.7625800168011372
8192,100,17253.430595013517,16761.07212005239,1.0293751182164586
128,1000,202408.91693651458,112758.77583353377,1.7950613195316316
8192,200,29139.89239002461,18668.090115124316,1.560946631943691
2048,500,177216.5620740779,168416.85806467704,1.0522495438432982
1024,700,208711.5337490913,185588.29528429307,1.1245942715804191
2048,100,20721.11432278907,16561.60268801602,1.2511539319671565
128,1000,196244.49235727632,105648.99440198131,1.8575140583978527
1024,200,27032.302713702175,27032.28717728225,1.0000005747356788
4096,600,93830.21843648735,63281.703420590464,1.482738506782311
512,300,41148.323532116134,34690.24422950583,1.1861641347891514
256,300,44758.37002299703,22146.00515886802,2.0210584122019064
8192,700,137018.5543906216,101971.47650017287,1.3436949144341293
128,200,37872.286550040706,22557.733121605976,1.6789048059871907
128,500,90776.36362831894,56208.21260609286,1.6150017838937467
1024,300,19556.17448614989,19555.262961639615,1.0000466127462495
8192,1000,154192.8048722063,154192.8048722063,1.0
1024,100,11987.7322781685,11936.420001605858,1.0042987995190968
512,1000,72688.97606027973,40844.58099378827,1.7796479800180696
8192,600,24530.410286051585,20442.695272351662,1.199959690209171
2048,900,240354.51235418237,236191.38873228242,1.0176260601381144
128,600,104868.42554426123,61581.31829191577,1.7029259595767388
2048,100,9181.271790460134,9169.349964976815,1.0013001821861807
8192,500,30666.80462561862,20558.185404494525,1.491707756410938
8192,100,25440.224664257337,25440.224664257337,1.0
4096,500,56265.69165701632,30807.185918026305,1.8263820592614854
1024,600,27869.571476898534,20442.695272351662,1.3633022018672643
2048,900,40326.54709493627,38891.783213405324,1.0368911827379623
512,900,105336.10392385554,91856.52223014132,1.1467460487992556
512,900,102486.34476997674,96310.49967324318,1.0641243178852422
1024,600,45433.76644004859,37315.749872411354,1.2175493349428608
512,100,15325.01627141876,15312.764243852314,1.0008001186050628
256,600,120114.52247193662,82210.52420515442,1.4610601700117332
128,800,159382.85546525588,88007.77202189426,1.8110088666442459
256,1000,151671.41452982236,117216.61555814055,1.2939412540416841
128,300,56758.489010487036,34152.10038414554,1.6619326006911155
8192,1000,82404.30443125752,81704.81311790232,1.0085612008235771
8192,300,69759.15177939474,69759.15177939474,1.0
1024,300,23670.10054418794,21519.631696399152,1.0999305600638427
8192,800,202129.88973115865,178142.21764117235,1.134654617011135
512,100,17485.40893155383,17402.954696611207,1.0047379445835527
2048,100,18595.337664656734,18595.337664656734,1.0
1024,600,57386.618113154684,46448.9967564828,1.2354759439480325
256,300,83690.7396736496,81301.47690523788,1.0293876920734977
128,1000,189179.68701097983,108467.36333138205,1.7441162133997028
2048,900,109079.15272347725,81142.94619253738,1.3442838575845195
2048,200,58667.68283716659,58164.57654757025,1.0086497026104002
512,100,17328.618219791097,16761.07212005239,1.0338609663912675
1024,300,73212.75873882131,71342.42663188108,1.0262162670270656
128,400,110843.65442471243,93117.14843824577,1.190367792439678
2048,1000,58688.918464616276,45809.33523320091,1.2811563006939406
1024,500,35838.02546682409,31663.06987732136,1.131855679366486
4096,1000,318823.5863822797,318823.5863822797,1.0
128,600,101796.04712460072,55871.60268351879,1.8219639715942657
1024,300,30746.90512885161,27248.226586824265,1.1284002293095696
2048,800,103059.5391238463,86811.4173682552,1.187165723682017
2048,600,370329.99013737525,370329.8703327854,1.0000003235077681
4096,400,32984.361040778436,30788.555312709123,1.0713188944972327
1024,100,20769.26204959299,20722.565533660163,1.0022534138380201
8192,300,148542.84856807854,148542.84856807854,1.0
256,700,71319.85529545337,36575.40564901358,1.9499402407140993
512,400,29331.041948321003,28990.714279328946,1.0117391957201523
256,200,33157.118013889485,22182.883245990513,1.494716338097417
4096,300,23670.10054418794,21519.631696399152,1.0999305600638427
1024,700,21740.18674709676,20241.050244316226,1.0740641658750636
1024,200,40397.98522839705,34123.56738045935,1.1838734437692673
512,100,13344.194099298318,13344.194099298318,1.0
2048,200,24882.517172980835,24882.517172980835,1.0
1024,900,48886.412426135976,47268.417986599445,1.0342299257824799
8192,400,206533.6195535207,206533.6195535207,1.0
256,500,132911.98430992867,118964.10663554122,1.1172444199250637
4096,500,34433.87820574358,34433.87820574358,1.0
1024,200,25793.245669521897,25789.8571929023,1.0001313879559028
128,800,235894.3024115968,205600.62385254813,1.1473423474666815
1024,400,19176.02758822155,17742.443550288524,1.0807996955926464
4096,600,102007.14592153949,102007.14592153949,1.0
256,400,46757.25014533722,30799.159109877237,1.5181339847146103
8192,800,34003.90181609964,34002.287907534934,1.0000474647049957
256,900,277372.70511289843,230159.98859425177,1.2051299915637284
1024,500,33756.910718105086,25362.56656300998,1.3309737653813725
4096,700,27267.927037159032,25871.051952994367,1.0539937489477689
2048,300,19296.06042391556,19296.06042391556,1.0
128,400,83987.67930463103,57575.34732942383,1.458743771428526
128,500,97581.97261993062,58198.746717059876,1.6767023024453942
512,200,21648.253890158867,20173.677302438762,1.0730940901657946
128,300,75839.15057318924,42886.675174210075,1.7683616243302338
512,700,113525.6512429043,107262.5973375693,1.0583899146654483
>>>>>>> a2683253b43fac3e70a11df0799a71278281a7a7
4096,700,85438.44490528817,85438.44490528817,1.0
2048,400,49285.71875470693,43244.960742362484,1.1396869810642922
8192,400,126599.04493294522,123287.74065024371,1.0268583418370476
8192,500,90247.07798795842,83700.2145046859,1.0782180012562095
<<<<<<< HEAD
256,900,90766.98557048193,48142.95380320393,1.8853638674002875
512,800,81091.32037908121,72564.78502388351,1.1175023856598119
512,900,153785.5311965867,107835.44573164219,1.4261130016497106
2048,700,96411.94825041256,84599.65574644411,1.1396257750666432
256,600,82238.67810895678,54695.76403720911,1.5035657615644684
1024,200,8884.071972740172,8778.22964733385,1.0120573657398526
8192,100,27048.854495395608,26872.954657817776,1.006545608393927
512,300,33876.12383401563,25922.78608210399,1.3068087560774297
512,600,93956.9413302126,77283.67991443432,1.2157410391720258
512,200,41965.695862648645,36722.781297896625,1.1427700838403632
8192,500,107204.63278326692,73187.77810821602,1.4647887332329355
2048,100,15988.830473053258,15982.980607392092,1.0003660059287354
=======
256,900,93593.93819730733,48142.95380320393,1.9440838337401438
512,800,77922.1654624134,72564.78502388351,1.0738289300625172
512,900,154008.35291955748,107835.44573164219,1.4281793140895485
2048,700,96411.94825041256,84599.65574644411,1.1396257750666432
256,600,83554.88393395735,54695.76403720911,1.5276298887993518
1024,200,9165.290989558473,8778.22964733385,1.044093326077677
8192,100,27048.854495395608,26872.954657817776,1.006545608393927
512,300,33823.907007946196,25922.78608210399,1.3047944345494873
512,600,91717.85123021164,77283.67991443432,1.1867686855977653
512,200,42425.85062386042,36722.781297896625,1.155300582483126
8192,500,107204.63278326692,73187.77810821602,1.4647887332329355
2048,100,15982.980607392092,15982.980607392092,1.0
>>>>>>> a2683253b43fac3e70a11df0799a71278281a7a7
8192,300,24280.001026100275,21017.690379287385,1.1552173710784057
8192,200,36645.349012206316,35921.64382160135,1.0201467726309832
8192,900,101158.61654056568,101158.61654056568,1.0
4096,1000,177645.49193167785,164826.80934945482,1.0777706165205547
<<<<<<< HEAD
256,300,35053.22971303412,17827.437375652476,1.9662517373869717
2048,600,53760.23128945487,53722.666447453994,1.0006992363649265
512,500,59404.048218558986,50986.98493784023,1.1650825851142257
128,200,38352.28628216401,28752.091133108686,1.3338955453574115
2048,900,49088.85342426217,42308.40617125458,1.1602624127593442
2048,200,20983.392416218016,20983.392416218016,1.0
2048,400,42692.918385157594,42692.918385157594,1.0
128,1000,208259.4356397183,119877.02488971625,1.737275644197139
1024,400,29301.546735203963,27677.385709128852,1.0586818799703115
8192,700,127778.93208582506,85672.54241504308,1.4914805663965984
512,100,26750.26275358314,26077.67380743252,1.0257917539392998
2048,700,103268.91959984694,87919.86057306842,1.1745801111004064
4096,100,12506.156799285585,12506.156799285585,1.0
256,1000,175570.54603448362,154489.75373513065,1.1364543070959614
128,600,149901.84525028098,90318.97399063353,1.659693845346676
256,700,82061.61264099438,41935.33336202956,1.9568608631903055
512,800,109160.58277441254,101845.3758611526,1.0718265984234068
2048,900,27828.443464051892,25632.20759839876,1.085682665342892
8192,800,36500.09774318068,35597.83621265971,1.02534596555619
128,300,56583.696751227064,30116.443643117553,1.8788306289331083
512,500,38805.60327748225,33191.11398476165,1.1691563981642275
128,700,184901.97097564212,103514.09104961141,1.7862492835591222
128,700,161287.9077138223,88156.94624075736,1.8295541598428746
512,700,158708.02896741958,156144.92700669277,1.0164148910237536
4096,400,34322.29310966394,33618.972390895855,1.0209203514786354
8192,100,17347.873752067557,17347.873752067557,1.0
1024,600,49445.37022116431,49110.74686009548,1.0068136483858021
128,900,173797.85166252384,102336.6893389555,1.6982946466723925
512,100,33641.93709583374,33641.93709583374,1.0
512,1000,140313.594154125,131821.8771527211,1.064418116209693
4096,100,23406.310004142215,23406.310004142215,1.0
4096,700,58796.06304945136,58796.06304945136,1.0
1024,900,108398.13407685672,106758.6671591515,1.0153567570796023
512,400,201939.75223886696,199256.12813637196,1.0134682136383695
2048,200,44472.78717300469,44463.976038674446,1.0001981634373538
512,400,45240.73921630379,36379.94568810993,1.2435625826426078
512,700,38793.504519831586,25871.051952994367,1.4994946703487853
256,500,94948.29885007074,62646.179782811574,1.5156279150500092
2048,1000,578728.0008594855,578726.0804275025,1.000003318378155
128,600,116689.45297419118,65760.98539115372,1.7744480603523385
128,200,48393.21902766639,27814.232772578187,1.7398725114351112
256,300,32866.24504195547,19556.161831988105,1.6806081543156388
512,400,36282.9895905003,27854.974889369056,1.3025676646489395
256,1000,304290.03532241913,282352.83372106106,1.0776942852396871
4096,400,38263.14078125577,32569.65752594252,1.1748094296287352
1024,900,253934.03951309275,253619.1459229753,1.0012416002308164
1024,300,77306.4040908596,77306.4040908596,1.0
128,700,125767.8495351175,77115.47929902589,1.6309027795500737
8192,100,31888.171785391976,31888.171785391976,1.0
256,700,82002.37151935382,52221.72197707259,1.570273219932428
128,1000,192064.8878678035,112135.50198644286,1.7127928663575616
128,600,141227.76960097539,78385.53990888693,1.8017069189691675
2048,1000,36642.78455912145,36609.43763730977,1.0009108832029066
8192,100,9768.925659236022,9768.925659236022,1.0
4096,900,92228.10208128339,92225.73944329564,1.0000256179890996
256,200,31577.561217576495,24001.323039952378,1.315659189496045
2048,400,66503.6244481076,66503.6244481076,1.0
512,800,78284.05895110028,48425.21287150835,1.6165971052893355
4096,500,95840.79588635585,59644.592375848035,1.6068647981097577
256,1000,109545.79980028578,59696.58443065613,1.8350430069836703
256,300,50185.83211312925,42876.67356603513,1.1704693470643694
1024,400,74429.5888392453,60333.80288876994,1.233629993064784
512,700,127978.83924372659,79385.89031895016,1.612110650010268
1024,600,114350.55959190287,60935.422956383656,1.876585966651166
1024,800,27151.43639937475,21523.526764125163,1.2614771127857185
2048,200,27032.28717728225,27032.28717728225,1.0
512,800,108863.42612445065,106838.68689460534,1.0189513676056565
4096,900,155185.21938336626,117302.28488761534,1.3229513775630688
2048,100,7348.806094934624,7152.901243328333,1.0273881666951596
256,800,125741.65753974221,92708.63347505928,1.356310117261836
8192,100,15423.483362375071,15423.483362375071,1.0
256,200,38936.956273228214,38240.07191018615,1.0182239291986381
128,700,246634.3465310206,188120.42398621296,1.3110450279927925
8192,600,129100.68041493383,129100.68041493383,1.0
256,100,10522.6179504952,9669.996324546642,1.0881718665998077
256,600,71101.32572610737,60144.36411673883,1.1821776947895124
256,1000,108637.94230414169,53373.921035885694,2.035412429810047
1024,600,120191.48265580733,98570.30723941623,1.219347753110637
128,700,149573.26965157824,81990.87854229896,1.8242671905803967
2048,700,112842.44142785326,112840.09344125881,1.0000208080880018
256,900,89377.85915477366,48180.01047654898,1.8550817708575886
8192,300,44731.78923694513,44731.78923694513,1.0
4096,800,211690.8134321658,194034.7845986657,1.0909941424679044
4096,700,127143.61860249727,79385.74559253757,1.6015925485550777
512,900,86538.85586975148,62743.09571777348,1.3792570302717353
128,400,82176.69299693784,45577.515792113525,1.8030094788789965
128,500,101984.46843005739,58953.46568758445,1.7299147258027143
256,100,24954.46616139476,22657.026405086697,1.101400762625773
128,400,87821.961610743,65575.75754197258,1.3392443320922593
256,1000,113885.72693565988,59303.79193163881,1.920378499016374
512,300,30545.74549446048,30136.71866331647,1.0135723744749254
128,700,130007.41911232521,80281.32480017202,1.6193980285692375
512,900,49104.242844001936,28000.950357785674,1.7536634370107542
128,1000,170364.52592587456,103156.1218404,1.651521236805096
2048,1000,86212.694939017,86205.71645145744,1.00008095156385
256,100,73313.19702761812,72899.20165737675,1.005679011029327
1024,700,110956.11354988662,110859.18311471,1.0008743563902713
128,400,63653.47240208909,37234.73001022396,1.7095188385845967
4096,500,36087.53642193955,32672.0883644722,1.1045371822996575
512,500,31568.71701170564,18951.21109794996,1.665788895946633
256,1000,113242.9282884306,61544.84579607809,1.8400066946897273
2048,600,38332.61620791499,29865.350306368007,1.283514702311781
512,1000,67771.503438964,49861.11429733623,1.3592055531455425
512,600,51944.41691618108,42366.510409600676,1.2260725845480527
128,500,98951.8781872021,57751.23288601085,1.7134158569828792
1024,700,39858.00932462451,36367.46158537439,1.0959799663514014
256,700,69765.24019210301,36804.73990335795,1.895550420279912
128,600,120053.06467182386,66694.55216133053,1.8000430437170034
256,500,72595.38231637882,36276.16196639806,2.0011869608373285
2048,200,21053.7369850466,18018.92824454402,1.1684233767577987
128,500,94541.70649536619,67322.36886313646,1.4043134264565986
8192,500,25394.86628937575,25394.86628937575,1.0
4096,300,20394.49232846054,20366.163083435094,1.0013909956877682
128,1000,217726.54638952683,118390.41659287378,1.8390554966814125
256,200,26144.17494715083,17417.097389354636,1.5010638318604224
1024,1000,127198.66703247996,126915.44900670389,1.0022315488618025
1024,100,9729.416843538993,9719.306867957976,1.0010401951207393
256,200,27769.34397320975,12853.18145079113,2.1605035359942355
2048,200,25297.631918906758,24576.88970803912,1.0293260139679872
8192,400,20994.306117409466,20821.733470226685,1.0082881018254097
4096,1000,121949.31828080749,119739.81211684954,1.0184525608057726
128,200,49204.53500805625,38161.73671411596,1.2893683371033682
1024,1000,81418.57559044218,71753.33995595953,1.1347008465447732
256,1000,109319.29558554136,60202.342442558154,1.8158644855031674
4096,1000,121905.96704247322,120557.43492411824,1.0111858063271153
1024,700,36025.87850153318,27791.12101437876,1.2963089356091058
512,600,42193.57005170292,39588.435453367885,1.0658054446582936
1024,300,48215.37982407216,45111.95494347674,1.0687938459879176
512,800,219937.89243787262,205909.12032910428,1.0681308923390387
512,300,31816.895668294368,17754.018043071766,1.7920954902211799
4096,300,40149.01121804975,27038.37020234757,1.484890210378282
4096,600,109463.22251769836,94912.1411777341,1.1533110638892412
4096,900,144283.235105093,140681.77176184164,1.0256000709839526
8192,300,22793.922593334773,22793.463249481996,1.000020152437905
4096,300,84396.74424018276,84396.74424018276,1.0
4096,200,25047.251795855973,22891.533499154106,1.0941709867004552
256,1000,261558.20623208344,185455.41127141757,1.4103562923234845
256,600,81129.99754542485,60947.46333963169,1.3311464185691426
1024,100,25357.935069268617,22966.616877245033,1.1041214822716385
512,600,57302.927424789064,45650.69479994113,1.2552476512331847
=======
256,300,36489.96922746055,17827.437375652476,2.046843214678522
2048,600,53764.12660210432,53722.666447453994,1.0007717441704216
512,500,59843.413961209444,50986.98493784023,1.1736997987656332
128,200,38985.35017089602,28752.091133108686,1.3559135573969958
2048,900,49121.154829527426,42308.40617125458,1.1610258876379418
2048,200,20983.392416218016,20983.392416218016,1.0
2048,400,42692.918385157594,42692.918385157594,1.0
128,1000,206509.70842681185,119877.02488971625,1.7226796261985597
1024,400,27970.96602177321,27677.385709128852,1.0106072269877544
8192,700,127778.93208582506,85672.54241504308,1.4914805663965984
512,100,26505.528563497784,26077.67380743252,1.016406937184072
2048,700,103376.45966096662,87919.86057306842,1.175803271151147
4096,100,12506.156799285585,12506.156799285585,1.0
256,1000,175916.06174658195,154489.75373513065,1.138690803068961
128,600,140525.14044595096,90318.97399063353,1.5558761823459601
256,700,84896.38168735965,41935.33336202956,2.0244594446035635
512,800,114999.54123786668,101845.3758611526,1.1291581995303093
2048,900,27798.739327603398,25632.20759839876,1.0845238054852513
8192,800,36500.09774318068,35597.83621265971,1.02534596555619
128,300,56390.97078255097,30116.443643117553,1.8724312688041398
512,500,37768.055380883554,33191.11398476165,1.13789658877443
128,700,196040.14652774663,103514.09104961141,1.8938498569609241
128,700,153156.6253243741,88156.94624075736,1.7373177254359748
512,700,158902.2574082781,156144.92700669277,1.0176587895261378
4096,400,34319.200311961096,33618.972390895855,1.020828355873687
8192,100,17347.873752067557,17347.873752067557,1.0
1024,600,49498.74068144718,49110.74686009548,1.0079003852752841
128,900,172692.7555544224,102336.6893389555,1.68749601604207
512,100,33641.93709583374,33641.93709583374,1.0
512,1000,139105.56828322625,131821.8771527211,1.0552540389184921
4096,100,23406.310004142215,23406.310004142215,1.0
4096,700,58796.06304945136,58796.06304945136,1.0
1024,900,108627.24097888333,106758.6671591515,1.017502783328554
512,400,201939.75223886696,199256.12813637196,1.0134682136383695
2048,200,44463.976038674446,44463.976038674446,1.0
512,400,44217.26941397549,36379.94568810993,1.2154297808208943
512,700,43160.86098943831,25871.051952994367,1.6683071514779586
256,500,89812.89424119842,62646.179782811574,1.433653170114623
2048,1000,578728.0008594855,578726.0804275025,1.000003318378155
128,600,124367.10800340751,65760.98539115372,1.8911989725162723
128,200,50693.997045542,27814.232772578187,1.8225919607432342
256,300,34765.526878395394,19556.161831988105,1.7777275099825192
512,400,35681.83734206853,27854.974889369056,1.2809861607768536
256,1000,302336.1897900463,282352.83372106106,1.0707744130123624
4096,400,38263.14078125577,32569.65752594252,1.1748094296287352
1024,900,253744.20250334064,253619.1459229753,1.0004930880904526
1024,300,77306.4040908596,77306.4040908596,1.0
128,700,132171.9840171668,77115.47929902589,1.7139488105189846
8192,100,31888.171785391976,31888.171785391976,1.0
256,700,80117.24689257472,52221.72197707259,1.5341747429881645
128,1000,189569.6178974095,112135.50198644286,1.6905405918665117
128,600,143430.21351749005,78385.53990888693,1.8298044981792452
2048,1000,36630.39701990057,36609.43763730977,1.000572513098902
8192,100,9768.925659236022,9768.925659236022,1.0
4096,900,92227.43751790529,92225.73944329564,1.0000184121550004
256,200,31738.884470686517,24001.323039952378,1.322380621178852
2048,400,66503.6244481076,66503.6244481076,1.0
512,800,78270.65481279744,48425.21287150835,1.6163203044761227
4096,500,95840.79588635585,59644.592375848035,1.6068647981097577
256,1000,109010.31373143173,59696.58443065613,1.826072877888997
256,300,50054.49514535586,42876.67356603513,1.1674062137368477
1024,400,74428.15428100078,60333.80288876994,1.2336062160413603
512,700,127870.41285603546,79385.89031895016,1.610744835666491
1024,600,114564.06785184168,60935.422956383656,1.8800898113703801
1024,800,29102.142469336548,21523.526764125163,1.3521084526836569
2048,200,27032.28717728225,27032.28717728225,1.0
512,800,109104.96792795113,106838.68689460534,1.0212121760311548
4096,900,155185.21938336626,117302.28488761534,1.3229513775630688
2048,100,7348.806094934624,7152.901243328333,1.0273881666951596
256,800,129088.21696551962,92708.63347505928,1.3924077200452671
8192,100,15423.483362375071,15423.483362375071,1.0
256,200,39023.24202740514,38240.07191018615,1.0204803515814096
128,700,246802.94424782318,188120.42398621296,1.3119412502807828
8192,600,129100.68041493383,129100.68041493383,1.0
256,100,9676.808369023272,9669.996324546642,1.000704451609701
256,600,71363.5813104002,60144.36411673883,1.1865381296888455
256,1000,96434.29602217127,53373.921035885694,1.8067680648257816
1024,600,120244.37389927011,98570.30723941623,1.2198843370469568
128,700,155471.41826248344,81990.87854229896,1.8962038342140215
2048,700,112842.44142785326,112840.09344125881,1.0000208080880018
256,900,84980.15346332389,48180.01047654898,1.7638052093136618
8192,300,44731.78923694513,44731.78923694513,1.0
4096,800,211690.8134321658,194034.7845986657,1.0909941424679044
4096,700,127143.61860249727,79385.74559253757,1.6015925485550777
512,900,84992.36031930168,62743.09571777348,1.3546089708676194
128,400,78680.96121467961,45577.515792113525,1.7263108760371297
128,500,97904.54474955554,58953.46568758445,1.6607088931528948
256,100,27319.89393050455,22657.026405086697,1.205802272639405
128,400,90326.57095882081,65575.75754197258,1.3774384672720887
256,1000,103606.00006699393,59303.79193163881,1.7470383712802642
512,300,30637.35068130353,30136.71866331647,1.0166120281235678
128,700,132707.3038200896,80281.32480017202,1.6530283244628925
512,900,46607.328606172254,28000.950357785674,1.6644909551512086
128,1000,170810.8163628041,103156.1218404,1.655847596006734
2048,1000,86349.06365567635,86205.71645145744,1.0016628503319687
256,100,73121.0944571263,72899.20165737675,1.0030438303123324
1024,700,111062.08559949225,110859.18311471,1.0018302722343921
128,400,63300.69927127957,37234.73001022396,1.7000445351395963
4096,500,36104.12991122265,32672.0883644722,1.1050450619643422
512,500,29800.9421343426,18951.21109794996,1.5725085842965627
256,1000,111715.59754136595,61544.84579607809,1.8151901446227194
2048,600,38332.61620791499,29865.350306368007,1.283514702311781
512,1000,64286.74598737403,49861.11429733623,1.2893162716744273
512,600,53510.94775086461,42366.510409600676,1.263048271701379
128,500,100827.40201705426,57751.23288601085,1.745891766779542
1024,700,39729.13308474971,36367.46158537439,1.0924362425319027
256,700,72502.61192113165,36804.73990335795,1.9699259419169741
128,600,124142.13516607386,66694.55216133053,1.8613534560631086
256,500,71383.62289196037,36276.16196639806,1.9677832224390692
2048,200,21053.7369850466,18018.92824454402,1.1684233767577987
128,500,98261.47319183615,67322.36886313646,1.4595664836393025
8192,500,25416.125306087528,25394.86628937575,1.0008371383597587
4096,300,20366.163083435094,20366.163083435094,1.0
128,1000,223290.06158760437,118390.41659287378,1.8860484489674882
256,200,26654.049207295313,17417.097389354636,1.530338185028828
1024,1000,127039.41839049454,126915.44900670389,1.0009767871820248
1024,100,9746.101079522852,9719.306867957976,1.0027568027153468
256,200,21975.54584136747,12853.18145079113,1.7097359066703948
2048,200,25313.51176964884,24576.88970803912,1.0299721433574553
8192,400,20991.88181439414,20821.733470226685,1.0081716704524506
4096,1000,121946.34297082614,119739.81211684954,1.0184277126794163
128,200,51986.90051039768,38161.73671411596,1.3622781609718462
1024,1000,82830.40121973926,71753.33995595953,1.154376942879294
256,1000,112893.89344734214,60202.342442558154,1.8752408771313083
4096,1000,121905.96704247322,120557.43492411824,1.0111858063271153
1024,700,36155.536264457136,27791.12101437876,1.300974374000629
512,600,41586.272633204906,39588.435453367885,1.050465171380423
1024,300,48203.7423160119,45111.95494347674,1.0685358764967963
512,800,219648.68933090492,205909.12032910428,1.0667263741394295
512,300,30208.135772344416,17754.018043071766,1.7014816420180827
4096,300,40149.01121804975,27038.37020234757,1.484890210378282
4096,600,109463.22251769836,94912.1411777341,1.1533110638892412
4096,900,144283.235105093,140681.77176184164,1.0256000709839526
8192,300,22795.491721502927,22793.463249481996,1.0000889935855175
4096,300,84396.74424018276,84396.74424018276,1.0
4096,200,25047.251795855973,22891.533499154106,1.0941709867004552
256,1000,257245.66662786546,185455.41127141757,1.3871025108638186
256,600,88249.80545325972,60947.46333963169,1.4479651919471175
1024,100,25357.935069268617,22966.616877245033,1.1041214822716385
512,600,57541.14035531763,45650.69479994113,1.2604658178256651
>>>>>>> a2683253b43fac3e70a11df0799a71278281a7a7
2048,800,326585.7313649922,326585.71281524695,1.0000000567990104
4096,400,31869.395781747382,23356.891524972118,1.3644536451982099
2048,100,15423.483362375071,15423.483362375071,1.0
4096,1000,209151.8103052296,206016.54078620241,1.0152185329734318
<<<<<<< HEAD
4096,600,39589.99517087296,39588.435453367885,1.0000393983113303
8192,400,62025.547349404296,51713.80244658222,1.1994002454852086
8192,100,10046.708265968835,10046.708265968835,1.0
512,500,50634.517820154455,49634.30850272633,1.0201515715157627
2048,400,65093.08835076349,65093.08835076349,1.0
2048,200,29139.908868514107,18668.090115124316,1.560947514652602
2048,600,25470.539996436586,21988.935751463338,1.1583343679896627
1024,500,20359.41452331539,18951.21109794996,1.0743067774448338
512,700,50284.16521190292,45768.474478069315,1.0986637808082802
1024,800,82839.25712135715,73049.88481197703,1.1340094147249784
256,300,91417.00725438888,84846.08854279631,1.0774451577491189
128,200,39201.19339883401,27229.664207085396,1.4396502689384438
4096,400,119390.3076755318,119390.3076755318,1.0
2048,600,46867.79561246423,46223.89145421828,1.013930115747258
2048,1000,45963.290036278464,39591.47510076323,1.160939063758006
128,900,392023.8623761576,338702.04289260175,1.1574298726638137
256,800,106261.51707946733,83720.49717761383,1.2692413526168211
256,500,181800.03154672062,168436.94284215264,1.0793358539942806
8192,400,24907.11607331306,24898.237602795067,1.0003565903201517
256,300,29836.430747121583,17418.244921114812,1.7129412798044394
4096,1000,149810.49391361658,101937.33712569342,1.4696331897398238
1024,300,39124.43223528884,35881.381746181236,1.0903825419000972
8192,1000,71263.23390077558,71261.14520805598,1.000029310400689
1024,700,62860.835035205666,62690.77299864583,1.0027127123885282
8192,600,57412.70684815128,57412.70684815128,1.0
512,600,80473.35054493969,57983.443607786474,1.3878677349568989
256,1000,103455.1227370786,55640.122759479964,1.8593618706466981
1024,300,51797.395656420566,51521.92639179481,1.0053466413994494
1024,300,44829.573278350814,44731.78923694513,1.0021860078274025
8192,500,50705.354043764484,35523.310698868714,1.427382556586407
8192,200,8778.22964733385,8778.22964733385,1.0
256,800,89065.26334124696,46494.13725231726,1.9156235302937674
128,200,49058.15805442358,40631.50178593928,1.2073921932021814
1024,100,23613.53230860314,23406.310004142215,1.0088532666799788
256,900,122079.68754104304,109178.41073047477,1.1181669226017332
512,500,33288.14708492999,27177.07231873392,1.224861408709706
512,500,92073.48827903968,83700.2145046859,1.1000388568166097
4096,700,55637.18605184008,50507.556653425,1.1015616224244185
8192,900,26717.211538422922,26705.78819422772,1.000427747876682
8192,200,25047.251795855973,22891.533499154106,1.0941709867004552
256,600,82645.30390803285,49150.780725377634,1.6814647232116346
256,700,79816.01704055662,38442.1107621229,2.076265206519292
512,700,125691.93226070554,117219.7735553616,1.0722758494439733
4096,400,71964.50192064916,61717.64616532399,1.1660279740396573
2048,300,62461.85801432151,60345.735579996704,1.035066644129635
256,200,20154.346177256564,11203.919044831486,1.7988657447997205
256,700,110427.60680186594,91180.96638460988,1.2110817770462305
128,300,59127.00579686288,35497.12014444446,1.6656845838835368
128,1000,198999.24847496522,117138.12384079055,1.6988427161889414
2048,500,147480.780579358,147480.7458449727,1.0000002355181017
2048,1000,90538.81253967735,90498.72860811553,1.0004429225932598
128,700,147956.9603239786,85497.95080545712,1.7305322400140482
256,800,180946.51901590338,172736.1432098089,1.047531313676038
1024,100,19443.52368440292,17055.23313554162,1.14003271194718
128,600,107553.08494411118,60795.15345049714,1.7691062336356629
256,900,116297.28094148837,67774.43745665345,1.7159460897903978
256,700,67412.76734175526,41611.35817859911,1.62005688572852
128,700,135860.71899744196,79467.31686824554,1.7096427103823701
512,400,208475.65885822006,206581.12796171213,1.0091708807827744
1024,500,105738.42777029924,96130.13367832509,1.0999509074243654
128,800,144298.96098457417,85356.69591600649,1.6905406123799427
4096,700,54060.60321471926,52975.489317583066,1.0204833199487982
1024,400,25609.514969848402,25570.574939108395,1.001522845334246
4096,800,55223.00510952347,42204.59269378442,1.3084596150517123
512,600,90207.34189999562,86768.76873065204,1.0396291571223928
1024,400,165994.67314012942,165750.015347174,1.0014760649791976
1024,300,19439.93052355312,19296.06042391556,1.0074559312355411
4096,900,240351.63869457183,236191.38873228242,1.017613893481125
512,1000,66767.66892630927,41869.496402295794,1.5946613803228895
2048,500,35498.147765732516,35496.811911768345,1.0000376330687806
2048,200,17264.052041610656,17264.052041610656,1.0
1024,600,370530.02784531395,370329.8703327854,1.0005404843858494
8192,100,42240.77972062386,42240.77972062386,1.0
2048,900,64267.46040654883,52808.3450619316,1.2169944036530291
2048,100,16755.433804020933,16755.433804020933,1.0
1024,600,65553.16738309749,65224.14081258479,1.0050445520080997
=======
4096,600,39588.435453367885,39588.435453367885,1.0
8192,400,62025.547349404296,51713.80244658222,1.1994002454852086
8192,100,10046.708265968835,10046.708265968835,1.0
512,500,51787.58398098421,49634.30850272633,1.0433828040162905
2048,400,65093.08835076349,65093.08835076349,1.0
2048,200,29139.908868514107,18668.090115124316,1.560947514652602
2048,600,25890.243915617586,21988.935751463338,1.1774214181281883
1024,500,21168.812994980664,18951.21109794996,1.1170163682716083
512,700,49380.041048781626,45768.474478069315,1.0789094810761686
1024,800,82716.7725993986,73049.88481197703,1.1323326903567767
256,300,91465.40841972272,84846.08854279631,1.0780156161658252
128,200,38870.3355785894,27229.664207085396,1.4274996299247422
4096,400,119390.3076755318,119390.3076755318,1.0
2048,600,46293.33106881382,46223.89145421828,1.0015022451033642
2048,1000,46098.20529727234,39591.47510076323,1.1643467483833072
128,900,393295.6309019761,338702.04289260175,1.1611847024692594
256,800,104369.72946013541,83720.49717761383,1.2466448836145112
256,500,181578.0177925608,168436.94284215264,1.0780177716875512
8192,400,24918.585935082323,24898.237602795067,1.000817259944735
256,300,31237.39622776888,17418.244921114812,1.7933722007722008
4096,1000,149810.49391361658,101937.33712569342,1.4696331897398238
1024,300,39175.65530604976,35881.381746181236,1.0918101087402836
8192,1000,71262.99404982873,71261.14520805598,1.0000259445981026
1024,700,62858.30838287287,62690.77299864583,1.0026724089720613
8192,600,57412.70684815128,57412.70684815128,1.0
512,600,79842.01429551608,57983.443607786474,1.3769795191121466
256,1000,99680.018471861,55640.122759479964,1.791513273663249
1024,300,51792.89336175282,51521.92639179481,1.0052592554070563
1024,300,44829.573278350814,44731.78923694513,1.0021860078274025
8192,500,50705.354043764484,35523.310698868714,1.427382556586407
8192,200,8778.22964733385,8778.22964733385,1.0
256,800,83519.03034340986,46494.13725231726,1.7963346623718086
128,200,48080.382908575055,40631.50178593928,1.1833277332912535
1024,100,23613.53230860314,23406.310004142215,1.0088532666799788
256,900,121316.6280057115,109178.41073047477,1.1111778161453727
512,500,35120.67753160987,27177.07231873392,1.2922906897296733
512,500,92858.15755952944,83700.2145046859,1.1094136151148197
4096,700,55637.18605184008,50507.556653425,1.1015616224244185
8192,900,26712.004675238335,26705.78819422772,1.0002327765413777
8192,200,25047.251795855973,22891.533499154106,1.0941709867004552
256,600,84418.18178417097,49150.780725377634,1.7175349107035445
256,700,76057.67789818908,38442.1107621229,1.978499005136026
512,700,125614.59999189829,117219.7735553616,1.071616129104463
4096,400,71964.50192064916,61717.64616532399,1.1660279740396573
2048,300,62476.87859370536,60345.735579996704,1.0353155528427278
256,200,21569.426685915158,11203.919044831486,1.9251680237608835
256,700,111848.65882828126,91180.96638460988,1.2266667404740272
128,300,60129.57020537026,35497.12014444446,1.693928126019568
128,1000,198701.35801461723,117138.12384079055,1.696299646088614
2048,500,147480.780579358,147480.7458449727,1.0000002355181017
2048,1000,90498.72860811553,90498.72860811553,1.0
128,700,151896.2123262178,85497.95080545712,1.7766064671169013
256,800,180005.71458844666,172736.1432098089,1.042084830907727
1024,100,19390.861647502967,17055.23313554162,1.1369449771457008
128,600,114073.42620086222,60795.15345049714,1.8763572378141502
256,900,108818.8877215907,67774.43745665345,1.6056037025934458
256,700,64364.41392168715,41611.35817859911,1.5467991610711238
128,700,138870.3068172076,79467.31686824554,1.7475147304576857
512,400,208475.65885822006,206581.12796171213,1.0091708807827744
1024,500,105741.63529811721,96130.13367832509,1.0999842739421808
128,800,145063.81602721201,85356.69591600649,1.6995013041502813
4096,700,54060.60321471926,52975.489317583066,1.0204833199487982
1024,400,25586.990326077565,25570.574939108395,1.0006419639373874
4096,800,55212.180833021535,42204.59269378442,1.308203143520747
512,600,105439.89344474442,86768.76873065204,1.21518254767509
1024,400,165985.73904855567,165750.015347174,1.0014221639792187
1024,300,19379.853815092414,19296.06042391556,1.0043425128930983
4096,900,240351.63869457183,236191.38873228242,1.017613893481125
512,1000,60828.27893551848,41869.496402295794,1.4528065575726183
2048,500,35496.811911768345,35496.811911768345,1.0
2048,200,17264.052041610656,17264.052041610656,1.0
1024,600,370530.02784531395,370329.8703327854,1.0005404843858494
8192,100,42240.77972062386,42240.77972062386,1.0
2048,900,64720.47666342671,52808.3450619316,1.2255729011678933
2048,100,16755.433804020933,16755.433804020933,1.0
1024,600,65233.75960501591,65224.14081258479,1.0001474728882787
>>>>>>> a2683253b43fac3e70a11df0799a71278281a7a7
8192,800,64186.63959957908,37633.65937538682,1.7055646637849533
8192,100,10684.936517822294,10684.936517822294,1.0
8192,400,33065.00032101046,33065.00032101046,1.0
4096,500,46851.32865794357,39732.50716487814,1.1791686958873357
<<<<<<< HEAD
256,100,22241.581558727015,21991.561029855697,1.0113689304971072
4096,500,177215.37734444547,168416.85806467704,1.0522425093359093
8192,700,31025.81872338453,27178.2605478337,1.141567491737712
128,700,123211.69760326322,66112.1861711238,1.8636760442975504
1024,300,69847.18016379281,69759.15177939474,1.0012618901198291
8192,500,29196.490937208662,25733.754935474775,1.1345600752947405
128,400,68543.48804576398,41136.22764878972,1.6662560463971134
4096,800,217796.08409256104,205904.23331794323,1.057754280147583
128,500,124093.14015014366,57987.80143842503,2.1399869812604173
128,500,241769.06252043915,221529.7019201307,1.091361837373868
4096,900,56865.604369547356,56582.92351860468,1.0049958686007048
2048,200,20359.90416875607,20330.555626091365,1.0014435681544798
256,800,110425.08653029529,64365.04481652209,1.7156064575900036
4096,600,109135.86023568563,90097.16084726775,1.21131297822683
4096,400,35053.10290940029,26546.468859735378,1.3204431479987695
8192,200,14764.440789441054,14764.440789441054,1.0
128,500,119926.52713564971,87204.24932258134,1.3752371939126942
512,100,17846.199589177853,17734.942567173664,1.0062733229376293
256,300,34018.963828870554,17384.468310224045,1.9568596071968178
1024,1000,56127.95910233593,52314.885183268474,1.0728869786430684
8192,600,37431.907055873475,37431.907055873475,1.0
128,500,100805.4704920062,58407.96924960856,1.7258855561509148
4096,300,26624.53624626503,26379.630010700643,1.0092839147275774
1024,300,22175.213278633324,20808.7058656712,1.065669985523535
512,500,37957.0916906995,25985.590155750757,1.4606976968079126
128,100,32759.23643977911,26334.026394242417,1.2439888966976003
1024,200,12985.093641101299,12852.994725313132,1.0102776760289185
128,100,43411.66845812803,37075.777084129346,1.1708903190247852
512,100,17612.57832704043,17587.547381984677,1.0014232197652184
4096,700,26329.929952803883,18573.466244444164,1.4176099176253594
256,1000,223064.30095225445,209656.4276123502,1.0639516445672492
8192,100,22145.94390660765,21991.561029855697,1.0070200963243292
1024,400,35537.331855709825,35230.280282919535,1.0087155586139107
1024,500,155937.94847580558,137454.56157220542,1.1344690688485501
128,600,123836.03884685098,68626.08174271135,1.8045039976364872
256,1000,172286.477076195,162325.13891493177,1.0613665771540388
8192,600,187251.6976331226,175112.73155290165,1.0693208653224267
512,300,81575.55168587441,81292.85491094316,1.0034775107263847
512,300,70035.72574413846,70018.5887807258,1.000244748769021
2048,900,56767.60518218604,48708.8308539422,1.1654479113327272
8192,700,131022.17168535515,122288.61167366114,1.0714176070213337
128,900,189247.81235233758,109027.86800752781,1.7357746767942945
1024,600,145009.92166427837,144998.64652732457,1.000077760291036
=======
256,100,25657.72830343123,21991.561029855697,1.166707914394906
4096,500,177215.37734444547,168416.85806467704,1.0522425093359093
8192,700,31049.936393687334,27178.2605478337,1.1424548800332344
128,700,113650.22155931799,66112.1861711238,1.7190510273725852
1024,300,69843.82327612938,69759.15177939474,1.00121376901202
8192,500,29196.871481680566,25733.754935474775,1.1345748630500783
128,400,72536.26300129677,41136.22764878972,1.763318299883798
4096,800,217796.08409256104,205904.23331794323,1.057754280147583
128,500,118930.42468579115,57987.80143842503,2.050955920653048
128,500,241159.01196790132,221529.7019201307,1.088608028077642
4096,900,56591.82968733575,56582.92351860468,1.000157400292831
2048,200,20377.868382719364,20330.555626091365,1.0023271747953253
256,800,110201.84815787995,64365.04481652209,1.7121381406945257
4096,600,109135.86023568563,90097.16084726775,1.21131297822683
4096,400,35053.10290940029,26546.468859735378,1.3204431479987695
8192,200,14764.440789441054,14764.440789441054,1.0
128,500,109897.28856737693,87204.24932258134,1.2602285946049567
512,100,17818.309813194417,17734.942567173664,1.0047007339158267
256,300,33867.00624770373,17384.468310224045,1.9481186104372301
1024,1000,55260.86946436213,52314.885183268474,1.056312544140608
8192,600,37431.907055873475,37431.907055873475,1.0
128,500,99148.55741959749,58407.96924960856,1.6975176280463127
4096,300,26624.53624626503,26379.630010700643,1.0092839147275774
1024,300,22926.7960729746,20808.7058656712,1.1017886561988308
512,500,47878.223239555125,25985.590155750757,1.8424912789198058
128,100,32341.76122107607,26334.026394242417,1.2281358246131007
1024,200,12853.02181938754,12852.994725313132,1.0000021079970067
128,100,43411.66845812803,37075.777084129346,1.1708903190247852
512,100,17595.879728610373,17587.547381984677,1.00047376399021
4096,700,26380.109623459724,18573.466244444164,1.4203116034601642
256,1000,223842.5592543349,209656.4276123502,1.0676637096393462
8192,100,22145.94390660765,21991.561029855697,1.0070200963243292
1024,400,35899.54368704765,35230.280282919535,1.018996823151946
1024,500,155930.8313861909,137454.56157220542,1.1344172910862607
128,600,128014.90985328332,68626.08174271135,1.8653973329444755
256,1000,175344.9161027259,162325.13891493177,1.0802080150667068
8192,600,187251.6976331226,175112.73155290165,1.0693208653224267
512,300,81529.93901360374,81292.85491094316,1.0029164199353104
512,300,70069.40622941862,70018.5887807258,1.0007257708214023
2048,900,56834.14963955507,48708.8308539422,1.166814079565518
8192,700,131022.17168535515,122288.61167366114,1.0714176070213337
128,900,204572.1134762259,109027.86800752781,1.8763286599541804
1024,600,145009.95200586529,144998.64652732457,1.0000779695453128
>>>>>>> a2683253b43fac3e70a11df0799a71278281a7a7
8192,800,75864.44768908159,72564.30205494602,1.045478913745173
2048,600,88729.33441756957,77257.17482380915,1.1484931285660334
8192,900,81218.41684920517,62739.76887384828,1.2945284674623547
8192,500,44576.14394763512,44576.14394763512,1.0
<<<<<<< HEAD
512,800,99087.77041468072,76638.84971024984,1.2929182886917536
128,300,56087.148437809155,33498.244300831684,1.674330986845679
8192,500,194192.53228838427,194192.53228838427,1.0
8192,1000,59620.46966727884,55734.051128954416,1.0697314919622878
128,100,24531.34942049501,16571.57534387376,1.4803269400433827
2048,600,38888.55219463944,38888.55219463944,1.0
8192,500,95840.79588635585,59644.592375848035,1.6068647981097577
512,400,21514.967500317787,20821.733470226685,1.0332937711974062
1024,300,28664.316061345344,27498.558447783562,1.0423934082135766
2048,1000,146820.60205634765,146820.54879419197,1.0000003627704441
512,400,49941.40472627187,43244.960742362484,1.154849116959646
1024,800,67316.29173585642,48658.058952929256,1.3834561670652898
8192,1000,131795.2356400754,131795.2356400754,1.0
4096,500,71233.84219990608,50105.57823296487,1.4216748855527777
2048,300,33391.90365206863,23136.448596413335,1.4432596909987783
2048,300,36045.30543074279,22146.00515886802,1.627621106929482
128,100,36398.91335148426,17055.23313554162,2.1341785868427734
1024,400,26317.657927882265,25217.910930007634,1.0436097581963462
512,700,210200.9234671608,185615.93158269516,1.1324508714033128
512,200,21463.2124455653,20395.27794022972,1.052361851035581
1024,500,66671.43339101582,66624.56129320196,1.0007035258004564
8192,300,30387.96483767547,25368.022265529136,1.1978846643858236
512,200,21338.088699687076,20983.392416218016,1.0169036672637795
4096,800,64364.434011798745,57706.6904436543,1.1153721261253957
2048,200,13434.887257138369,13077.143533780867,1.0273564117755059
256,700,121434.34687209071,110869.26045606905,1.0952931982459464
128,1000,176274.30534359498,109034.07151832568,1.6166901124477226
=======
512,800,100060.90359433497,76638.84971024984,1.3056159372516343
128,300,61124.93384089268,33498.244300831684,1.8247205224237704
8192,500,194192.53228838427,194192.53228838427,1.0
8192,1000,59620.46966727884,55734.051128954416,1.0697314919622878
128,100,25106.403676577924,16571.57534387376,1.515028182631976
2048,600,38895.40852007055,38888.55219463944,1.000176307037526
8192,500,95840.79588635585,59644.592375848035,1.6068647981097577
512,400,21549.293467654225,20821.733470226685,1.0349423355393483
1024,300,27620.727053200244,27498.558447783562,1.0044427276305652
2048,1000,146820.60205634765,146820.54879419197,1.0000003627704441
512,400,50438.85947451621,43244.960742362484,1.1663523011389079
1024,800,67246.45423751677,48658.058952929256,1.382020896118555
8192,1000,131795.2356400754,131795.2356400754,1.0
4096,500,71233.84219990608,50105.57823296487,1.4216748855527777
2048,300,33442.72271969867,23136.448596413335,1.445456184873725
2048,300,36038.74787092923,22146.00515886802,1.6273250011638365
128,100,33520.808543714884,17055.23313554162,1.965426580646408
1024,400,26040.968029533673,25217.910930007634,1.032637798658677
512,700,210705.068540835,185615.93158269516,1.1351669371492619
512,200,22327.835100197746,20395.27794022972,1.0947551274187861
1024,500,67442.37365321882,66624.56129320196,1.0122749380129923
8192,300,30387.96483767547,25368.022265529136,1.1978846643858236
512,200,21577.981769352526,20983.392416218016,1.0283361880357798
4096,800,64364.434011798745,57706.6904436543,1.1153721261253957
2048,200,13441.390225247069,13077.143533780867,1.0278536891887193
256,700,124556.34278655972,110869.26045606905,1.1234524544872746
128,1000,175674.89737990688,109034.07151832568,1.6111926752215309
>>>>>>> a2683253b43fac3e70a11df0799a71278281a7a7
4096,700,73696.69892425905,55459.99725740356,1.3288262273475142
4096,100,9732.32942883104,9732.32942883104,1.0
2048,100,30604.556396122767,30604.556396122767,1.0
4096,500,64104.02639356487,64104.02639356487,1.0
<<<<<<< HEAD
2048,800,88770.72773162769,86685.18505562302,1.0240588132178117
128,400,72100.37416458174,43295.9730501957,1.6652905359348618
2048,400,64286.04327352285,60976.254062611086,1.0542799695027714
2048,600,145007.96428849755,144998.64652732457,1.0000642610217139
512,500,34968.0130850071,25759.53690717348,1.3574783277749554
2048,1000,96480.7962152593,83534.45135846849,1.1549821019501834
1024,900,40554.94506805951,40551.107961236245,1.000094623970002
256,700,87838.48212408417,61540.66731447565,1.4273241737081834
512,600,40796.97710453572,27028.610176991602,1.5093997374406098
256,700,138838.39099862982,113100.77405254016,1.227563579132831
128,600,120424.033120107,72562.56792254497,1.659588911581113
4096,100,22952.360678378518,22952.360678378518,1.0
=======
2048,800,88771.49506168636,86685.18505562302,1.0240676651347589
128,400,70159.22408477428,43295.9730501957,1.6204561103970188
2048,400,64286.20741556793,60976.254062611086,1.0542826614038663
2048,600,145007.96428849755,144998.64652732457,1.0000642610217139
512,500,39252.59641412279,25759.53690717348,1.5238083105132136
2048,1000,96480.40423769936,83534.45135846849,1.1549774095441934
1024,900,40616.10324543189,40551.107961236245,1.0016027992196361
256,700,92975.93048197459,61540.66731447565,1.5108047172589678
512,600,39435.26893682844,27028.610176991602,1.4590194863366723
256,700,141356.262526157,113100.77405254016,1.2498257744946197
128,600,115519.94337792539,72562.56792254497,1.59200462008503
4096,100,22953.422414735327,22952.360678378518,1.0000462582638747
>>>>>>> a2683253b43fac3e70a11df0799a71278281a7a7
