P,n,Paper,Min Time,Time opt,mtsa
1500,100,186614.14062136356,186606.52891011597,135264.95191661385,1.379619317326226
