density,Paper,Min Time,Time opt
0.1,827905,822993,680994.5757418879
0.2,829983,823954,680994.5757418879
0.3,831536,851770,680994.5757418879
0.4,830248,815819,680994.5757418879
0.5,832854,847493,680994.5757418879
0.6,832782,848445,680994.5757418879
0.7,830049,884438,680994.5757418879
0.8,834389,830963,680994.5757418879
0.9,831425,849935,680994.5757418879
1,835737,855192,680994.5757418879
