P,n,Algorithm Time,Optimal Time,Makespan Ratio
128,600,196673.24382734354,73743.69110737687,2.666983993803228
512,800,422141.6836513672,45567.61000250533,9.264073398366902
8192,700,786891.6733507157,59293.67404515642,13.271089808862929
8192,500,250686.30181577022,69544.3189537958,3.604698494241096
