P,n,Paper,Min Time,Time opt,mast
1000,100,180866.75747609278,4728.19213881607,3091.5749726410554,58.503112192547874
