P,n,Algorithm Time,Optimal Time,Makespan Ratio
128,600,234582.14699201754,73743.69110737687,3.1810469949279683
512,800,1044944.2227219319,45567.61000250533,22.931732049683543
8192,700,3145306.6520113973,59293.67404515642,53.04624317285549
8192,500,709175.8168992831,69544.3189537958,10.19746584002712
