P,n,Paper,Min Time,Time opt,mast
500,100,888467.473466879,740552.8133889552,155315.19647160138,5.720415604208639
