P,n,Algorithm Time,Optimal Time,Makespan Ratio
128,600,148573.46225769247,77750.84453678575,1.9108919413396066
512,800,143527.93554768,108213.0593939011,1.32634578812924
8192,700,178708.65912388294,175405.59267376983,1.0188310212905034
8192,500,87274.76397620732,53702.48324648899,1.6251532275635177
