P,n,Algorithm Time,Optimal Time,Makespan Ratio
128,600,135581.7339716461,77750.84453678575,1.7437975726102783
512,800,182082.84206606713,108213.0593939011,1.68263279021875
8192,700,259192.54417710457,175405.59267376983,1.4776754847216695
8192,500,123182.24966653035,53702.48324648899,2.2937905701890213
