P,n,Algorithm Time,Optimal Time,Makespan Ratio
128,600,222416.08564129076,77750.84453678575,2.8606259773301947
512,800,230662.52743895754,108213.0593939011,2.131559062565028
8192,700,203461.42703938473,175405.59267376983,1.1599483456482194
8192,500,119675.91996229567,53702.48324648899,2.228498809133187
