P,n,File_number,regular,fat,jump,density,Paper,Time opt,Makespan,Model
1,128,900,84,0.748051,0.140104,7.0,0.458301,664228.8069651832,210811.50791897665,3.150818537005452,Amdahl
2,512,400,38,0.502704,0.684461,5.0,0.297657,156572.9177602479,57470.31142497088,2.7244139430957888,Amdahl
3,2048,200,75,0.254907,0.440818,7.0,0.761682,137684.66411397932,41053.74723888926,3.353766059716806,Amdahl
4,2048,200,64,0.187872,0.775944,8.0,0.177849,40833.433989525955,12653.47289062971,3.227053500842791,Amdahl
5,256,700,3,0.289703,0.476441,7.0,0.68405,326227.5163793157,107143.71035818248,3.044765906358235,Amdahl
6,1024,300,56,0.443562,0.629253,1.0,0.240215,114281.9721490991,40591.2170671982,2.815435958963903,Amdahl
7,8192,100,73,0.677161,0.750159,7.0,0.360249,103373.5201361326,33058.951587457734,3.1269449021290674,Amdahl
8,1024,400,38,0.502704,0.684461,5.0,0.297657,156238.82987954599,57178.25041263797,2.7324870689819654,Amdahl
9,8192,200,55,0.781683,0.567207,7.0,0.774825,89756.305261483,26333.609866803625,3.408431495547846,Amdahl
