P,n,Algorithm Time,Optimal Time,Makespan Ratio
128,600,157484.1679468529,77750.84453678575,2.025497843593756
512,800,182621.0977051587,108213.0593939011,1.6876068260893402
8192,700,259076.5113958179,175405.59267376983,1.4770139734236662
8192,500,123179.51178521125,53702.48324648899,2.2937395877920523
