P,n,Paper,Min Time,Time opt,mast
1000,100,40095.040999017656,91223.86952684615,26247.753830590278,1.5275608441698025
