n,Paper,Min Time,Time opt
100,186541,304932,135264.95191661385
200,372966,603472,269115.41536577564
300,575542,949159,418786.3552329836
400,721226,1179429,527019.572592095
500,912419,1468012,680994.575741888
600,1083159,1768112,810752.6431626381
700,1275220,2056727,950160.9664814121
800,1461404,2364358,1089101.3585835067
900,1606135,2595386,1200420.4190975963
1000,1818003,2923204,1364616.3845054149
