P,n,Algorithm Time,Optimal Time,Makespan Ratio
128,600,84968.50029888567,73743.69110737687,1.1522138236227497
512,800,63177.38865524693,45567.61000250533,1.3864538572853262
8192,700,59331.53067898537,59293.67404515642,1.000638459910582
8192,500,71317.19129771215,69544.3189537958,1.0254926983337664
