P,n,Algorithm Time,Optimal Time,Makespan Ratio
128,600,86887.89919476064,73743.69110737687,1.1782417979084439
512,800,61497.96387895052,45567.61000250533,1.349598187738381
8192,700,59331.0221400633,59293.67404515642,1.0006298832971363
8192,500,71317.19129771215,69544.3189537958,1.0254926983337664
