P,n,Algorithm Time,Optimal Time,Makespan Ratio
128,600,91340.25769449203,73743.69110737687,1.238617925450641
512,800,61938.308435096136,45567.61000250533,1.3592617306830606
8192,700,59294.7022854983,59293.67404515642,1.0000173414847104
8192,500,71312.15967541357,69544.3189537958,1.025420347027804
