P,n,Paper,Min Time,Time opt,mast
1000,100,4512.6852941846255,5062.27771900037,3091.5749726410554,1.4596719581830329
