P,n,File_number,regular,fat,jump,density,Paper,Time opt,Makespan,Model
1,128,900,84,0.748051,0.140104,7.0,0.458301,131781.8787328871,110167.76507564442,1.1961927215497363,Roofline
2,512,400,38,0.502704,0.684461,5.0,0.297657,12915.564661604336,10699.281702643733,1.2071431541439805,Roofline
3,2048,200,75,0.254907,0.440818,7.0,0.761682,2131.4382117570635,1833.435812793698,1.1625376775581167,Roofline
4,2048,200,64,0.187872,0.775944,8.0,0.177849,4247.100071166694,3331.151264730722,1.2749646394427585,Roofline
5,256,700,3,0.289703,0.476441,7.0,0.68405,43804.33900769661,36038.07556312843,1.2155016138684738,Roofline
6,1024,300,56,0.443562,0.629253,1.0,0.240215,13994.206104816381,12420.433608911451,1.1267083376844247,Roofline
7,8192,100,73,0.677161,0.750159,7.0,0.360249,4385.425044228834,4381.662305208172,1.0008587469226438,Roofline
8,1024,400,38,0.502704,0.684461,5.0,0.297657,7789.086845948251,5349.640851321867,1.4560018256222957,Roofline
9,8192,200,55,0.781683,0.567207,7.0,0.774825,7536.254389805325,7513.109726671892,1.0030805703597365,Roofline
