P,n,Algorithm Time,Optimal Time,Makespan Ratio
128,600,89196.37656148731,73743.69110737687,1.2095458638164729
512,800,62786.580905368355,45567.61000250533,1.3778774199901271
8192,700,59295.21202175744,59293.67404515642,1.0000259382914922
8192,500,71312.16003597566,69544.3189537958,1.0254203522124414
