P,n,File_number,regular,fat,jump,density,Paper,Time opt,Makespan,Model
1,128,900,84,0.748051,0.140104,7.0,0.458301,371187.33012450783,210811.50791897665,1.7607545896743457,Amdahl
2,512,400,38,0.502704,0.684461,5.0,0.297657,76972.75368197198,57470.31142497088,1.3393481220727697,Amdahl
3,2048,200,75,0.254907,0.440818,7.0,0.761682,56956.27676574921,41053.74723888926,1.3873587819967834,Amdahl
4,2048,200,64,0.187872,0.775944,8.0,0.177849,17147.159042311923,12653.47289062971,1.3551346093300543,Amdahl
5,256,700,3,0.289703,0.476441,7.0,0.68405,157135.14243274165,107143.71035818248,1.4665829838021973,Amdahl
6,1024,300,56,0.443562,0.629253,1.0,0.240215,53213.01614074807,40591.2170671982,1.3109490176816982,Amdahl
7,8192,100,73,0.677161,0.750159,7.0,0.360249,43797.146616696504,33058.951587457734,1.3248195878453914,Amdahl
8,1024,400,38,0.502704,0.684461,5.0,0.297657,75082.71589818693,57178.25041263797,1.3131341962431151,Amdahl
9,8192,200,55,0.781683,0.567207,7.0,0.774825,37204.94878881593,26333.609866803625,1.4128313200127114,Amdahl
