P,n,Paper,Min Time,Time opt,mast
1000,100,58060.98916640669,91223.86952684615,26247.753830590278,2.212036486670333
