P,n,Paper,Min Time,Time opt,mast
500,100,28475663.546648663,3120156.6830294575,1127589.673092291,25.25356894104686
