P,n,Paper,Min Time,Time opt,mast
500,100,888467.473466879,235713.23231026964,235713.23231026964,3.769272792871416
