P,n,Algorithm Time,Optimal Time,Makespan Ratio
128,600,259255.36243404803,77750.84453678575,3.3344378955445073
512,800,1076584.755729826,108213.0593939011,9.948750749306534
8192,700,3310114.330289272,175405.59267376983,18.87120176632924
8192,500,745181.2084384315,53702.48324648899,13.876103364124239
