P,n,Paper,Min Time,Time opt,mast
1000,100,195815.20685313316,91223.86952684617,26247.753830590278,7.460265290393023
