regular,Paper,Min Time,Time opt
0.1,832032,856876,680994.5757418879
0.2,830768,833081,680994.5757418879
0.3,834803,815597,680994.5757418879
0.4,833059,829027,680994.5757418879
0.5,828679,832708,680994.5757418879
0.6,832908,844557,680994.5757418879
0.7,830476,841822,680994.5757418879
0.8,830057,845813,680994.5757418879
0.9,835899,852655,680994.5757418879
1,830395,847607,680994.5757418879
