P,n,Paper,Min Time,Time opt,mast
500,100,748922.5821835026,97420.89198938399,97420.89198938399,7.687494611167316
