Fat,Paper,Min Time,Time opt
0.1,2042964,1164775,1164529.3228276926
0.2,1042889,1069385,680994.5757418879
0.3,892366,1003832,680994.5757418879
0.4,837925,911485,680994.5757418879
0.5,834381,828857,680994.5757418879
0.6,829626,798225,680994.5757418879
0.7,820746,731814,680994.5757418879
0.8,829021,730316,680994.5757418879
0.9,843822,720107,680994.5757418879
1,842269,719217,680994.5757418879
