P,n,Algorithm Time,Optimal Time,Makespan Ratio
4096,600,19860.7940885239,18779.00655706,1.057606217249932
256,400,58713.21798239405,43244.960742362484,1.3576892422723132
8192,800,47464.83444430773,46379.37991347244,1.0234038172321485
128,1000,199595.93835597808,119404.61005167404,1.6715932347134679
2048,600,121752.6593684584,111680.57587899217,1.0901865289482344
256,900,100855.44279885732,51518.201495127876,1.9576662203240016
256,100,13558.90282288033,12924.548421892341,1.0490813589984687
4096,300,20437.35027096882,17279.41691731119,1.1827569395871158
256,200,28281.04597887701,22891.533499154106,1.2354369347917238
2048,400,33311.95362757771,21733.26502109654,1.5327634202795442
8192,1000,60223.29884655546,60202.342442558154,1.0003480994783103
1024,500,80499.62634506729,53664.96732667876,1.5000405358496895
256,600,88170.532270487,58028.72573355824,1.5194290613122603
8192,900,52575.017380802,52575.017380802,1.0
8192,700,54695.27101732251,35360.41439156067,1.5467938359448756
256,1000,112917.2282078356,58863.710166351215,1.9182825528449865
8192,900,149649.57060028278,149649.57060028278,1.0
2048,700,41627.66727018755,41611.35817859911,1.0003919384586881
1024,600,59369.38689599419,43965.34404781527,1.35036784498777
4096,1000,34417.31921397386,33915.21825046568,1.0148045918442905
2048,200,13860.089098641409,12441.910416424595,1.1139839972119292
512,800,61102.318731133164,54149.74440156318,1.128395330511833
128,200,56046.17696681889,38939.521911435,1.439313433130784
2048,800,88746.2064745657,71810.48771496736,1.2358390716801726
512,100,60780.86637607127,60573.79424177784,1.0034185102136233
1024,100,9650.946538670829,9640.921141579869,1.0010398795865803
512,900,64215.57058257851,46304.128599874144,1.386821705197861
256,800,122087.56401793496,86969.02217444926,1.4038051821836306
1024,100,30207.435502594955,20829.72320776272,1.45020820494328
1024,700,137163.46726848435,101971.47650017287,1.345116026325772
256,300,44513.72773144594,35896.699653227304,1.2400507055373242
1024,600,89661.91723179883,86765.25402755744,1.0333850599148984
8192,200,21053.7369850466,18018.92824454402,1.1684233767577987
1024,300,18911.301868205086,18573.116360380285,1.018208334092291
4096,900,61672.66649060858,52757.84825268096,1.1689761529930214
512,900,64431.729908226866,53309.00486140186,1.2086462704704954
4096,100,60573.79424177784,60573.79424177784,1.0
8192,700,41697.41914778967,41694.171098573366,1.000077901757745
1024,400,71122.66641797104,63377.543120814065,1.122206114591611
256,700,77889.2700412322,38261.990551516115,2.035682642709394
256,400,45443.22958637731,22632.151942540644,2.0079058191969676
512,500,109011.11499030318,62904.27191045394,1.7329683927585025
256,900,85411.11466677584,47728.093563071816,1.78953543480438
8192,500,84889.56492633495,84889.56492633495,1.0
8192,300,33351.02811527207,23136.448596413335,1.4414929748743817
1024,800,66202.02165888055,66116.18200423285,1.0012983153601067
4096,800,88746.2064745657,71810.48771496736,1.2358390716801726
4096,800,68753.9375513519,64362.85987349461,1.0682237813311586
8192,500,66624.56129320196,66624.56129320196,1.0
4096,700,137018.5543906216,101971.47650017287,1.3436949144341293
4096,800,43948.578664085064,43948.578664085064,1.0
4096,100,8321.239576006265,8321.239576006265,1.0
<<<<<<< HEAD
8192,600,60949.679946966324,60947.46333963169,1.0000363691483316
8192,800,87137.91878214308,62102.16000225037,1.4031382930800715
512,300,51833.16686658383,51521.92639179481,1.0060409324065682
256,100,18616.10134154896,17954.53769414384,1.0368465988194673
128,600,120630.82911984585,70900.57950763027,1.7014082248349414
2048,900,129752.87775540326,129752.604791726,1.0000021037240654
8192,1000,30157.040432892674,28498.849543516073,1.058184485196311
4096,300,18481.458954016285,18481.458954016285,1.0
256,500,74093.53644091805,66627.75825410518,1.1120520693243177
256,700,101297.40346529115,61827.216222082076,1.6383950249584742
128,500,92805.9108619894,53535.80791606614,1.7335296593915466
2048,700,88656.04345035662,69714.60276884174,1.2716997577153315
128,800,155791.43730930192,89245.39881899078,1.7456523178890273
512,300,25032.394872952296,25000.830378077444,1.0012625378596436
4096,200,53640.79281597229,53640.79281597229,1.0
4096,500,173165.7012270452,173165.7012270452,1.0
8192,1000,80580.04440710397,71753.33995595953,1.1230145447802438
128,900,176549.50180348565,103084.41806074536,1.7126691417072262
4096,300,19028.50780282153,19028.50780282153,1.0
4096,400,48786.97977664097,45126.38541333707,1.0811187142461007
128,900,181772.25634282528,103160.92321660006,1.7620262661004913
1024,400,26944.205162439983,26611.894241008282,1.0124873080594021
8192,600,26766.952150406512,18661.250273283804,1.4343600647555301
128,400,81551.5571052309,46532.57276323225,1.752569270566293
4096,700,41663.71125395748,36793.786558940206,1.1323572578542878
8192,500,29587.00133662399,27177.07231873392,1.0886750783758572
256,900,99070.88573107844,51088.94408718974,1.939184445895015
8192,1000,132590.20560675484,94799.79607328854,1.3986338694679366
8192,600,19862.779211641377,18779.00655706,1.0577119269482298
4096,900,43602.82720590401,40761.55353335776,1.0697047444529084
8192,700,103650.17673083996,103650.17673083996,1.0
128,300,61633.57286929597,32755.432020731212,1.881629063243236
4096,700,92388.85545586015,80356.03512507299,1.1497438283516384
256,100,14574.85946498209,14135.174116163842,1.0311057610755185
2048,500,36282.71088428112,36276.16196639806,1.0001805295138204
512,600,42187.16524873781,30580.976963775065,1.3795231361872757
512,500,35531.022283242826,35496.811911768345,1.000963758986568
512,400,40522.328677725614,34415.68964887445,1.1774376480946351
8192,1000,146820.54879419197,146820.54879419197,1.0
128,600,115164.4646760043,69365.62215019029,1.660252746333774
2048,800,44825.784853599966,42695.059714644456,1.0499056601207812
8192,200,16319.454371522042,16319.454371522042,1.0
512,400,69943.95630499414,68462.06472805722,1.0216454409142237
1024,300,24872.10186110287,16760.521743464207,1.4839694277895488
1024,800,76817.52184222483,75591.86163784155,1.016214182027364
1024,100,17347.873752067557,17347.873752067557,1.0
2048,200,27820.77334839244,27814.232772578187,1.0002351521204174
256,100,22214.60968788255,18702.315368100946,1.187799972925932
1024,700,57900.59220010472,42452.09110493904,1.363904361200439
4096,800,52840.293295760566,44366.085532812314,1.1910064334317005
4096,800,78733.61137126268,78733.61137126268,1.0
8192,1000,58676.89014369309,45809.33523320091,1.2808937271188832
8192,700,64966.29240789171,57793.63501321383,1.1241080854844645
8192,1000,34372.8203794091,33915.21825046568,1.0134925308622225
4096,900,32973.50446976335,32655.352187910106,1.0097427300744601
512,700,85652.97950010738,85438.48061711625,1.0025105652797408
1024,200,39819.55529994364,39819.40708715139,1.000003722124539
4096,700,144778.14502684504,132452.11299022113,1.0930602899293418
2048,700,99709.10047089912,91119.24221630921,1.0942705189996897
8192,300,19674.24141386905,19674.24141386905,1.0
8192,500,75288.1433121715,53378.57096652857,1.4104563301138482
8192,700,57386.368511685425,49777.7756414471,1.1528512026138646
256,1000,105861.13780553553,90498.72860811553,1.1697527626486717
2048,100,34303.691136522975,34300.968848800694,1.0000793647472257
4096,700,91526.83913463607,82072.46511123,1.1151954435704212
1024,800,102187.50675354924,101845.3758611526,1.0033593169007797
1024,400,193674.0701051157,193515.84305327947,1.0008176439165897
256,100,17666.6739869744,17587.547381984677,1.004499013038667
128,900,167388.7818756387,96720.06020199122,1.730652167979033
512,900,79883.82255073894,72227.30001714897,1.1060059358687377
4096,1000,90505.73220024566,90498.72860811553,1.0000773888455434
8192,300,32671.02721643224,25922.78608210399,1.26032082789847
512,500,90310.34338127416,86843.01321389293,1.0399264147921865
128,800,133628.28561937355,79920.49096406845,1.6720153243234162
128,100,27205.051766002674,22982.09428187623,1.1837498981742793
2048,200,24337.522142430917,21228.428234486382,1.146458978196685
4096,500,97935.81962344534,97935.06095418494,1.0000077466563353
128,400,82332.39354656173,48772.78954290394,1.6880804710613573
1024,700,112129.83132003687,107260.20847207752,1.0454000874819018
128,300,66619.07768457293,36726.85726982461,1.8139062973762323
4096,500,97704.51114863665,71401.30747796739,1.3683854623920684
256,500,69338.74967705955,49937.16420129462,1.388519968766307
512,500,149309.7360998742,147481.94731846493,1.0123933051783107
128,800,167770.20797764385,97370.5352483193,1.723007966935662
128,400,152924.69490870324,125078.80246001596,1.2226267912789524
2048,600,69810.88306363206,51282.51062023954,1.3613000264476127
4096,100,22656.454190491233,22656.454190491233,1.0
256,900,203657.56386565565,184098.91857787647,1.1062398706025294
2048,500,37507.552922141345,37441.44378906292,1.0017656673030793
1024,500,44710.043899459975,44576.14394763512,1.0030038477976504
128,200,37657.15455175644,27723.977542298137,1.358288308173074
8192,200,67151.768032449,67151.768032449,1.0
2048,800,102172.68041999069,101845.3758611526,1.0032137400060688
512,800,68165.01650928019,52828.81053104514,1.2903000431785727
512,800,86231.88507972364,76577.73322810722,1.126069961131638
1024,600,67346.52660153204,48408.82573041455,1.391203475510442
128,200,42147.18423987078,24735.736732623263,1.7038984807872755
2048,600,30629.782472024697,30580.976963775065,1.001595943396689
8192,500,28472.32888953959,19560.487282935454,1.4556042739476545
512,300,42083.65850643521,33160.64237859692,1.2690845378073115
512,600,74218.56042728951,44462.8864987731,1.6692249710179632
4096,300,77306.4040908596,77306.4040908596,1.0
2048,200,10041.977630658537,10040.691196847953,1.000128122037155
512,800,67825.75156500404,50772.066671360866,1.335887152359364
128,500,194213.2273424275,173629.6110728368,1.1185489971578406
4096,600,79716.44372053785,72740.10717064606,1.0959077023838515
8192,400,48786.97977664097,45126.38541333707,1.0811187142461007
256,100,24261.11203721934,22363.056566867846,1.0848745995287412
2048,1000,44724.21238021419,28109.406843986402,1.5910763478021337
2048,500,106470.18029386172,62891.775190494496,1.692911036003857
2048,1000,100630.40879092847,75796.72432283711,1.327635325800077
1024,600,20046.63031261743,18779.00655706,1.067502173328805
1024,800,112647.28406697187,112592.55358879731,1.0004860932311248
128,200,39253.97866858383,22186.36413155776,1.7692839816303743
512,100,12599.805251366895,12506.156799285585,1.0074881879049093
4096,900,86419.37539783622,85663.51049156082,1.0088236508396402
8192,900,115414.78727487197,114082.80036744605,1.011675615457683
8192,300,34502.74586232038,24597.69281353905,1.40268219966262
4096,1000,109432.411547284,97058.77161015228,1.127486055426622
128,200,49760.95102305605,34129.72158000343,1.457994636915261
4096,200,39531.928160618925,38939.460754354994,1.0152150901626873
8192,600,104029.86993284992,85848.15788843864,1.2117891925886024
4096,800,60650.662845165505,60650.662845165505,1.0
2048,500,50705.354043764484,35523.310698868714,1.427382556586407
128,300,78110.49536733066,42868.394179046576,1.8220998678207987
128,100,27476.204356927443,17899.559780833548,1.5350212347874808
128,400,85980.66924528871,47063.4505065966,1.8269095937459434
4096,1000,38969.06792678199,30918.141407431434,1.2603949058016612
2048,800,50763.481713515124,50763.481713515124,1.0
2048,100,21949.84902967429,21949.84902967429,1.0
128,900,173067.90060678727,102028.33792508653,1.6962728603288721
8192,700,32132.281384762522,31684.037608755014,1.0141473060202293
1024,700,75411.50545419307,66320.27242801076,1.1370807551499529
512,700,76983.39238621987,61346.24441089266,1.2548998414734363
8192,1000,544585.7100480688,544585.7100480688,1.0
8192,1000,52359.6732284649,52314.885183268474,1.000856124314132
1024,100,32416.632404369575,31319.451246236975,1.0350319406782207
8192,1000,121905.96704247322,120557.43492411824,1.0111858063271153
4096,900,31684.81386258815,31640.39833817212,1.001403759963491
8192,600,122634.8967329771,122634.8967329771,1.0
8192,1000,49557.77241888677,49557.77241888677,1.0
2048,100,23289.9839332401,23097.256435111492,1.0083441727665814
512,800,59851.89589892027,38336.594525084816,1.5612209858587551
2048,200,37946.30536557415,37946.30536557415,1.0
2048,600,47609.42948696413,33916.34753113008,1.40373103098044
1024,100,30831.05787812587,29554.958545859663,1.0431771653574176
256,700,93469.94286782002,47523.960799855195,1.9667961444010118
128,1000,202654.6110833526,111804.66682439692,1.8125773891142376
1024,800,47508.357761337356,40421.19798120487,1.1753327495000987
1024,800,37126.43457936897,34904.751507598776,1.0636498750402659
1024,1000,61270.489117172336,55735.236402641,1.0993133441570735
8192,600,60304.7350232043,60144.36411673883,1.0026664328207744
4096,200,16397.45685213153,15726.677746397436,1.0426523081702843
1024,700,145503.07859787822,132452.11299022113,1.0985334647596043
8192,800,120712.62684671115,107232.14310089932,1.1257130871023202
128,1000,221869.97853815538,109237.63657662571,2.0310763349637533
2048,1000,80418.51297313276,56446.32882143322,1.4246898718167313
1024,1000,96772.18273134883,70250.77350904822,1.3775248000491367
2048,900,94705.42658694458,82690.26725018611,1.1453031866544297
512,600,57929.336270698484,28950.864730709705,2.0009535746008233
1024,700,29646.038314585527,29025.881672657724,1.021365643563275
1024,100,17407.495049911522,17402.954696611207,1.0002608955421346
4096,100,17809.6328420409,17809.6328420409,1.0
128,700,144749.14171196992,83214.36890509089,1.739472925367754
128,300,55049.15874233174,34512.68583773153,1.5950412842731698
2048,1000,71346.17637054263,71261.14520805598,1.0011932331741005
256,500,63923.48978951847,35523.310698868714,1.7994800746866817
128,500,97593.47402321792,56026.380959696515,1.74192000895834
2048,400,32999.20627135852,30788.555312709123,1.071801061667121
128,900,174807.8450531464,103152.02937065497,1.6946622002463123
128,300,49702.349502618,30815.59640870832,1.6128959129466138
4096,200,29262.956466577773,28939.495392742734,1.0111771497548694
128,500,104980.58750293267,62386.64500506909,1.682741354249819
256,200,40473.48934116552,34123.56738045935,1.1860861113935706
1024,300,20413.264055588756,20366.163083435094,1.0023127072075726
=======
8192,600,60947.46333963169,60947.46333963169,1.0
8192,800,87137.91878214308,62102.16000225037,1.4031382930800715
512,300,51792.89336175282,51521.92639179481,1.0052592554070563
256,100,18599.74325632465,17954.53769414384,1.0359355151979912
128,600,117872.63324387104,70900.57950763027,1.6625059211425157
2048,900,129752.87775540326,129752.604791726,1.0000021037240654
8192,1000,30148.00080258387,28498.849543516073,1.0578672923813868
4096,300,18481.458954016285,18481.458954016285,1.0
256,500,80365.6186532897,66627.75825410518,1.2061882428460375
256,700,104655.77149104829,61827.216222082076,1.6927136281718869
128,500,93955.93017004947,53535.80791606614,1.7550109698046272
2048,700,88656.04345035662,69714.60276884174,1.2716997577153315
128,800,151670.11604200542,89245.39881899078,1.6994726680489785
512,300,25000.830378077444,25000.830378077444,1.0
4096,200,53640.79281597229,53640.79281597229,1.0
4096,500,173165.7012270452,173165.7012270452,1.0
8192,1000,80580.04440710397,71753.33995595953,1.1230145447802438
128,900,179918.82925266988,103084.41806074536,1.7453542701928793
4096,300,19028.50780282153,19028.50780282153,1.0
4096,400,48786.97977664097,45126.38541333707,1.0811187142461007
128,900,173432.17326556522,103160.92321660006,1.6811808954192988
1024,400,26611.894241008282,26611.894241008282,1.0
8192,600,26774.475185341515,18661.250273283804,1.434763201459922
128,400,80227.82530307982,46532.57276323225,1.7241218471047426
4096,700,41663.71125395748,36793.786558940206,1.1323572578542878
8192,500,29587.00133662399,27177.07231873392,1.0886750783758572
256,900,97870.64157747813,51088.94408718974,1.9156912190326252
8192,1000,132590.20560675484,94799.79607328854,1.3986338694679366
8192,600,19860.463881479434,18779.00655706,1.0575886334100488
4096,900,43598.44323267971,40761.55353335776,1.0695971927811914
8192,700,103650.17673083996,103650.17673083996,1.0
128,300,58148.354370094865,32755.432020731212,1.7752278258241942
4096,700,92388.85545586015,80356.03512507299,1.1497438283516384
256,100,14659.69986127215,14135.174116163842,1.0371078375687288
2048,500,36276.16196639806,36276.16196639806,1.0
512,600,38313.77823382238,30580.976963775065,1.2528631207304874
512,500,35536.95442599529,35496.811911768345,1.0011308766073619
512,400,38101.30297035021,34415.68964887445,1.1070910784900192
8192,1000,146820.54879419197,146820.54879419197,1.0
128,600,113499.64179950379,69365.62215019029,1.6362520551427424
2048,800,44815.360516514986,42695.059714644456,1.0496615021981868
8192,200,16319.454371522042,16319.454371522042,1.0
512,400,70131.5673891011,68462.06472805722,1.0243858064707136
1024,300,24881.249646745397,16760.521743464207,1.484515221398038
1024,800,76794.61231060687,75591.86163784155,1.0159111132694107
1024,100,17347.873752067557,17347.873752067557,1.0
2048,200,27829.01064325631,27814.232772578187,1.000531306069053
256,100,21776.313654501137,18702.315368100946,1.1643645840580394
1024,700,58052.80458958653,42452.09110493904,1.3674898710191554
4096,800,52865.670380835145,44366.085532812314,1.1915784263125198
4096,800,78733.61137126268,78733.61137126268,1.0
8192,1000,58676.89014369309,45809.33523320091,1.2808937271188832
8192,700,64966.29240789171,57793.63501321383,1.1241080854844645
8192,1000,34363.77027208787,33915.21825046568,1.013225685835474
4096,900,32974.70696956536,32655.352187910106,1.0097795540472991
512,700,85649.84634150636,85438.48061711625,1.0024738937638338
1024,200,39819.55529994364,39819.40708715139,1.000003722124539
4096,700,144778.20302592916,132452.11299022113,1.093060727816536
2048,700,99709.10047089912,91119.24221630921,1.0942705189996897
8192,300,19674.24141386905,19674.24141386905,1.0
8192,500,75288.1433121715,53378.57096652857,1.4104563301138482
8192,700,57386.04397864159,49777.7756414471,1.1528446829765435
256,1000,104331.33480992288,90498.72860811553,1.15284862466639
2048,100,34300.968848800694,34300.968848800694,1.0
4096,700,91526.83913463607,82072.46511123,1.1151954435704212
1024,800,105553.18306090255,101845.3758611526,1.0364062400319958
1024,400,193674.0701051157,193515.84305327947,1.0008176439165897
256,100,17930.619933950984,17587.547381984677,1.0195065602107616
128,900,165416.87292621957,96720.06020199122,1.7102643710183925
512,900,78200.57675369423,72227.30001714897,1.0827010941171415
4096,1000,90502.00149425122,90498.72860811553,1.000036164995752
8192,300,32671.02721643224,25922.78608210399,1.26032082789847
512,500,90563.42782828577,86843.01321389293,1.042840690076351
128,800,138415.708851082,79920.49096406845,1.7319176494212538
128,100,26991.932835512995,22982.09428187623,1.1744766383975258
2048,200,24337.522142430917,21228.428234486382,1.146458978196685
4096,500,97935.06095418494,97935.06095418494,1.0
128,400,86027.93326370248,48772.78954290394,1.763850992939953
1024,700,112132.43793828486,107260.20847207752,1.0454243893016086
128,300,68844.5657959449,36726.85726982461,1.874501956161349
4096,500,97704.51114863665,71401.30747796739,1.3683854623920684
256,500,68097.18931058125,49937.16420129462,1.3636575163956914
512,500,150062.98306943174,147481.94731846493,1.0175006893921292
128,800,172860.76067835584,97370.5352483193,1.7752881838178
128,400,153560.98840402436,125078.80246001596,1.2277139322077641
2048,600,69810.88306363206,51282.51062023954,1.3613000264476127
4096,100,22656.454190491233,22656.454190491233,1.0
256,900,205127.09182046677,184098.91857787647,1.1142221442962745
2048,500,37536.1519740977,37441.44378906292,1.0025295014147517
1024,500,44652.09121738147,44576.14394763512,1.0017037649069773
128,200,43874.76544184279,27723.977542298137,1.5825566650710055
8192,200,67151.768032449,67151.768032449,1.0
2048,800,102114.98685967235,101845.3758611526,1.0026472581228167
512,800,70551.35824840418,52828.81053104514,1.3354712615939799
512,800,86172.10404540488,76577.73322810722,1.1252893029455215
1024,600,67293.2031554284,48408.82573041455,1.3901019522799347
128,200,43151.81621248804,24735.736732623263,1.74451307753354
2048,600,30598.06720945444,30580.976963775065,1.000558852181198
8192,500,28470.511066159495,19560.487282935454,1.4555113405072038
512,300,42178.21149056533,33160.64237859692,1.2719358994622094
512,600,74196.69317713182,44462.8864987731,1.6687331619637242
4096,300,77306.4040908596,77306.4040908596,1.0
2048,200,10048.060306826554,10040.691196847953,1.0007339245709412
512,800,63675.1644971484,50772.066671360866,1.2541377310738036
128,500,190222.52413434163,173629.6110728368,1.0955649958493785
4096,600,79716.44372053785,72740.10717064606,1.0959077023838515
8192,400,48786.97977664097,45126.38541333707,1.0811187142461007
256,100,24212.17136427905,22363.056566867846,1.0826861387164208
2048,1000,44719.304684180206,28109.406843986402,1.5909017551449063
2048,500,106470.18029386172,62891.775190494496,1.692911036003857
2048,1000,100630.40879092847,75796.72432283711,1.327635325800077
1024,600,20024.51226377683,18779.00655706,1.066324366144309
1024,800,112668.12288427753,112592.55358879731,1.0006711748963097
128,200,40348.45874602523,22186.36413155776,1.8186151866422227
512,100,12518.158432247892,12506.156799285585,1.0009596579632676
4096,900,86400.2555317499,85663.51049156082,1.0086004535182067
8192,900,115414.78727487197,114082.80036744605,1.011675615457683
8192,300,34502.74586232038,24597.69281353905,1.40268219966262
4096,1000,109435.2912300309,97058.77161015228,1.1275157249010974
128,200,45713.29911338073,34129.72158000343,1.3393985358545704
4096,200,39531.928160618925,38939.460754354994,1.0152150901626873
8192,600,104029.86993284992,85848.15788843864,1.2117891925886024
4096,800,60650.662845165505,60650.662845165505,1.0
2048,500,50739.48899468293,35523.310698868714,1.4283434735236769
128,300,75468.95005275637,42868.394179046576,1.7604799875999193
128,100,29211.820808820452,17899.559780833548,1.6319854324071044
128,400,85140.41250643927,47063.4505065966,1.8090558934794985
4096,1000,39004.452763486224,30918.141407431434,1.261539374230017
2048,800,50763.481713515124,50763.481713515124,1.0
2048,100,21949.84902967429,21949.84902967429,1.0
128,900,174349.78186458832,102028.33792508653,1.708836833082621
8192,700,32133.421261305957,31684.037608755014,1.0141832823865469
1024,700,75419.43505393749,66320.27242801076,1.1372003203968089
512,700,72627.12687152876,61346.24441089266,1.1838887216155822
8192,1000,544585.7100480688,544585.7100480688,1.0
8192,1000,52342.92934087619,52314.885183268474,1.000536064592505
1024,100,32343.442268045947,31319.451246236975,1.0326950499150909
8192,1000,121905.96704247322,120557.43492411824,1.0111858063271153
4096,900,31739.21879131273,31640.39833817212,1.0031232366952028
8192,600,122634.8967329771,122634.8967329771,1.0
8192,1000,49557.77241888677,49557.77241888677,1.0
2048,100,23289.9839332401,23097.256435111492,1.0083441727665814
512,800,58693.76914387915,38336.594525084816,1.5310115536077158
2048,200,37947.837074881,37946.30536557415,1.0000403651763219
2048,600,47549.287596208655,33916.34753113008,1.4019577890150345
1024,100,30820.38022540123,29554.958545859663,1.0428158840953217
256,700,92544.4484720458,47523.960799855195,1.9473218754175847
128,1000,206627.82378300675,111804.66682439692,1.8481144808341619
1024,800,47616.5338360984,40421.19798120487,1.1780089708929269
1024,800,36103.599673430224,34904.751507598776,1.0343462741905056
1024,1000,61191.67567089107,55735.236402641,1.0978992755827177
8192,600,60304.7350232043,60144.36411673883,1.0026664328207744
4096,200,16398.7285876539,15726.677746397436,1.042733173025715
1024,700,145435.69955378905,132452.11299022113,1.0980247598203774
8192,800,120712.62684671115,107232.14310089932,1.1257130871023202
128,1000,188243.66484401218,109237.63657662571,1.7232491542598232
2048,1000,80418.51297313276,56446.32882143322,1.4246898718167313
1024,1000,96776.8524866196,70250.77350904822,1.3775912727018564
2048,900,94705.42658694458,82690.26725018611,1.1453031866544297
512,600,51436.08029420842,28950.864730709705,1.7766681849626227
1024,700,30377.274730031797,29025.881672657724,1.0465582087260792
1024,100,17435.93833482602,17402.954696611207,1.0018952895522526
4096,100,17809.6328420409,17809.6328420409,1.0
128,700,141587.52754162744,83214.36890509089,1.701479316668415
128,300,67451.2820985796,34512.68583773153,1.954390985845484
2048,1000,71360.79924048723,71261.14520805598,1.0013984343380997
256,500,61068.63830737504,35523.310698868714,1.7191144942838859
128,500,92615.03947907906,56026.380959696515,1.6530612524429016
2048,400,32984.071483653934,30788.555312709123,1.0713094897972861
128,900,178898.50833954712,103152.02937065497,1.7343188440502049
128,300,53081.631802025746,30815.59640870832,1.7225573407050843
4096,200,29267.753468249663,28939.495392742734,1.011342909440959
128,500,104940.32277663643,62386.64500506909,1.6820959480688493
256,200,40873.8338147582,34123.56738045935,1.1978183101150306
1024,300,20565.397443698843,20366.163083435094,1.0097826163645816
>>>>>>> a2683253b43fac3e70a11df0799a71278281a7a7
2048,200,61372.60518345501,61372.60518345501,1.0
4096,500,114981.83515243819,114521.14245494771,1.0040227742023418
8192,100,14996.978704083662,12056.98525864028,1.2438415061788786
4096,700,57520.205103725944,42452.09110493904,1.354943975822991
<<<<<<< HEAD
1024,500,38474.26517184608,38397.17028659358,1.0020078272611515
2048,1000,91159.46363763278,90612.693267471,1.0060341476502395
8192,1000,162392.86932151654,162392.86932151654,1.0
2048,1000,60565.90496081357,60543.78817954,1.0003653022372498
8192,400,32120.436929723935,30165.425795839306,1.0648096647836571
128,700,128377.78937923015,75809.96321061933,1.693415798429608
128,1000,352603.2945362182,288023.0601366038,1.224218971803804
2048,900,53621.529271472944,42076.23356110103,1.274389952076067
4096,200,26168.682166838385,18050.62303154285,1.4497384451001776
2048,300,48198.78486748399,45111.95494347674,1.0684259843732091
128,100,29244.01924442757,14446.766271911083,2.024260564198845
128,1000,222688.57030989963,110076.46947736123,2.023035180608683
4096,300,20576.890620776598,20570.96909448887,1.0002878584018344
256,200,27817.104534036156,27723.977542298137,1.0033590775925256
4096,400,66926.42590403692,66926.42590403692,1.0
2048,200,32540.902931029297,32540.902931029297,1.0
256,1000,208134.42137402052,194547.19755313522,1.0698402443816972
4096,600,57412.70684815128,57412.70684815128,1.0
256,500,117282.19824953603,73196.94614990943,1.6022826691340202
256,400,59888.24161417248,45126.42140747785,1.3271214456249454
512,500,115327.16125090238,114523.64185050332,1.0070161879889217
2048,900,61672.66649060858,52757.84825268096,1.1689761529930214
8192,300,84396.74424018276,84396.74424018276,1.0
512,900,151382.70710828193,149649.57060028278,1.011581299572375
2048,600,36841.67918175485,32874.997452313044,1.120659529637856
256,700,85328.47245982835,51196.085489777375,1.666699155677955
128,300,54703.7591197136,27253.416999670506,2.007225703858528
128,300,62416.62164376736,33300.695014947356,1.8743339025131764
1024,700,49995.775892391874,49201.53957608187,1.0161425094245649
256,800,84912.9761426094,57826.93902776309,1.468398251234466
1024,1000,39918.82644417481,30928.88515915138,1.2906648991311427
4096,900,49096.22587222264,42308.40617125458,1.1604366676800006
512,600,35015.348445413765,21988.935751463338,1.5924076017677906
2048,700,110860.05937738155,110859.18311471,1.000007904285842
256,400,65088.616499994176,53259.20525974124,1.2221101719892695
2048,500,66624.56129320196,66624.56129320196,1.0
128,800,153829.46363819475,92351.37447544445,1.6656976088547213
512,200,29782.886302690837,23117.237029627373,1.2883410878437018
128,900,167003.3399649475,94518.05570423097,1.7668935180759524
512,300,32927.96948876868,32331.936268961428,1.0184348136421215
8192,400,34318.891360832946,33618.972390895855,1.0208191660886885
8192,500,31854.501985315517,30238.042864909574,1.053457795784852
128,400,86168.03395161594,48720.51320368562,1.768619176718719
512,400,187421.0658796311,186703.3320474569,1.0038442475787832
8192,700,21774.38376715433,21733.392272247234,1.0018861066138967
8192,400,35053.10290940029,26546.468859735378,1.3204431479987695
1024,600,38477.02192857554,29865.350306368007,1.2883499283908053
512,700,41278.48344584151,29025.881672657724,1.4221267733178178
4096,400,39061.461442675914,36227.84755042349,1.0782164573346091
8192,300,30746.90512885161,27248.226586824265,1.1284002293095696
512,200,20376.32624580176,20330.555626091365,1.0022513216339082
2048,500,150425.0517802286,150425.0517802286,1.0
128,400,76734.42701230128,42797.12681057494,1.7929808080794016
2048,400,19135.293523186087,17742.443550288524,1.078503841308539
4096,400,27724.391935842763,27155.933418576842,1.0209331238408859
8192,800,48600.44480731025,48235.14390825591,1.0075733349059588
1024,900,86587.81010351471,85663.51049156082,1.010789887160239
512,700,93669.15177803312,80357.08323268619,1.1656614203728601
256,1000,148780.05535373368,95719.83817352499,1.5543283209904606
256,700,86023.59302044226,66354.8129063725,1.2964182890820994
256,500,117973.4895130758,63127.950965255164,1.8687996000061355
8192,700,95854.95894721552,73742.01759573007,1.2998689495141489
128,500,91697.58917936235,55659.95529531376,1.6474607047893683
2048,900,47144.29704189259,47139.992713958745,1.000091309473889
128,200,51492.45829329767,42776.4318576044,1.2037576781697796
4096,400,66503.6244481076,66503.6244481076,1.0
2048,400,25810.603068699493,23700.07824770922,1.0890513861992952
2048,100,9516.14337669928,9516.14337669928,1.0
256,300,33456.60979464515,16760.521743464207,1.9961556272967222
1024,800,36500.09774318068,35597.83621265971,1.02534596555619
128,900,211604.49496999054,110304.68081578685,1.9183636941335096
1024,900,75530.99782583727,75449.13454700036,1.001085012827893
2048,400,23344.740664976227,19252.6280861351,1.2125482588939682
8192,900,33314.868764375235,33158.57017036733,1.004713671102368
256,500,90376.1040189103,84910.77897470127,1.0643655035344497
512,100,11384.221460230954,9011.915100790524,1.2632410905904263
2048,400,32445.419119252718,32352.598258555856,1.0028690388312882
128,700,269901.0838036281,237800.98990500558,1.1349872173006745
2048,400,78360.88806338026,50876.400696790595,1.5402207504888108
4096,1000,281398.91676139703,281398.91676139703,1.0
4096,800,120712.62684671115,107232.14310089932,1.1257130871023202
128,1000,225994.00941862486,163336.4654407616,1.3836102600162345
128,1000,207982.39587334477,115948.15552755489,1.7937533799226162
128,600,105130.2984825541,64016.28039679616,1.6422431580047814
1024,400,21105.804584160156,18307.43976342798,1.1528539684900316
512,600,110542.55942983722,90097.16084726775,1.2269261138786427
128,700,201580.91072212227,142838.5537233773,1.411250012461664
256,1000,334838.5958326126,320464.419199229,1.0448542046237195
4096,700,112106.62893233435,107260.20847207752,1.0451837687926784
8192,700,40114.14099218546,40106.49652901174,1.000190604112433
512,400,59312.82552848288,52638.32287426997,1.1267993030506573
256,400,70026.05720181305,60987.569802147,1.1482021242851335
8192,600,154139.23729344973,127907.92965534359,1.2050796045936178
8192,900,183126.6918346876,183126.6918346876,1.0
4096,800,46260.12990418027,36672.2149998591,1.2614490263093738
512,500,87290.7999085557,62600.06932840837,1.3944201794828124
8192,800,148024.03103293112,148024.03103293112,1.0
2048,200,13346.32097606308,13337.35876144625,1.0006719632257877
1024,200,30131.327300548455,26688.32812098575,1.1290076757133163
8192,500,48021.98700860474,41189.47869015632,1.165879941570644
256,500,76223.39727108537,64106.45222511053,1.1890128781955684
1024,100,7348.806094934624,7152.901243328333,1.0273881666951596
1024,300,24139.825790717434,24078.953359370287,1.002528034771223
512,900,267063.06120222225,229800.42209317343,1.1621521787020066
256,100,26161.041078558017,25440.224664257337,1.0283337283303713
128,700,170796.85891484868,92417.89181801837,1.8480929996884983
128,1000,227758.3942465515,155765.44053451647,1.4621882329288693
2048,700,26404.437419181795,26067.12107591305,1.0129402990950327
2048,800,106112.60688901419,82940.54724397566,1.2793815620347455
8192,1000,172594.03018481666,111577.13934558528,1.546858354651352
2048,700,27256.748774941923,25871.051952994367,1.0535616728869495
256,1000,114715.68431434888,58569.061920395274,1.9586396051599024
4096,700,66582.97055012165,60285.399819468286,1.1044626186358917
128,200,44399.891771419134,21601.854967306153,2.0553740333233983
8192,800,78175.44132986665,48425.21287150835,1.6143541079994355
2048,1000,60317.231960753874,60202.342442558154,1.0019083895000487
1024,700,58917.722912451834,58796.06304945136,1.0020691838312057
512,900,74764.649664206,63466.880684134354,1.1780104655891162
128,300,68176.40192259052,34119.012930735975,1.998193853409343
4096,900,68817.41819972453,68817.41819972453,1.0
4096,200,28779.18209724736,23681.10697554874,1.2152802707644745
256,900,264257.9343129509,253651.7844619295,1.041813819183335
1024,500,68185.64338304935,62373.284305942194,1.0931866766642817
256,900,160848.96104652717,132038.8394742635,1.2181942956101126
1024,700,117308.9478933114,116488.33981442524,1.0070445512417248
128,700,132369.12459547978,78479.10754470208,1.6866797895233667
1024,900,52592.05677110339,52575.017380802,1.0003240967126643
256,300,41001.582241768774,21515.230474413613,1.9057003498302638
1024,700,127875.48938304075,85672.54241504308,1.4926076170769427
1024,800,93619.2320941609,83711.93042021694,1.1183499367917011
256,300,27830.754332174627,22793.463249481996,1.220997179215717
1024,800,59541.52236681631,53281.95779009162,1.1174800032946373
2048,700,20299.552998127027,20241.050244316226,1.0028903022869196
1024,200,24337.522142430917,21228.428234486382,1.146458978196685
8192,900,51151.844025608865,51151.844025608865,1.0
256,300,81995.61000369013,80517.55870716526,1.018356881657334
512,100,14509.02385562372,12228.569679313945,1.1864857653931047
2048,700,39776.856313998185,37075.37110490693,1.072864684252175
1024,800,87156.35290278732,62102.16000225037,1.4034351284984141
128,700,149878.88563522114,91940.15576527944,1.6301787221011197
128,100,35786.93365377048,31016.524467410036,1.1538021834578163
1024,900,262672.7586368464,255315.3157889041,1.028817083789934
2048,300,25124.096067315884,24009.73900443229,1.0464127103871426
2048,900,115422.80032916182,114082.80036744605,1.0117458543917208
512,800,68841.22479903285,48658.058952929256,1.414795951183099
512,400,31153.88064599425,28824.379087289086,1.0808170594638211
1024,500,27624.565153644897,27319.151569382047,1.0111794681283273
2048,400,71974.06743874023,61717.64616532399,1.1661829624211884
512,800,74890.17145324699,64362.85987349461,1.163561898903247
2048,300,18908.50631716676,18573.116360380285,1.018057818100032
512,400,48947.93574155718,46346.74140253926,1.0561246435089267
1024,1000,319335.0069080463,318823.5863822797,1.0016040862332984
1024,700,91548.16461499629,82072.46511123,1.1154552807805176
2048,200,16319.454371522042,16319.454371522042,1.0
128,600,145194.17033659687,102083.55250788486,1.4223071863156622
256,200,48462.51550321899,44503.178337827754,1.088967514529761
256,300,38440.26439257389,25925.04840988032,1.482746098862592
8192,400,62641.756947637405,43214.48493372207,1.449554635296727
2048,900,53368.33765720347,53309.00486140186,1.0011129976249955
2048,800,53093.65174816615,50851.16746299596,1.0440989734759194
8192,1000,38518.77605616531,38513.66294334092,1.000132761010863
4096,100,14384.95796845455,12228.569679313945,1.1763401890564837
128,800,164182.52190290575,89210.20923574897,1.8404005921456053
256,400,43372.13824773284,26808.94972573375,1.6178231035324813
256,500,54884.27288180441,29868.4267369777,1.8375347776137336
8192,300,62461.85801432151,60345.735579996704,1.035066644129635
8192,300,80360.55407407164,80360.55407407164,1.0
4096,800,112759.44110463203,77768.99443358157,1.4499279812719448
256,400,34422.683444262446,16466.24380733385,2.090500046460568
8192,900,72933.47013669772,72933.47013669772,1.0
128,300,57248.640072668546,32718.346740617188,1.7497412239842478
1024,500,78153.99768189278,57888.8463754861,1.350070049331442
256,200,41605.453392525065,39820.04492620314,1.0448369274728533
1024,200,24030.03634673321,24000.475759263372,1.0012316667288743
128,200,49484.919724590145,25552.63257851312,1.9365879258249648
8192,400,76270.46612357127,43737.033632128354,1.7438417695420594
512,600,56039.83990779352,53722.666447453994,1.0431321379516028
2048,900,104442.62392047815,81048.18639186893,1.2886485012199635
2048,900,140197.73271256403,113578.57949298169,1.2343677244284184
1024,500,38303.94342823297,36276.16196639806,1.0558984565046656
256,1000,203625.40202856308,178404.20743107868,1.1413710750472512
256,600,73130.9477883151,37319.166647534046,1.9596082752600104
8192,600,44245.93157544285,44245.02565111483,1.0000204751678792
8192,700,112840.09344125881,112840.09344125881,1.0
512,200,17697.622572496468,17465.341889253814,1.0132995211153337
128,300,52836.66982919294,29869.66446699064,1.7689073771680106
256,800,86248.86838607481,44884.135805066064,1.9215891503549885
2048,700,26478.081447171495,18573.466244444164,1.425586430593795
1024,700,58951.527319984576,35819.1385364328,1.6458108633747033
8192,300,23670.10054418794,21519.631696399152,1.0999305600638427
2048,1000,52659.18540268678,52314.885183268474,1.006581305076216
512,700,52793.325245225955,26960.090062369884,1.9582028518114394
8192,800,47410.138589706905,40421.19798120487,1.172902856856241
512,800,58076.354792215236,45863.92468154658,1.2662752957899903
1024,600,57366.737887233365,57234.00896316298,1.002319056911701
256,200,26131.51906290514,21352.04078691819,1.2238417546914393
8192,700,72502.0685654886,61816.893419918626,1.1728520240088125
256,800,124232.58155981479,101772.97572271765,1.2206833953473932
1024,100,25440.224664257337,25440.224664257337,1.0
1024,300,25312.378981244634,24009.73900443229,1.0542546496058067
8192,800,52807.69621151402,44366.085532812314,1.1902717036520711
4096,200,97563.39295797232,97563.39295797232,1.0
2048,700,46271.63640606664,36017.436572769824,1.2847009895493027
1024,200,27181.922847732327,25552.63257851312,1.0637621295658302
128,600,114697.74143328547,68959.49422032459,1.6632625098268243
512,600,105831.6059555256,85860.7325228005,1.232596122184513
2048,900,147582.43789985505,119327.18954102685,1.2367880150995556
512,900,108214.72705907773,101546.8599937516,1.065662956646187
8192,1000,125673.09932425611,109603.29142325721,1.1466179317456973
256,300,37777.054697616084,24009.73900443229,1.5734054706151657
512,400,37061.1524572706,33618.972390895855,1.1023880214526396
8192,800,99630.49994718055,77475.65594337959,1.2859587793615075
128,800,185968.98526278953,92675.16199414137,2.0066755888114436
128,100,79331.60310390218,72967.22941615328,1.0872223563738597
4096,1000,180084.44376155233,177234.74373613778,1.0160786760278622
512,300,37598.817190583555,22146.00515886802,1.6977697296131846
4096,500,84889.56492633495,84889.56492633495,1.0
512,1000,322485.88236875896,318872.8660565887,1.0113305856244572
4096,400,24900.31979876133,24898.237602795067,1.0000836282470864
512,200,20071.428595351685,18786.158172106803,1.0684158203859486
4096,600,86765.25402755744,86765.25402755744,1.0
2048,900,38828.23000329267,38773.95122637488,1.0013998773713026
4096,700,86850.12183855481,83768.6586116748,1.0367853953728055
256,400,113329.79550358682,108365.40803212737,1.045811551505326
2048,400,23939.7728419524,22105.08631748286,1.0829983877067466
2048,100,17347.873752067557,17347.873752067557,1.0
128,1000,203742.60561097582,115440.97043804495,1.7649072494614964
256,600,59111.40976902847,32190.559785344685,1.8362964224045575
2048,500,27319.151569382047,27319.151569382047,1.0
512,400,74712.26073954473,60333.80288876994,1.2383151262200824
1024,1000,172865.80142858243,111577.13934558528,1.5492940797950483
4096,800,67864.85909306852,62454.88761199475,1.086622067350174
4096,300,30387.96483767547,25368.022265529136,1.1978846643858236
2048,300,23670.10054418794,21519.631696399152,1.0999305600638427
512,400,26287.56693846239,18378.334353517806,1.4303563333219407
256,200,26688.65787897104,12441.910416424595,2.1450610867394833
8192,400,28824.379087289086,28824.379087289086,1.0
4096,1000,96205.86423048834,93286.52965676959,1.031294277796161
512,100,11699.193296953517,9574.086555025397,1.2219644380395394
4096,200,22703.64482373528,16584.68314295091,1.3689525828164615
512,200,48570.50153163571,48339.89611714323,1.0047704987601473
512,1000,151704.0531455485,101940.34443496184,1.4881650046055712
8192,500,82266.25824208425,79358.12801462926,1.036645650549102
128,700,137782.29932423474,80381.02878996897,1.7141146536485867
8192,600,57066.6499738179,46448.9967564828,1.2285873529841786
1024,800,91247.17764404518,75114.39828637919,1.2147761244942492
1024,100,33641.93709583374,33641.93709583374,1.0
2048,1000,139683.9750813179,121618.88196705427,1.148538556037354
1024,300,86345.43633133869,86170.66124077488,1.0020282435813677
2048,300,42011.1271584949,31364.460634147326,1.339450011544476
8192,400,78467.90727403564,78467.90727403564,1.0
256,500,103869.80135871269,83700.23600340706,1.240973817021073
128,200,50696.55125756708,36595.856922978,1.3853084889982579
1024,500,147610.6661069317,147480.7458449727,1.0008809303290043
256,600,72952.74968335922,42749.93105715173,1.7064998206857878
4096,400,77180.08129136279,31325.655831794265,2.4637977798705224
128,500,106289.03777548611,60599.398399554455,1.7539619300291203
256,100,20585.72072948907,17055.23313554162,1.2070031858192674
256,200,26164.742136435336,15726.677746397436,1.663717064618367
8192,900,68186.15135445092,42142.405953476984,1.6179937953643386
256,500,104409.70906802242,75650.02876185662,1.3801674735207328
4096,900,38612.182200083844,36333.36856705928,1.0627195804544969
1024,1000,34891.13000434831,23682.09487621599,1.4733126518883088
2048,600,170029.76887403624,160778.42770955205,1.0575409356608265
1024,900,93689.18136024302,85706.05508068645,1.0931454174625235
1024,400,21134.95392711192,20429.860901844946,1.034512864705961
128,200,38973.03991036538,28980.424713004046,1.344805685089821
2048,400,35675.19695860989,32093.024154301882,1.1116184248354122
2048,800,52850.52710438561,44366.085532812314,1.1912371008097697
128,900,276273.2607066922,164211.80971601093,1.682420169319619
8192,600,103020.0017173615,97724.37299561259,1.0541894366719209
128,700,126236.71356150137,76932.73817319293,1.640871189028968
1024,600,39588.435453367885,39588.435453367885,1.0
2048,300,46527.39313765369,42876.67356603513,1.085144654843525
8192,900,104439.39514295681,81048.18639186893,1.2886086634683114
4096,900,93130.9914327715,85706.05508068645,1.086632576252576
4096,800,43251.53330519784,39511.64899287421,1.0946527013589866
128,700,117376.84988540897,68977.11224126474,1.7016782244355784
128,400,90882.92535731736,49027.35786518295,1.853718603544377
2048,200,45587.1976776367,44311.444499564175,1.0287906023484537
1024,600,55101.836304634286,54360.02424755477,1.0136462789954124
128,300,53639.957707707355,31753.51478726137,1.6892604824089024
128,900,164582.53930638076,100393.00888181973,1.6393824743326841
1024,600,36847.965676358865,32874.997452313044,1.1208507538231394
256,300,42373.01827783808,22337.66806533914,1.8969311458069045
4096,200,17447.720313048005,17444.605877280243,1.0001785328822945
1024,800,64481.410158144674,57706.6904436543,1.117399207308645
4096,100,20007.909292777418,18096.624174953435,1.1056155611867815
128,400,92324.90972874804,50363.62225938312,1.8331665910219002
256,400,66984.97397548976,58595.613062953016,1.1431738738448476
128,700,170197.1031151355,86538.92833380034,1.966711471843591
1024,500,86103.92621232632,62598.35627795712,1.3754981972688995
4096,800,76714.89423435816,75591.86163784155,1.014856527834928
2048,100,14384.95796845455,12228.569679313945,1.1763401890564837
8192,200,30131.327300548455,26688.32812098575,1.1290076757133163
128,100,13624.48138120861,12506.156799285585,1.0894219223276418
512,800,57382.796540431234,44366.085532812314,1.293393272164884
1024,700,124841.43949236732,117219.7735553616,1.0650203093371964
4096,100,20722.565533660163,20722.565533660163,1.0
512,300,87885.7855714461,86191.01916507911,1.0196629117834315
4096,200,16319.454371522042,16319.454371522042,1.0
1024,400,23406.858545671585,19252.6280861351,1.2157747212978252
1024,400,38469.072013114666,32569.65752594252,1.1811322235265482
4096,700,170514.54536366955,170514.54536366955,1.0
8192,1000,28003.028411344018,28003.028411344018,1.0
128,400,76839.87836879953,42723.60226027847,1.798534634338174
128,300,56703.540021243934,33207.329205691334,1.7075609926354942
256,600,120407.49598589259,94961.903825476,1.267955792116187
256,400,42823.389964214366,26944.926090923545,1.589293279918831
8192,400,20436.099835317473,20429.860901844946,1.0003053830617106
8192,300,25080.65034537924,25080.65034537924,1.0
4096,400,48940.921402939224,38819.630796565834,1.26072609137923
8192,200,53640.79281597229,53640.79281597229,1.0
256,200,21876.93098069113,18620.644394921266,1.174875075035427
8192,500,44987.9302988407,43236.65246550346,1.040504473252977
512,1000,137822.2543601705,94799.91351609524,1.453822574814595
1024,100,18133.45082558037,16761.07212005239,1.0818789332626348
128,500,106937.11169436896,62235.40719591476,1.7182680488895152
4096,200,17740.67758730927,17740.67758730927,1.0
8192,900,162745.16745457405,162744.67958603505,1.0000029977541522
512,600,110003.77710351351,94912.1411777341,1.1590063793579217
2048,700,137019.5894164135,101971.47650017287,1.3437050645842246
128,200,37498.00769552877,22407.83808966297,1.6734326419837482
2048,300,25048.789438331107,21245.29525451237,1.1790275982637095
128,500,124031.50701027083,76617.57157086262,1.61883892255128
4096,900,235023.16966618467,212427.5200802827,1.1063687491025758
4096,900,65346.289712907725,60097.90469262115,1.0873305824409378
512,300,52621.92454655833,42586.891465992514,1.2356366650658037
128,500,108237.67285703981,59301.683299989054,1.8252040554987043
256,800,121970.51639629652,112709.77703380244,1.0821644723839416
4096,500,33757.014697872815,25362.56656300998,1.330977865115028
8192,400,56781.930622412154,56772.7824606574,1.0001611363994902
1024,800,117522.87693639903,101772.97572271765,1.1547552393141405
512,1000,62146.17155649061,31152.82778783593,1.9948805925334483
128,900,162497.69586859018,92800.87521868643,1.7510362427688566
128,100,26739.896693461957,13798.527712172872,1.937880421102636
2048,200,14764.441624399278,14764.440789441054,1.0000000565519709
512,300,36547.11723407864,24597.69281353905,1.4857945219139574
4096,900,104439.39514295681,81048.18639186893,1.2886086634683114
8192,300,73079.30981278289,71342.42663188108,1.024345726139425
2048,300,20747.758773181948,19887.38962467144,1.0432620451828012
2048,600,27217.969548810877,26424.606119149255,1.0300236615101972
512,100,21978.87238599753,21561.33909716274,1.0193649052571938
256,400,35807.081742720475,20821.733470226685,1.7196974398851839
128,1000,188408.25733097072,108573.46405908014,1.7353066788810252
8192,600,25074.394501535673,22032.708212275476,1.1380532188759949
2048,1000,59620.46966727884,55734.051128954416,1.0697314919622878
8192,900,253619.1459229753,253619.1459229753,1.0
256,1000,125219.33279744138,71828.30656007184,1.7433145621039703
8192,100,17253.430595013517,16761.07212005239,1.0293751182164586
128,1000,191594.8188997945,112758.77583353377,1.6991566065123542
8192,200,29139.89239002461,18668.090115124316,1.560946631943691
2048,500,177216.5620740779,168416.85806467704,1.0522495438432982
1024,700,208687.13484304008,185588.29528429307,1.1244628036663793
2048,100,20721.11432278907,16561.60268801602,1.2511539319671565
128,1000,194455.70580052814,105648.99440198131,1.8405826472957074
1024,200,27032.302713702175,27032.28717728225,1.0000005747356788
4096,600,93830.21843648735,63281.703420590464,1.482738506782311
512,300,41352.456127912956,34690.24422950583,1.1920485729166639
256,300,50254.85886412615,22146.00515886802,2.269251655258573
8192,700,137018.5543906216,101971.47650017287,1.3436949144341293
128,200,38714.635584006704,22557.733121605976,1.7162467245844628
128,500,98205.8692504784,56208.21260609286,1.74718007737953
1024,300,19562.40553916137,19555.262961639615,1.0003652509064065
8192,1000,154192.8048722063,154192.8048722063,1.0
1024,100,11949.956101337437,11936.420001605858,1.0011340167093448
512,1000,68538.5540784547,40844.58099378827,1.6780329828546456
8192,600,24534.079315662202,20442.695272351662,1.2001391689697618
2048,900,240354.51235418237,236191.38873228242,1.0176260601381144
128,600,105643.3400082654,61581.31829191577,1.7155095561202685
2048,100,9174.398888173322,9169.349964976815,1.0005506304389944
8192,500,30666.80462561862,20558.185404494525,1.491707756410938
8192,100,25440.224664257337,25440.224664257337,1.0
4096,500,56265.69165701632,30807.185918026305,1.8263820592614854
1024,600,26378.13415544437,20442.695272351662,1.2903452213133693
2048,900,40582.49954625352,38891.783213405324,1.043472327395506
512,900,105041.51316660711,91856.52223014132,1.1435389737860044
512,900,101783.20094063699,96310.49967324318,1.056823516500914
1024,600,45433.76644004859,37315.749872411354,1.2175493349428608
512,100,15370.187297573037,15312.764243852314,1.003750012264688
256,600,122752.1581311556,82210.52420515442,1.4931440873048136
128,800,171648.3327202406,88007.77202189426,1.9503769812231873
256,1000,153259.24529543938,117216.61555814055,1.3074873776697753
128,300,56525.09582721217,34152.10038414554,1.6550986671804486
8192,1000,82404.30443125752,81704.81311790232,1.0085612008235771
8192,300,69759.15177939474,69759.15177939474,1.0
1024,300,23700.403050974477,21519.631696399152,1.1013386932147278
8192,800,202129.88973115865,178142.21764117235,1.134654617011135
512,100,17506.319582839384,17402.954696611207,1.0059395021150233
2048,100,18595.337664656734,18595.337664656734,1.0
1024,600,58396.08067542187,46448.9967564828,1.2572086536459293
256,300,83009.44857648527,81301.47690523788,1.0210078800073723
128,1000,186978.33898191407,108467.36333138205,1.7238211867533895
2048,900,109079.15272347725,81142.94619253738,1.3442838575845195
2048,200,58667.68283716659,58164.57654757025,1.0086497026104002
512,100,20121.037880502357,16761.07212005239,1.2004624606578844
1024,300,73128.24043377301,71342.42663188108,1.025031581994071
128,400,115590.05080758098,93117.14843824577,1.2413401048705759
2048,1000,58676.89014369309,45809.33523320091,1.2808937271188832
1024,500,35903.28599487972,31663.06987732136,1.1339167722519354
4096,1000,318823.5863822797,318823.5863822797,1.0
128,600,102520.46705860367,55871.60268351879,1.8349297699463618
1024,300,30746.90512885161,27248.226586824265,1.1284002293095696
2048,800,103059.5391238463,86811.4173682552,1.187165723682017
2048,600,370329.99013737525,370329.8703327854,1.0000003235077681
4096,400,32984.071483653934,30788.555312709123,1.0713094897972861
1024,100,20769.26204959299,20722.565533660163,1.0022534138380201
8192,300,148542.84856807854,148542.84856807854,1.0
256,700,70810.47027039592,36575.40564901358,1.9360132584696472
512,400,30882.011171897084,28990.714279328946,1.065238023263079
256,200,32707.19152337609,22182.883245990513,1.4744337406765107
4096,300,23670.10054418794,21519.631696399152,1.0999305600638427
1024,700,21047.491993802232,20241.050244316226,1.0398418925773112
1024,200,40405.54282687118,34123.56738045935,1.1840949211543796
512,100,13434.34870529936,13344.194099298318,1.0067560922248413
2048,200,24882.517172980835,24882.517172980835,1.0
1024,900,47312.719105073156,47268.417986599445,1.0009372244801227
8192,400,206533.6195535207,206533.6195535207,1.0
256,500,130276.10952278676,118964.10663554122,1.095087528559358
4096,500,34446.24852072474,34433.87820574358,1.0003592483805408
1024,200,25899.4985892651,25789.8571929023,1.0042513378628934
128,800,239070.318724635,205600.62385254813,1.162789850754979
1024,400,19116.382002686078,17742.443550288524,1.0774379497673652
4096,600,102007.14592153949,102007.14592153949,1.0
256,400,51304.054490513205,30799.159109877237,1.665761532887438
8192,800,34002.287907534934,34002.287907534934,1.0
256,900,274175.8516348778,230159.98859425177,1.191240290327879
1024,500,33979.476807686864,25362.56656300998,1.3397491426299186
4096,700,27279.316597667443,25871.051952994367,1.0544339923723156
2048,300,19296.06042391556,19296.06042391556,1.0
128,400,81383.49689708912,57575.34732942383,1.413512912591639
128,500,101304.1773826183,58198.746717059876,1.7406590879889665
512,200,21858.04062786233,20173.677302438762,1.0834931232502638
128,300,75823.86852186402,42886.675174210075,1.768005288679052
512,700,113388.67926765785,107262.5973375693,1.0571129366820102
4096,700,85439.201466285,85438.44490528817,1.0000088550417516
2048,400,49285.71875470693,43244.960742362484,1.1396869810642922
8192,400,126599.04493294522,123287.74065024371,1.0268583418370476
8192,500,90247.07798795842,83700.2145046859,1.0782180012562095
256,900,92854.86255549314,48142.95380320393,1.9287321450000772
512,800,79620.4280433742,72564.78502388351,1.0972323285622418
512,900,153774.9670512363,107835.44573164219,1.4260150362239756
2048,700,96411.94825041256,84599.65574644411,1.1396257750666432
256,600,77536.2591947978,54695.76403720911,1.417591664722893
1024,200,8878.313927258829,8778.22964733385,1.011401419642214
8192,100,27048.854495395608,26872.954657817776,1.006545608393927
512,300,33616.44045956525,25922.78608210399,1.2967911841379056
512,600,91766.81643402737,77283.67991443432,1.1874022631379386
512,200,42422.615125356766,36722.781297896625,1.1552124764522291
8192,500,107204.63278326692,73187.77810821602,1.4647887332329355
2048,100,15992.165782225096,15982.980607392092,1.000574684726124
=======
1024,500,38397.17028659358,38397.17028659358,1.0
2048,1000,91280.53162440474,90612.693267471,1.0073702517037255
8192,1000,162392.86932151654,162392.86932151654,1.0
2048,1000,60543.78817954,60543.78817954,1.0
8192,400,32120.436929723935,30165.425795839306,1.0648096647836571
128,700,127646.8024505548,75809.96321061933,1.6837734388014352
128,1000,353581.3760936243,288023.0601366038,1.2276148164175724
2048,900,53552.57422712702,42076.23356110103,1.2727511398889975
4096,200,26168.682166838385,18050.62303154285,1.4497384451001776
2048,300,48198.78486748399,45111.95494347674,1.0684259843732091
128,100,27790.028635747687,14446.766271911083,1.9236158537277628
128,1000,223456.81606476882,110076.46947736123,2.030014381145517
4096,300,20576.531777000266,20570.96909448887,1.0002704142175238
256,200,27773.144471025636,27723.977542298137,1.001773444256059
4096,400,66926.42590403692,66926.42590403692,1.0
2048,200,32540.902931029297,32540.902931029297,1.0
256,1000,202197.34884953548,194547.19755313522,1.0393228552897085
4096,600,57412.70684815128,57412.70684815128,1.0
256,500,115813.14987534305,73196.94614990943,1.5822128649760117
256,400,60560.221050112734,45126.42140747785,1.3420124876127972
512,500,116425.7241687854,114523.64185050332,1.0166086433119637
2048,900,61681.18451753326,52757.84825268096,1.1691376081547988
8192,300,84396.74424018276,84396.74424018276,1.0
512,900,150835.9593961016,149649.57060028278,1.0079277794855
2048,600,36825.65278570399,32874.997452313044,1.1201720346631687
256,700,83608.04591360118,51196.085489777375,1.6330945054440869
128,300,53519.03594587925,27253.416999670506,1.963755075061828
128,300,62323.83637642412,33300.695014947356,1.871547616301985
1024,700,51269.34533239536,49201.53957608187,1.042027257157593
256,800,94130.0643194198,57826.93902776309,1.6277891567843035
1024,1000,37793.18881817008,30928.88515915138,1.2219382827313985
4096,900,49088.85342426217,42308.40617125458,1.1602624127593442
512,600,37598.59978621904,21988.935751463338,1.7098872001441408
2048,700,110872.73152150001,110859.18311471,1.000122212760453
256,400,68145.39772273146,53259.20525974124,1.2795045924998572
2048,500,66628.94836875131,66624.56129320196,1.0000658477213837
128,800,161401.1102177484,92351.37447544445,1.7476849817829596
512,200,29676.670001299397,23117.237029627373,1.283746408070539
128,900,162266.85437789853,94518.05570423097,1.7167815521477647
512,300,33327.29158362287,32331.936268961428,1.030785515175501
8192,400,34318.891360832946,33618.972390895855,1.0208191660886885
8192,500,31854.501985315517,30238.042864909574,1.053457795784852
128,400,91339.19498676067,48720.51320368562,1.8747584740107175
512,400,186873.54515070622,186703.3320474569,1.0009116768371658
8192,700,21814.632799676387,21733.392272247234,1.0037380509407587
8192,400,35053.10290940029,26546.468859735378,1.3204431479987695
1024,600,38469.50825594065,29865.350306368007,1.2880983434417654
512,700,43500.64528859958,29025.881672657724,1.4986847179762686
4096,400,39061.83981101695,36227.84755042349,1.0782269014643773
8192,300,30746.90512885161,27248.226586824265,1.1284002293095696
512,200,20527.018313973233,20330.555626091365,1.0096634195097813
2048,500,150425.0517802286,150425.0517802286,1.0
128,400,82594.3360413167,42797.12681057494,1.9299037621588204
2048,400,19180.90208339913,17742.443550288524,1.0810744319988108
4096,400,27724.391935842763,27155.933418576842,1.0209331238408859
8192,800,48600.44480731025,48235.14390825591,1.0075733349059588
1024,900,86439.72576003274,85663.51049156082,1.0090612124581142
512,700,96134.84129880698,80357.08323268619,1.1963455793988178
256,1000,154283.97916655143,95719.83817352499,1.6118286669776738
256,700,92838.15344815387,66354.8129063725,1.3991171006562808
256,500,117080.15232117049,63127.950965255164,1.8546483852392095
8192,700,95854.95894721552,73742.01759573007,1.2998689495141489
128,500,92597.51473073733,55659.95529531376,1.663628981364516
2048,900,47144.29704189259,47139.992713958745,1.000091309473889
128,200,52883.19532653545,42776.4318576044,1.2362694369314107
4096,400,66503.6244481076,66503.6244481076,1.0
2048,400,25810.603068699493,23700.07824770922,1.0890513861992952
2048,100,9516.14337669928,9516.14337669928,1.0
256,300,31207.262586463312,16760.521743464207,1.8619505445069235
1024,800,36511.46081183567,35597.83621265971,1.0256651722795174
128,900,216893.3868964206,110304.68081578685,1.9663117221529436
1024,900,75463.49670630918,75449.13454700036,1.0001903555209088
2048,400,23344.740664976227,19252.6280861351,1.2125482588939682
8192,900,33316.68105837463,33158.57017036733,1.004768326474722
256,500,90141.88563732026,84910.77897470127,1.061607097777039
512,100,11384.221460230954,9011.915100790524,1.2632410905904263
2048,400,32528.648080173956,32352.598258555856,1.0054415976179454
128,700,270076.51125529193,237800.98990500558,1.1357249242872347
2048,400,78360.88806338026,50876.400696790595,1.5402207504888108
4096,1000,281398.91676139703,281398.91676139703,1.0
4096,800,120712.62684671115,107232.14310089932,1.1257130871023202
128,1000,217809.14835787035,163336.4654407616,1.3334998266928015
128,1000,201282.0297016904,115948.15552755489,1.7359657752714837
128,600,106748.63090483051,64016.28039679616,1.6675231713427228
1024,400,21105.804584160156,18307.43976342798,1.1528539684900316
512,600,111495.7263465485,90097.16084726775,1.2375054363317342
128,700,208306.52519089353,142838.5537233773,1.4583354406843283
256,1000,335349.5537743876,320464.419199229,1.0464486341802104
4096,700,112106.62893233435,107260.20847207752,1.0451837687926784
8192,700,40106.49652901174,40106.49652901174,1.0
512,400,59589.78535212388,52638.32287426997,1.1320608655115765
256,400,75697.83601242259,60987.569802147,1.2412010555265267
8192,600,154139.23729344973,127907.92965534359,1.2050796045936178
8192,900,183126.6918346876,183126.6918346876,1.0
4096,800,46265.62803616588,36672.2149998591,1.261598952676942
512,500,87230.17105404237,62600.06932840837,1.393451668502493
8192,800,148024.03103293112,148024.03103293112,1.0
2048,200,13337.35876144625,13337.35876144625,1.0
1024,200,30132.053851021465,26688.32812098575,1.1290348992422579
8192,500,48021.98700860474,41189.47869015632,1.165879941570644
256,500,74910.30027507913,64106.45222511053,1.1685298074526222
1024,100,7348.806094934624,7152.901243328333,1.0273881666951596
1024,300,24078.953359370287,24078.953359370287,1.0
512,900,267022.24786546093,229800.42209317343,1.1619745752999346
256,100,28985.14015124383,25440.224664257337,1.1393429316670691
128,700,154428.97550654333,92417.89181801837,1.6709856984254956
128,1000,236035.0914967943,155765.44053451647,1.5153238785627205
2048,700,26343.650629366075,26067.12107591305,1.0106083657127962
2048,800,106114.02049833984,82940.54724397566,1.279398605680738
8192,1000,172594.03018481666,111577.13934558528,1.546858354651352
2048,700,27484.881999878962,25871.051952994367,1.0623797613570873
256,1000,116850.56035007133,58569.061920395274,1.995090181039436
4096,700,66582.97055012165,60285.399819468286,1.1044626186358917
128,200,45155.27148940167,21601.854967306153,2.0903423135533035
8192,800,78175.44132986665,48425.21287150835,1.6143541079994355
2048,1000,60484.26772444337,60202.342442558154,1.0046829619986002
1024,700,58870.10325098118,58796.06304945136,1.001259271415291
512,900,73084.6681512908,63466.880684134354,1.1515402579027447
128,300,60722.33990263364,34119.012930735975,1.7797214716001402
4096,900,68817.41819972453,68817.41819972453,1.0
4096,200,28779.18209724736,23681.10697554874,1.2152802707644745
256,900,262513.5561794766,253651.7844619295,1.0349367607893851
1024,500,68164.6243570432,62373.284305942194,1.0928496890222161
256,900,157843.58627137245,132038.8394742635,1.1954330021367592
1024,700,117293.96257777717,116488.33981442524,1.006915909048368
128,700,134535.87041640517,78479.10754470208,1.7142889951924196
1024,900,52576.949669546506,52575.017380802,1.0000367529834657
256,300,38276.94084894515,21515.230474413613,1.7790625526630977
1024,700,127878.73918230736,85672.54241504308,1.4926455498751883
1024,800,93492.14327071012,83711.93042021694,1.116831768200763
256,300,27479.491204404098,22793.463249481996,1.2055864834418524
1024,800,57856.58371922288,53281.95779009162,1.0858569414275907
2048,700,20251.623723413533,20241.050244316226,1.0005223779877863
1024,200,24337.522142430917,21228.428234486382,1.146458978196685
8192,900,51151.844025608865,51151.844025608865,1.0
256,300,82263.42641994523,80517.55870716526,1.0216830681507563
512,100,14400.850336653444,12228.569679313945,1.1776397987913636
2048,700,39717.526121333685,37075.37110490693,1.0712644253499344
1024,800,87178.28362282079,62102.16000225037,1.4037882679066516
128,700,147925.71512530601,91940.15576527944,1.6089347890921142
128,100,35802.368939157954,31016.524467410036,1.1542998306201762
1024,900,262672.7586368464,255315.3157889041,1.028817083789934
2048,300,25152.85813686808,24009.73900443229,1.0476106438401835
2048,900,115414.78727487197,114082.80036744605,1.011675615457683
512,800,70473.51835103173,48658.058952929256,1.4483421629951634
512,400,29898.704680354138,28824.379087289086,1.037271421868678
1024,500,27511.780162016257,27319.151569382047,1.0070510459354858
2048,400,71964.50192064916,61717.64616532399,1.1660279740396573
512,800,72875.11087036328,64362.85987349461,1.132254082767601
2048,300,18916.54028360611,18573.116360380285,1.0184903769815608
512,400,48963.82330230309,46346.74140253926,1.0564674413036608
1024,1000,319278.8366645242,318823.5863822797,1.0014279065341756
1024,700,91556.64619519231,82072.46511123,1.1155586233593535
2048,200,16322.447362218903,16319.454371522042,1.0001834001694372
128,600,145460.79478234405,102083.55250788486,1.424919012013309
256,200,49968.95560725525,44503.178337827754,1.1228176834458041
256,300,36295.95017162804,25925.04840988032,1.4000340364955792
8192,400,62641.756947637405,43214.48493372207,1.449554635296727
2048,900,53324.60907075796,53309.00486140186,1.0002927124488006
2048,800,53101.33728432323,50851.16746299596,1.0442501113266416
8192,1000,38536.06806130499,38513.66294334092,1.000581744665446
4096,100,14384.95796845455,12228.569679313945,1.1763401890564837
128,800,161202.06020795627,89210.20923574897,1.8069911682637123
256,400,43566.92070962937,26808.94972573375,1.625088679539346
256,500,57366.967204342196,29868.4267369777,1.9206558051924696
8192,300,62461.85801432151,60345.735579996704,1.035066644129635
8192,300,80360.55407407164,80360.55407407164,1.0
4096,800,112759.44110463203,77768.99443358157,1.4499279812719448
256,400,31083.935515346675,16466.24380733385,1.8877368681679727
8192,900,72933.47013669772,72933.47013669772,1.0
128,300,57574.844314749746,32718.346740617188,1.7597112950476566
1024,500,78281.40297315322,57888.8463754861,1.3522709101057964
256,200,40459.27911956399,39820.04492620314,1.0160530756443271
1024,200,24031.63777222851,24000.475759263372,1.0012983914684737
128,200,39205.770213504686,25552.63257851312,1.534314325267304
8192,400,76270.46612357127,43737.033632128354,1.7438417695420594
512,600,56375.18043227331,53722.666447453994,1.049374205716571
2048,900,104439.39514295681,81048.18639186893,1.2886086634683114
2048,900,140197.73271256403,113578.57949298169,1.2343677244284184
1024,500,40392.3154121439,36276.16196639806,1.1134671702469119
256,1000,205685.7951472469,178404.20743107868,1.1529200914541642
256,600,68950.17913954197,37319.166647534046,1.8475808902902717
8192,600,44249.14740523854,44245.02565111483,1.000093157458111
8192,700,112840.09344125881,112840.09344125881,1.0
512,200,17879.2243466953,17465.341889253814,1.0236973578911812
128,300,48750.60763300003,29869.66446699064,1.632110989625443
256,800,81650.33499047678,44884.135805066064,1.8191357263753072
2048,700,26338.773357101414,18573.466244444164,1.4180860486921802
1024,700,57357.72543705126,35819.1385364328,1.6013150449922426
8192,300,23670.10054418794,21519.631696399152,1.0999305600638427
2048,1000,52925.65896561707,52314.885183268474,1.0116749521710493
512,700,49018.48892196689,26960.090062369884,1.8181871354497248
8192,800,47410.138589706905,40421.19798120487,1.172902856856241
512,800,47640.28469186167,45863.92468154658,1.0387310947034982
1024,600,57498.86284346403,57234.00896316298,1.0046275612192659
256,200,25471.58453454323,21352.04078691819,1.192934426677799
8192,700,72502.0685654886,61816.893419918626,1.1728520240088125
256,800,125419.73398471331,101772.97572271765,1.2323481070890734
1024,100,25442.095369660132,25440.224664257337,1.0000735333680217
1024,300,25503.028478595123,24009.73900443229,1.0621951564690963
8192,800,52818.19875137984,44366.085532812314,1.190508428162239
4096,200,97563.39295797232,97563.39295797232,1.0
2048,700,46382.58293537855,36017.436572769824,1.287781345617613
1024,200,27220.457664989666,25552.63257851312,1.0652701862069194
128,600,114974.94480621365,68959.49422032459,1.667282309798711
512,600,105134.2685490637,85860.7325228005,1.2244743954536499
2048,900,147582.43789985505,119327.18954102685,1.2367880150995556
512,900,107079.73434267865,101546.8599937516,1.0544859225511012
8192,1000,125673.09932425611,109603.29142325721,1.1466179317456973
256,300,43553.240840769344,24009.73900443229,1.8139822691420864
512,400,35208.88212552494,33618.972390895855,1.047292038440165
8192,800,99630.49994718055,77475.65594337959,1.2859587793615075
128,800,182679.76228992944,92675.16199414137,1.9711836306418098
128,100,73560.51531614373,72967.22941615328,1.0081308541483298
4096,1000,180084.44376155233,177234.74373613778,1.0160786760278622
512,300,39278.06490606772,22146.00515886802,1.7735959431193138
4096,500,84889.56492633495,84889.56492633495,1.0
512,1000,322664.282478396,318872.8660565887,1.0118900565880524
4096,400,24903.940722671854,24898.237602795067,1.0002290571713457
512,200,19315.345252736483,18786.158172106803,1.0281689888790249
4096,600,86765.25402755744,86765.25402755744,1.0
2048,900,39047.48477508986,38773.95122637488,1.0070545698868296
4096,700,86850.71812021882,83768.6586116748,1.0367925135680098
256,400,112639.56643756309,108365.40803212737,1.0394420921127205
2048,400,23938.149079153907,22105.08631748286,1.0829249311829776
2048,100,17347.873752067557,17347.873752067557,1.0
128,1000,208879.55633505143,115440.97043804495,1.8094057555341951
256,600,57885.97768125551,32190.559785344685,1.798228364689983
2048,500,27443.28488292137,27319.151569382047,1.0045438202289725
512,400,74613.8981070267,60333.80288876994,1.2366848190322635
1024,1000,172880.70904741815,111577.13934558528,1.5494276879778996
4096,800,67864.85909306852,62454.88761199475,1.086622067350174
4096,300,30387.96483767547,25368.022265529136,1.1978846643858236
2048,300,23670.10054418794,21519.631696399152,1.0999305600638427
512,400,28642.34530883038,18378.334353517806,1.558484286871619
256,200,24395.723363533914,12441.910416424595,1.9607698936112787
8192,400,28824.379087289086,28824.379087289086,1.0
4096,1000,96205.86423048834,93286.52965676959,1.031294277796161
512,100,10948.610961255457,9574.086555025397,1.1435671589482945
4096,200,22703.64482373528,16584.68314295091,1.3689525828164615
512,200,48517.03085080339,48339.89611714323,1.0036643590054664
512,1000,152043.72193419485,101940.34443496184,1.491497039537659
8192,500,82269.75345279698,79358.12801462926,1.036689694061722
128,700,138075.36141310303,80381.02878996897,1.717760564795532
8192,600,57066.6499738179,46448.9967564828,1.2285873529841786
1024,800,91950.77520280093,75114.39828637919,1.224143137674242
1024,100,33641.93709583374,33641.93709583374,1.0
2048,1000,139683.0462696234,121618.88196705427,1.1485309189691661
1024,300,86293.75725612987,86170.66124077488,1.0014285142249408
2048,300,42007.74784846237,31364.460634147326,1.3393422682591076
8192,400,78467.90727403564,78467.90727403564,1.0
256,500,102590.08856646731,83700.23600340706,1.2256845794591467
128,200,51378.38176860597,36595.856922978,1.4039398469815922
1024,500,147645.40987194882,147480.7458449727,1.0011165120303176
256,600,68957.27581073092,42749.93105715173,1.6130382928230456
4096,400,77180.08129136279,31325.655831794265,2.4637977798705224
128,500,108298.6071440885,60599.398399554455,1.7871234699400043
256,100,22194.308001468085,17055.23313554162,1.3013195319633057
256,200,23732.877342807325,15726.677746397436,1.5090839734567523
8192,900,68186.15135445092,42142.405953476984,1.6179937953643386
256,500,104974.04439923822,75650.02876185662,1.387627290000014
4096,900,38611.781354489096,36333.36856705928,1.0627085480176335
1024,1000,36044.82461605075,23682.09487621599,1.5220285538274188
2048,600,170029.76887403624,160778.42770955205,1.0575409356608265
1024,900,93993.20276278186,85706.05508068645,1.0966926744474894
1024,400,20531.616444702497,20429.860901844946,1.0049807261706987
128,200,35046.46693859644,28980.424713004046,1.2093151596522478
2048,400,35675.19695860989,32093.024154301882,1.1116184248354122
2048,800,52809.260717357094,44366.085532812314,1.1903069672058484
128,900,283454.90130206046,164211.80971601093,1.726154177292543
8192,600,103020.0017173615,97724.37299561259,1.0541894366719209
128,700,124733.8818244167,76932.73817319293,1.621336829889151
1024,600,39622.69554911915,39588.435453367885,1.0008654066612868
2048,300,46527.39313765369,42876.67356603513,1.085144654843525
8192,900,104439.39514295681,81048.18639186893,1.2886086634683114
4096,900,93130.9914327715,85706.05508068645,1.086632576252576
4096,800,43167.42553421208,39511.64899287421,1.0925240184735692
128,700,115907.14186846206,68977.11224126474,1.6803710405133776
128,400,93589.36673576327,49027.35786518295,1.908921280096684
2048,200,45587.1976776367,44311.444499564175,1.0287906023484537
1024,600,54774.125419150245,54360.02424755477,1.0076177517822593
128,300,55548.36198759957,31753.51478726137,1.7493610505720782
128,900,164097.5359408824,100393.00888181973,1.6345514271223223
1024,600,37135.75323023842,32874.997452313044,1.1296047485358998
256,300,41655.24667498679,22337.66806533914,1.8647983555464458
4096,200,17448.959646124975,17444.605877280243,1.0002495767961375
1024,800,65341.65308350527,57706.6904436543,1.132306368311069
4096,100,20007.909292777418,18096.624174953435,1.1056155611867815
128,400,91049.61756134559,50363.62225938312,1.8078448982962572
256,400,66365.65256637172,58595.613062953016,1.1326044578639505
128,700,179503.60689455492,86538.92833380034,2.0742527132086575
1024,500,86107.69846961182,62598.35627795712,1.375558458552259
4096,800,76714.89423435816,75591.86163784155,1.014856527834928
2048,100,14384.95796845455,12228.569679313945,1.1763401890564837
8192,200,30131.327300548455,26688.32812098575,1.1290076757133163
128,100,14574.372500230755,12506.156799285585,1.165375801226426
512,800,55965.643941137416,44366.085532812314,1.2614510220818622
1024,700,124765.45827862904,117219.7735553616,1.0643721148267165
4096,100,20722.565533660163,20722.565533660163,1.0
512,300,87772.07828120809,86191.01916507911,1.018343664240712
4096,200,16322.04736848466,16319.454371522042,1.0001588899299931
1024,400,26742.2087089836,19252.6280861351,1.3890160132601412
1024,400,38313.8852650221,32569.65752594252,1.176367459022379
4096,700,170514.54536366955,170514.54536366955,1.0
8192,1000,28035.439975622987,28003.028411344018,1.0011574306822415
128,400,75759.15240592329,42723.60226027847,1.7732388749522427
128,300,57622.42557029975,33207.329205691334,1.7352321595445852
256,600,113222.70629071044,94961.903825476,1.1922960864263499
256,400,43726.17103312906,26944.926090923545,1.6227979577891034
8192,400,20443.640939302637,20429.860901844946,1.00067450471268
8192,300,25080.65034537924,25080.65034537924,1.0
4096,400,48940.921402939224,38819.630796565834,1.26072609137923
8192,200,53640.79281597229,53640.79281597229,1.0
256,200,22079.664486467387,18620.644394921266,1.1857626416242373
8192,500,44987.9302988407,43236.65246550346,1.040504473252977
512,1000,136669.96084970783,94799.91351609524,1.4416675688897527
1024,100,17304.426585111,16761.07212005239,1.032417643762093
128,500,107932.49318279927,62235.40719591476,1.7342618622712915
4096,200,17740.67758730927,17740.67758730927,1.0
8192,900,162744.67958603505,162744.67958603505,1.0
512,600,110270.3027673675,94912.1411777341,1.161814509704016
2048,700,137018.5792487457,101971.47650017287,1.343695158209398
128,200,34920.818524671515,22407.83808966297,1.5584197986855743
2048,300,25034.31056911836,21245.29525451237,1.1783460888264767
128,500,127517.44740659435,76617.57157086262,1.6643368458716428
4096,900,235023.16966618467,212427.5200802827,1.1063687491025758
4096,900,65349.18437573482,60097.90469262115,1.0873787482271144
512,300,52974.871616768054,42586.891465992514,1.2439243577820371
128,500,102519.94211954516,59301.683299989054,1.7287863752691162
256,800,120682.42907215035,112709.77703380244,1.070736117559321
4096,500,33755.159300348416,25362.56656300998,1.3309047101557383
8192,400,56781.930622412154,56772.7824606574,1.0001611363994902
1024,800,117566.48645379886,101772.97572271765,1.1551837373224787
512,1000,64960.36406286533,31152.82778783593,2.0852156505750674
128,900,158264.77859166745,92800.87521868643,1.7054233402294376
128,100,26436.083896642125,13798.527712172872,1.915862652021967
2048,200,14764.441624399278,14764.440789441054,1.0000000565519709
512,300,35002.01459588701,24597.69281353905,1.4229795802889782
4096,900,104439.39514295681,81048.18639186893,1.2886086634683114
8192,300,73079.30981278289,71342.42663188108,1.024345726139425
2048,300,20770.678735404083,19887.38962467144,1.044414532394783
2048,600,27193.36276348937,26424.606119149255,1.0290924542403308
512,100,21996.349056444935,21561.33909716274,1.0201754611493234
256,400,36155.63635245653,20821.733470226685,1.7364373818422
128,1000,191759.48450727074,108573.46405908014,1.7661726663056914
8192,600,25074.88004171371,22032.708212275476,1.1380752561205025
2048,1000,59620.46966727884,55734.051128954416,1.0697314919622878
8192,900,253619.1459229753,253619.1459229753,1.0
256,1000,127161.9271862788,71828.30656007184,1.7703595320033063
8192,100,17253.430595013517,16761.07212005239,1.0293751182164586
128,1000,196153.3348030917,112758.77583353377,1.7395837561474918
8192,200,29139.89239002461,18668.090115124316,1.560946631943691
2048,500,177215.37734444547,168416.85806467704,1.0522425093359093
1024,700,208687.13484304008,185588.29528429307,1.1244628036663793
2048,100,20721.11432278907,16561.60268801602,1.2511539319671565
128,1000,198249.12859122746,105648.99440198131,1.8764885526208999
1024,200,27032.302713702175,27032.28717728225,1.0000005747356788
4096,600,93830.21843648735,63281.703420590464,1.482738506782311
512,300,41799.031425185196,34690.24422950583,1.2049217972825046
256,300,42143.714030351366,22146.00515886802,1.9029939588664628
8192,700,137018.5543906216,101971.47650017287,1.3436949144341293
128,200,39289.70318801022,22557.733121605976,1.7417398714757484
128,500,93775.5211616996,56208.21260609286,1.6683597790037985
1024,300,20501.88214191259,19555.262961639615,1.0484073869080615
8192,1000,154192.8048722063,154192.8048722063,1.0
1024,100,11984.430973876775,11936.420001605858,1.004022225446529
512,1000,69790.3559827145,40844.58099378827,1.7086809139584114
8192,600,24529.032401041997,20442.695272351662,1.1998922878930267
2048,900,240354.51235418237,236191.38873228242,1.0176260601381144
128,600,110027.80819790445,61581.31829191577,1.7867075803141519
2048,100,9171.448658850717,9169.349964976815,1.000228881423647
8192,500,30666.80462561862,20558.185404494525,1.491707756410938
8192,100,25440.224664257337,25440.224664257337,1.0
4096,500,56265.69165701632,30807.185918026305,1.8263820592614854
1024,600,29173.058731738696,20442.695272351662,1.4270651860273373
2048,900,40857.85798107241,38891.783213405324,1.050552445921004
512,900,105898.94432486042,91856.52223014132,1.152873435155063
512,900,102827.07404620491,96310.49967324318,1.0676621385526064
1024,600,45433.76644004859,37315.749872411354,1.2175493349428608
512,100,15325.01627141876,15312.764243852314,1.0008001186050628
256,600,120169.64717371995,82210.52420515442,1.4617307009725353
128,800,166706.16832020791,88007.77202189426,1.8942209817416507
256,1000,153972.08829957107,117216.61555814055,1.313568793693753
128,300,55555.300571871914,34152.10038414554,1.6267023095792492
8192,1000,82404.30443125752,81704.81311790232,1.0085612008235771
8192,300,69759.15177939474,69759.15177939474,1.0
1024,300,23677.22481399354,21519.631696399152,1.100261619159375
8192,800,202129.88973115865,178142.21764117235,1.134654617011135
512,100,17487.568734983997,17402.954696611207,1.0048620501430867
2048,100,18595.337664656734,18595.337664656734,1.0
1024,600,57220.015634021656,46448.9967564828,1.2318891607930276
256,300,83350.56828196986,81301.47690523788,1.0252036181227104
128,1000,197758.88523492767,108467.36333138205,1.8232109563754058
2048,900,109079.15272347725,81142.94619253738,1.3442838575845195
2048,200,58667.68283716659,58164.57654757025,1.0086497026104002
512,100,18202.107849713113,16761.07212005239,1.0859751523851935
1024,300,73180.75361090116,71342.42663188108,1.0257676541969287
128,400,117956.18444717299,93117.14843824577,1.2667503937301106
2048,1000,58676.89014369309,45809.33523320091,1.2808937271188832
1024,500,35872.12743243911,31663.06987732136,1.1329327058755123
4096,1000,318823.5863822797,318823.5863822797,1.0
128,600,102447.7604420035,55871.60268351879,1.833628453837497
1024,300,30753.483326182035,27248.226586824265,1.1286416467577645
2048,800,103059.5391238463,86811.4173682552,1.187165723682017
2048,600,370329.99013737525,370329.8703327854,1.0000003235077681
4096,400,32984.89417344827,30788.555312709123,1.071336210433769
1024,100,20769.26204959299,20722.565533660163,1.0022534138380201
8192,300,148542.84856807854,148542.84856807854,1.0
256,700,70584.97576111967,36575.40564901358,1.9298480634355812
512,400,30726.800520376797,28990.714279328946,1.0598842175574033
256,200,33616.13051293293,22182.883245990513,1.5154085309901695
4096,300,23670.10054418794,21519.631696399152,1.0999305600638427
1024,700,20638.39674998949,20241.050244316226,1.0196307257220925
1024,200,40401.54582592327,34123.56738045935,1.1839777880040456
512,100,13384.910961715257,13344.194099298318,1.0030512792390422
2048,200,24882.517172980835,24882.517172980835,1.0
1024,900,47479.73218808896,47268.417986599445,1.0044705156315876
8192,400,206533.6195535207,206533.6195535207,1.0
256,500,139207.6770171399,118964.10663554122,1.170165362932678
4096,500,34464.80321142522,34433.87820574358,1.0008980982478028
1024,200,25794.1082841669,25789.8571929023,1.0001648357814783
128,800,234105.44283480864,205600.62385254813,1.1386416949916625
1024,400,19331.11803692507,17742.443550288524,1.0895409069294015
4096,600,102008.73281151321,102007.14592153949,1.0000155566549715
256,400,50183.79242842131,30799.159109877237,1.6293883949684669
8192,800,34002.287907534934,34002.287907534934,1.0
256,900,275469.16259645874,230159.98859425177,1.1968594727473783
1024,500,33965.85914909893,25362.56656300998,1.3392122230498713
4096,700,27263.00587854012,25871.051952994367,1.0538035302188262
2048,300,19296.06042391556,19296.06042391556,1.0
128,400,81736.4113302605,57575.34732942383,1.4196425227380118
128,500,99770.0110088218,58198.746717059876,1.7142982733608607
512,200,26092.812470546163,20173.677302438762,1.2934088356509919
128,300,76546.2377817046,42886.675174210075,1.7848489646438186
512,700,112826.29068431318,107262.5973375693,1.051869836129683
4096,700,85438.44490528817,85438.44490528817,1.0
2048,400,49285.71875470693,43244.960742362484,1.1396869810642922
8192,400,126599.04493294522,123287.74065024371,1.0268583418370476
8192,500,90247.07798795842,83700.2145046859,1.0782180012562095
256,900,96273.74600612951,48142.95380320393,1.9997473856646175
512,800,78791.20482981269,72564.78502388351,1.0858049783221966
512,900,154611.52879948638,107835.44573164219,1.4337727984567386
2048,700,96411.94825041256,84599.65574644411,1.1396257750666432
256,600,79603.92570155478,54695.76403720911,1.455394711140717
1024,200,8951.820115295377,8778.22964733385,1.0197751112622406
8192,100,27048.854495395608,26872.954657817776,1.006545608393927
512,300,33701.977411206084,25922.78608210399,1.3000908661770936
512,600,94595.36559470248,77283.67991443432,1.2240018293569228
512,200,42423.7579518034,36722.781297896625,1.1552435968196482
8192,500,107204.63278326692,73187.77810821602,1.4647887332329355
2048,100,15985.946914434076,15982.980607392092,1.0001855916061497
>>>>>>> a2683253b43fac3e70a11df0799a71278281a7a7
8192,300,24280.001026100275,21017.690379287385,1.1552173710784057
8192,200,36645.349012206316,35921.64382160135,1.0201467726309832
8192,900,101158.61654056568,101158.61654056568,1.0
4096,1000,177645.49193167785,164826.80934945482,1.0777706165205547
<<<<<<< HEAD
256,300,35057.12425711719,17827.437375652476,1.9664701952618198
2048,600,53776.05443546667,53722.666447453994,1.0009937702564502
512,500,57646.449070686016,50986.98493784023,1.1306110596844379
128,200,37981.65533891316,28752.091133108686,1.3210049718845116
2048,900,49088.85342426217,42308.40617125458,1.1602624127593442
2048,200,20983.392416218016,20983.392416218016,1.0
2048,400,42692.918385157594,42692.918385157594,1.0
128,1000,206209.1684532532,119877.02488971625,1.7201725571931759
1024,400,28421.75468656141,27677.385709128852,1.0268944829275202
8192,700,127778.93208582506,85672.54241504308,1.4914805663965984
512,100,26413.49166395078,26077.67380743252,1.012877600164726
2048,700,103376.45966096662,87919.86057306842,1.175803271151147
4096,100,12506.156799285585,12506.156799285585,1.0
256,1000,175782.63920752966,154489.75373513065,1.1378271694892155
128,600,141114.90575176253,90318.97399063353,1.5624059875436225
256,700,85833.55430171618,41935.33336202956,2.0468074871543616
512,800,115174.1036514208,101845.3758611526,1.1308721940251805
2048,900,27718.46492012462,25632.20759839876,1.0813920265633379
8192,800,36500.09774318068,35597.83621265971,1.02534596555619
128,300,60991.658729273186,30116.443643117553,2.025194589773932
512,500,35894.0191348526,33191.11398476165,1.0814346017832326
128,700,183544.6492948996,103514.09104961141,1.773136849619167
128,700,154854.8363556994,88156.94624075736,1.7565812220036472
512,700,159157.04011621614,156144.92700669277,1.0192904961260398
4096,400,34323.16415649541,33618.972390895855,1.0209462608616275
8192,100,17347.873752067557,17347.873752067557,1.0
1024,600,49752.30934251407,49110.74686009548,1.0130635863520105
128,900,175573.23739850067,102336.6893389555,1.715643124011702
512,100,33641.93709583374,33641.93709583374,1.0
512,1000,141223.95237681622,131821.8771527211,1.0713240884379336
4096,100,23406.310004142215,23406.310004142215,1.0
4096,700,58796.06304945136,58796.06304945136,1.0
1024,900,108464.63548375668,106758.6671591515,1.0159796705035853
512,400,201939.75223886696,199256.12813637196,1.0134682136383695
2048,200,44463.976038674446,44463.976038674446,1.0
512,400,44212.913554183615,36379.94568810993,1.2153100483773875
512,700,41463.13493932198,25871.051952994367,1.6026845377086785
256,500,92711.93256352404,62646.179782811574,1.4799295485366804
2048,1000,578728.0008594855,578726.0804275025,1.000003318378155
128,600,119117.77448273389,65760.98539115372,1.8113745372610828
128,200,50471.00332712858,27814.232772578187,1.8145747085602701
256,300,38938.55120659638,19556.161831988105,1.9911141839143716
512,400,35565.55239965119,27854.974889369056,1.276811504620128
256,1000,303919.78788693127,282352.83372106106,1.0763829917399603
4096,400,38263.14078125577,32569.65752594252,1.1748094296287352
1024,900,253775.84002773277,253619.1459229753,1.0006178323177741
1024,300,77325.73384072441,77306.4040908596,1.0002500407319694
128,700,132818.67539966313,77115.47929902589,1.7223348231376534
8192,100,31888.171785391976,31888.171785391976,1.0
256,700,83601.16336306432,52221.72197707259,1.6008886761675256
128,1000,185128.5019830173,112135.50198644286,1.6509356867675973
128,600,141125.30155145045,78385.53990888693,1.800399687435851
2048,1000,36841.40300650555,36609.43763730977,1.0063362177669557
8192,100,9768.925659236022,9768.925659236022,1.0
4096,900,92235.02475630121,92225.73944329564,1.000100680277129
256,200,32508.387971263903,24001.323039952378,1.3544414996269474
2048,400,66503.6244481076,66503.6244481076,1.0
512,800,78254.52314828955,48425.21287150835,1.6159871791566596
4096,500,95840.79588635585,59644.592375848035,1.6068647981097577
256,1000,113128.69941930303,59696.58443065613,1.8950615097705286
256,300,49510.96482678167,42876.67356603513,1.1547296165717926
1024,400,74086.40191995018,60333.80288876994,1.2279418563509783
512,700,127711.05097900923,79385.89031895016,1.6087374024011343
1024,600,114629.00860504528,60935.422956383656,1.8811555421071648
1024,800,26628.902163631818,21523.526764125163,1.2371997607760155
2048,200,27032.28717728225,27032.28717728225,1.0
512,800,108709.96523663004,106838.68689460534,1.017514988216494
4096,900,155185.21938336626,117302.28488761534,1.3229513775630688
2048,100,7348.806094934624,7152.901243328333,1.0273881666951596
256,800,127241.79754908255,92708.63347505928,1.372491350369364
8192,100,15423.483362375071,15423.483362375071,1.0
256,200,39793.537553185415,38240.07191018615,1.040624025149531
128,700,244328.57857915093,188120.42398621296,1.2987881560221093
8192,600,129100.68041493383,129100.68041493383,1.0
256,100,10048.965800340042,9669.996324546642,1.0391902399002377
256,600,75821.05129141842,60144.36411673883,1.2606509754472008
256,1000,98730.16378064787,53373.921035885694,1.8497828502100704
1024,600,120180.58200957978,98570.30723941623,1.2192371655865353
128,700,145167.41680515092,81990.87854229896,1.7705313003843384
2048,700,112842.44142785326,112840.09344125881,1.0000208080880018
256,900,86119.39618405154,48180.01047654898,1.78745075669855
8192,300,44731.78923694513,44731.78923694513,1.0
4096,800,211690.8134321658,194034.7845986657,1.0909941424679044
4096,700,127143.61860249727,79385.74559253757,1.6015925485550777
512,900,83836.12255766719,62743.09571777348,1.3361808434632052
128,400,81545.11107221435,45577.515792113525,1.7891521653824856
128,500,97287.90227009816,58953.46568758445,1.6502490758670851
256,100,24615.568271305463,22657.026405086697,1.0864430235107576
128,400,93098.65376845306,65575.75754197258,1.4197114491413099
256,1000,106734.6973967354,59303.79193163881,1.7997954923316128
512,300,30627.945779827307,30136.71866331647,1.0162999536213202
128,700,130153.22163821995,80281.32480017202,1.621214173560089
512,900,52600.86734872422,28000.950357785674,1.878538645174896
128,1000,169984.31091346414,103156.1218404,1.6478354156863195
2048,1000,86209.78877954782,86205.71645145744,1.0000472396525197
256,100,73310.92496929507,72899.20165737675,1.005647843907172
1024,700,110914.94102790416,110859.18311471,1.000502961609743
128,400,63673.05758835032,37234.73001022396,1.7100448310184306
4096,500,36087.53642193955,32672.0883644722,1.1045371822996575
512,500,33894.9125488044,18951.21109794996,1.7885354330980447
256,1000,116622.59277010777,61544.84579607809,1.8949205455242117
2048,600,38332.61620791499,29865.350306368007,1.283514702311781
512,1000,68257.66111691829,49861.11429733623,1.368955790074769
512,600,54838.91975325533,42366.510409600676,1.2943931237921422
128,500,97431.14469435498,57751.23288601085,1.6870833716513756
1024,700,39810.340707744326,36367.46158537439,1.0946692172696082
256,700,78874.45497595011,36804.73990335795,2.1430515521386377
128,600,125447.89345291533,66694.55216133053,1.880931641155092
256,500,82692.61902248905,36276.16196639806,2.2795305385141265
2048,200,21053.7369850466,18018.92824454402,1.1684233767577987
128,500,95577.08274226675,67322.36886313646,1.4196928057681828
8192,500,25394.86628937575,25394.86628937575,1.0
4096,300,20383.191840958614,20366.163083435094,1.0008361298813997
128,1000,222095.1527226934,118390.41659287378,1.8759554963510607
256,200,22887.9976416892,17417.097389354636,1.3141109066587862
1024,1000,127038.91083540334,126915.44900670389,1.00097278802278
1024,100,9719.306867957976,9719.306867957976,1.0
256,200,23210.39895704903,12853.18145079113,1.805809639108487
2048,200,25292.001353067917,24576.88970803912,1.0290969139514379
8192,400,20999.635586700275,20821.733470226685,1.0085440588665673
4096,1000,121946.34297082614,119739.81211684954,1.0184277126794163
128,200,44069.588717979146,38161.73671411596,1.1548108789733849
1024,1000,81630.58157805557,71753.33995595953,1.1376554962899073
256,1000,109073.1264613736,60202.342442558154,1.8117754565023
4096,1000,121905.96704247322,120557.43492411824,1.0111858063271153
1024,700,36147.87536264365,27791.12101437876,1.3006987139504453
512,600,42251.89796450462,39588.435453367885,1.0672788020196982
1024,300,48215.50919098856,45111.95494347674,1.068796713673802
512,800,219233.19073086677,205909.12032910428,1.0647085004319705
512,300,32950.595188032334,17754.018043071766,1.8559514307180058
=======
256,300,36356.82798395791,17827.437375652476,2.03937488141799
2048,600,53748.4879086519,53722.666447453994,1.0004806437004232
512,500,56442.270871188746,50986.98493784023,1.1069936953518476
128,200,38321.196984418115,28752.091133108686,1.3328142571268629
2048,900,49124.801715497524,42308.40617125458,1.1611120853064463
2048,200,20983.392416218016,20983.392416218016,1.0
2048,400,42692.918385157594,42692.918385157594,1.0
128,1000,207285.91845111988,119877.02488971625,1.7291546786535414
1024,400,28191.551620226033,27677.385709128852,1.0185771126110221
8192,700,127778.93208582506,85672.54241504308,1.4914805663965984
512,100,26526.334077265325,26077.67380743252,1.0172047657757315
2048,700,103301.50126921415,87919.86057306842,1.174950694824662
4096,100,12506.156799285585,12506.156799285585,1.0
256,1000,174213.9642496871,154489.75373513065,1.127673260120365
128,600,139731.16037398577,90318.97399063353,1.5470853376664409
256,700,75687.06852680913,41935.33336202956,1.8048519579753755
512,800,112101.51473455512,101845.3758611526,1.1007030391579573
2048,900,27855.837464905504,25632.20759839876,1.0867513989175732
8192,800,36500.09774318068,35597.83621265971,1.02534596555619
128,300,57784.93942767664,30116.443643117553,1.9187172334301201
512,500,37828.20330594837,33191.11398476165,1.139708758293429
128,700,182393.73563896166,103514.09104961141,1.7620184246369457
128,700,155169.43600193723,88156.94624075736,1.7601498534008675
512,700,159149.68132553407,156144.92700669277,1.0192433681736743
4096,400,34318.891360832946,33618.972390895855,1.0208191660886885
8192,100,17347.873752067557,17347.873752067557,1.0
1024,600,49469.26653142163,49110.74686009548,1.0073002284479093
128,900,174999.3188523643,102336.6893389555,1.7100349833747164
512,100,33641.93709583374,33641.93709583374,1.0
512,1000,139986.5237370436,131821.8771527211,1.0619369619115908
4096,100,23406.310004142215,23406.310004142215,1.0
4096,700,58796.06304945136,58796.06304945136,1.0
1024,900,108491.67256459921,106758.6671591515,1.0162329247035673
512,400,201939.75223886696,199256.12813637196,1.0134682136383695
2048,200,44472.00708325932,44463.976038674446,1.0001806191281204
512,400,44729.71073893663,36379.94568810993,1.229515599677095
512,700,37443.13240169789,25871.051952994367,1.4472984117433287
256,500,92727.47423080349,62646.179782811574,1.4801776349696174
2048,1000,578728.0008594855,578726.0804275025,1.000003318378155
128,600,122969.46924606798,65760.98539115372,1.8699456602517706
128,200,49049.165684367195,27814.232772578187,1.7634556410531066
256,300,39009.820612622876,19556.161831988105,1.994758529192284
512,400,34845.33642566455,27854.974889369056,1.2509555856380754
256,1000,303175.4482192251,282352.83372106106,1.0737467877469042
4096,400,38263.14078125577,32569.65752594252,1.1748094296287352
1024,900,253771.5557989947,253619.1459229753,1.0006009399466462
1024,300,77306.4040908596,77306.4040908596,1.0
128,700,127506.40659148933,77115.47929902589,1.6534476314031024
8192,100,31888.171785391976,31888.171785391976,1.0
256,700,85271.0496210642,52221.72197707259,1.6328655278449373
128,1000,185029.2501837202,112135.50198644286,1.6500505808239943
128,600,144279.82541916004,78385.53990888693,1.840643383803527
2048,1000,36724.37471465057,36609.43763730977,1.003139547743931
8192,100,9768.925659236022,9768.925659236022,1.0
4096,900,92233.24209641729,92225.73944329564,1.0000813509673867
256,200,32714.539079741866,24001.323039952378,1.3630306556553382
2048,400,66503.6244481076,66503.6244481076,1.0
512,800,78227.57441640274,48425.21287150835,1.6154306770725426
4096,500,95840.79588635585,59644.592375848035,1.6068647981097577
256,1000,111685.59551271288,59696.58443065613,1.870887531973416
256,300,50195.217054266475,42876.67356603513,1.1706882292759937
1024,400,74428.15428100078,60333.80288876994,1.2336062160413603
512,700,127644.80743605268,79385.89031895016,1.6079029525676638
1024,600,114350.55959190287,60935.422956383656,1.876585966651166
1024,800,29434.69561974842,21523.526764125163,1.36755913388736
2048,200,27032.28717728225,27032.28717728225,1.0
512,800,109297.72144624965,106838.68689460534,1.0230163307236273
4096,900,155185.21938336626,117302.28488761534,1.3229513775630688
2048,100,7348.806094934624,7152.901243328333,1.0273881666951596
256,800,126929.77233691356,92708.63347505928,1.3691256960557028
8192,100,15423.483362375071,15423.483362375071,1.0
256,200,39123.057088063746,38240.07191018615,1.023090573154555
128,700,248903.2033860204,188120.42398621296,1.3231056900247158
8192,600,129100.68041493383,129100.68041493383,1.0
256,100,11746.648062537315,9669.996324546642,1.214752071075687
256,600,75076.30915862581,60144.36411673883,1.2482683998937028
256,1000,103898.21796357166,53373.921035885694,1.946610178662276
1024,600,120244.37389927011,98570.30723941623,1.2198843370469568
128,700,148750.7552179007,81990.87854229896,1.8142354108470788
2048,700,112842.44142785326,112840.09344125881,1.0000208080880018
256,900,86952.66301807798,48180.01047654898,1.8047456228844345
8192,300,44731.78923694513,44731.78923694513,1.0
4096,800,211690.8134321658,194034.7845986657,1.0909941424679044
4096,700,127143.61860249727,79385.74559253757,1.6015925485550777
512,900,87457.55895383346,62743.09571777348,1.3938993279392655
128,400,80792.6494720922,45577.515792113525,1.7726426740895804
128,500,97129.57292786159,58953.46568758445,1.6475634094624056
256,100,24343.525387753783,22657.026405086697,1.0744360249449352
128,400,89535.98406064176,65575.75754197258,1.3653823824045517
256,1000,110093.33443973651,59303.79193163881,1.8564299322823115
512,300,30522.91342881078,30136.71866331647,1.0128147582956468
128,700,131851.15998639388,80281.32480017202,1.6423640281794571
512,900,49563.862788676466,28000.950357785674,1.7700778779065696
128,1000,167747.40389850357,103156.1218404,1.6261507403122157
2048,1000,86530.08451145876,86205.71645145744,1.0037627210045168
256,100,73114.93433516125,72899.20165737675,1.00295932839976
1024,700,111002.07975031453,110859.18311471,1.001288992319713
128,400,63241.2543440235,37234.73001022396,1.6984480437123792
4096,500,36091.98001322521,32672.0883644722,1.104673188031403
512,500,31291.875368445028,18951.21109794996,1.6511807718626497
256,1000,111527.70149553487,61544.84579607809,1.8121371506083441
2048,600,38332.61620791499,29865.350306368007,1.283514702311781
512,1000,66020.36026904763,49861.11429733623,1.324085135268922
512,600,56187.64139551021,42366.510409600676,1.326227741022011
128,500,100220.30591519692,57751.23288601085,1.735379504590168
1024,700,39937.37585983958,36367.46158537439,1.098162316500552
256,700,76868.36481138454,36804.73990335795,2.0885452529545336
128,600,119079.2123873202,66694.55216133053,1.7854413670740903
256,500,68296.52163436842,36276.16196639806,1.882683225905492
2048,200,21053.7369850466,18018.92824454402,1.1684233767577987
128,500,95368.53028898643,67322.36886313646,1.4165949876610346
8192,500,25427.938444509113,25394.86628937575,1.0013023165688886
4096,300,20378.714571359735,20366.163083435094,1.0006162912411738
128,1000,230949.29007717577,118390.41659287378,1.9507431152250645
256,200,24410.7440324626,17417.097389354636,1.4015391592965711
1024,1000,127038.91083540334,126915.44900670389,1.00097278802278
1024,100,9719.306867957976,9719.306867957976,1.0
256,200,23521.183146040876,12853.18145079113,1.8299891926440608
2048,200,25294.959206586365,24576.88970803912,1.0292172649622284
8192,400,20999.41752910509,20821.733470226685,1.008533586270926
4096,1000,121946.34297082614,119739.81211684954,1.0184277126794163
128,200,49759.5181769678,38161.73671411596,1.3039112593259372
1024,1000,81380.68410887574,71753.33995595953,1.1341727668541317
256,1000,112927.63730342034,60202.342442558154,1.8758013844921373
4096,1000,121905.96704247322,120557.43492411824,1.0111858063271153
1024,700,36006.50884115671,27791.12101437876,1.2956119626310654
512,600,42349.67791510848,39588.435453367885,1.0697487139897994
1024,300,48200.266243827406,45111.95494347674,1.0684588221508065
512,800,219111.67279559732,205909.12032910428,1.0641183471882714
512,300,29084.23247278094,17754.018043071766,1.6381774763448895
>>>>>>> a2683253b43fac3e70a11df0799a71278281a7a7
4096,300,40149.01121804975,27038.37020234757,1.484890210378282
4096,600,109463.22251769836,94912.1411777341,1.1533110638892412
4096,900,144283.235105093,140681.77176184164,1.0256000709839526
8192,300,22793.463249481996,22793.463249481996,1.0
4096,300,84396.74424018276,84396.74424018276,1.0
<<<<<<< HEAD
4096,200,25053.596034324986,22891.533499154106,1.094448130146055
256,1000,260661.73760657563,185455.41127141757,1.405522415439753
256,600,71226.6307634772,60947.46333963169,1.1686561976593597
1024,100,25357.935069268617,22966.616877245033,1.1041214822716385
512,600,57602.018888932296,45650.69479994113,1.261799390816864
=======
4096,200,25048.567274028184,22891.533499154106,1.0942284524081265
256,1000,258941.17392803775,185455.41127141757,1.3962449095058884
256,600,85737.12239274303,60947.46333963169,1.4067381593056656
1024,100,25357.935069268617,22966.616877245033,1.1041214822716385
512,600,57802.58091636898,45650.69479994113,1.2661927966196809
>>>>>>> a2683253b43fac3e70a11df0799a71278281a7a7
2048,800,326585.7313649922,326585.71281524695,1.0000000567990104
4096,400,31869.395781747382,23356.891524972118,1.3644536451982099
2048,100,15423.483362375071,15423.483362375071,1.0
4096,1000,209151.8103052296,206016.54078620241,1.0152185329734318
<<<<<<< HEAD
4096,600,39588.435453367885,39588.435453367885,1.0
8192,400,62025.547349404296,51713.80244658222,1.1994002454852086
8192,100,10046.708265968835,10046.708265968835,1.0
512,500,50743.010100811196,49634.30850272633,1.0223374039355049
2048,400,65093.08835076349,65093.08835076349,1.0
2048,200,29139.908868514107,18668.090115124316,1.560947514652602
2048,600,25809.417291993097,21988.935751463338,1.1737456320629573
1024,500,20349.56641790237,18951.21109794996,1.0737871217161248
512,700,49291.5906784814,45768.474478069315,1.0769769200435169
1024,800,82282.65860517268,73049.88481197703,1.126389984282109
256,300,90774.41187081006,84846.08854279631,1.0698714982603295
128,200,42723.26833895431,27229.664207085396,1.5689972529237926
4096,400,119390.3076755318,119390.3076755318,1.0
2048,600,46930.24974442185,46223.89145421828,1.0152812380780007
2048,1000,45990.115336445204,39591.47510076323,1.1616166161881305
128,900,392773.9931795327,338702.04289260175,1.1596445944793918
256,800,101832.40948622674,83720.49717761383,1.2163378493821928
256,500,180967.1147638367,168436.94284215264,1.0743908771452024
8192,400,24899.221636715407,24898.237602795067,1.000039522231896
256,300,31810.967798169444,17418.244921114812,1.8263015557673914
4096,1000,149810.49391361658,101937.33712569342,1.4696331897398238
1024,300,39124.43223528884,35881.381746181236,1.0903825419000972
8192,1000,71266.65242134842,71261.14520805598,1.00007728213287
1024,700,62858.30838287287,62690.77299864583,1.0026724089720613
8192,600,57412.70684815128,57412.70684815128,1.0
512,600,78836.71053645195,57983.443607786474,1.3596417465254709
256,1000,105086.17026366496,55640.122759479964,1.888676103716187
1024,300,51792.89336175282,51521.92639179481,1.0052592554070563
1024,300,44829.573278350814,44731.78923694513,1.0021860078274025
8192,500,50705.354043764484,35523.310698868714,1.427382556586407
8192,200,8778.22964733385,8778.22964733385,1.0
256,800,89647.01380702283,46494.13725231726,1.928135870561935
128,200,48700.174085036575,40631.50178593928,1.1985816901773858
1024,100,23613.632850061567,23406.310004142215,1.008857562165188
256,900,120447.62257272238,109178.41073047477,1.1032183173106225
512,500,33853.94027052648,27177.07231873392,1.2456801775219182
512,500,92032.39022173717,83700.2145046859,1.0995478418586944
4096,700,55637.18605184008,50507.556653425,1.1015616224244185
8192,900,26709.70465940544,26705.78819422772,1.0001466522968443
8192,200,25047.251795855973,22891.533499154106,1.0941709867004552
256,600,82263.22702517887,49150.780725377634,1.673691156297433
256,700,81304.11337594176,38442.1107621229,2.114975264470932
512,700,126132.94237760697,117219.7735553616,1.0760380996473755
4096,400,71964.50192064916,61717.64616532399,1.1660279740396573
2048,300,62461.85801432151,60345.735579996704,1.035066644129635
256,200,20615.88880677047,11203.919044831486,1.8400604935003388
256,700,109901.48628472717,91180.96638460988,1.2053117075021158
128,300,57588.93993548613,35497.12014444446,1.622355269980942
128,1000,199781.97794272465,117138.12384079055,1.7055248231076359
2048,500,147480.780579358,147480.7458449727,1.0000002355181017
2048,1000,90585.9444403496,90498.72860811553,1.0009637243923253
128,700,153264.15386087666,85497.95080545712,1.7926061667795457
256,800,182464.28106829477,172736.1432098089,1.0563179058980718
1024,100,19388.701400188307,17055.23313554162,1.136818315299598
128,600,106743.86298868574,60795.15345049714,1.7557956009701108
256,900,108929.93214174372,67774.43745665345,1.607242143638774
256,700,65382.17454161384,41611.35817859911,1.5712578825470818
128,700,142469.41086674688,79467.31686824554,1.792805098767295
512,400,208475.65885822006,206581.12796171213,1.0091708807827744
1024,500,105737.89594150348,96130.13367832509,1.09994537504055
128,800,147417.39618290326,85356.69591600649,1.7270747725282893
4096,700,54060.60321471926,52975.489317583066,1.0204833199487982
1024,400,25604.703247082856,25570.574939108395,1.0013346711231847
4096,800,55217.53191375247,42204.59269378442,1.3083299325830124
512,600,94841.54073482145,86768.76873065204,1.0930377614234557
1024,400,165994.67314012942,165750.015347174,1.0014760649791976
1024,300,19450.011958625713,19296.06042391556,1.0079783920307042
4096,900,240351.63869457183,236191.38873228242,1.017613893481125
512,1000,58649.22289637752,41869.496402295794,1.400762558327825
2048,500,35496.811911768345,35496.811911768345,1.0
2048,200,17264.052041610656,17264.052041610656,1.0
1024,600,370530.02784531395,370329.8703327854,1.0005404843858494
8192,100,42240.77972062386,42240.77972062386,1.0
2048,900,64681.962345155924,52808.3450619316,1.2248435785915919
2048,100,16755.433804020933,16755.433804020933,1.0
1024,600,65224.14081258479,65224.14081258479,1.0
8192,800,64186.63959957908,37633.65937538682,1.7055646637849533
8192,100,10684.936517822294,10684.936517822294,1.0
8192,400,33065.00032101046,33065.00032101046,1.0
4096,500,46851.70902884766,39732.50716487814,1.179178269179615
256,100,22228.556660186245,21991.561029855697,1.0107766624665162
4096,500,177215.37734444547,168416.85806467704,1.0522425093359093
8192,700,31040.363044750164,27178.2605478337,1.1421026371470377
128,700,116468.28650359345,66112.1861711238,1.7616765266562002
1024,300,69843.82327612938,69759.15177939474,1.00121376901202
8192,500,29218.86383342996,25733.754935474775,1.135429474116537
128,400,73924.96718272047,41136.22764878972,1.7970769661689054
4096,800,217796.08409256104,205904.23331794323,1.057754280147583
128,500,117105.11412386179,57987.80143842503,2.019478428548651
128,500,242054.43528669357,221529.7019201307,1.0926500292676906
4096,900,56784.85448038987,56582.92351860468,1.0035687615490352
2048,200,20347.986207860253,20330.555626091365,1.0008573588488903
256,800,110120.82662477589,64365.04481652209,1.7108793591099714
4096,600,109135.86023568563,90097.16084726775,1.21131297822683
4096,400,35053.10290940029,26546.468859735378,1.3204431479987695
8192,200,14764.440789441054,14764.440789441054,1.0
128,500,116796.86293997492,87204.24932258134,1.3393482983601654
512,100,17839.910011285723,17734.942567173664,1.0059186796751374
256,300,34607.44993060899,17384.468310224045,1.9907108640334934
1024,1000,54468.90910186882,52314.885183268474,1.0411742071315728
8192,600,37431.907055873475,37431.907055873475,1.0
128,500,104696.7864777161,58407.96924960856,1.792508587831407
4096,300,26624.53624626503,26379.630010700643,1.0092839147275774
1024,300,22529.750700348475,20808.7058656712,1.0827079226256227
512,500,39168.64575352602,25985.590155750757,1.507321770210317
128,100,32045.93983345041,26334.026394242417,1.2169023966823709
1024,200,12853.02181938754,12852.994725313132,1.0000021079970067
128,100,43411.66845812803,37075.777084129346,1.1708903190247852
512,100,17595.879728610373,17587.547381984677,1.00047376399021
4096,700,26327.252763438973,18573.466244444164,1.4174657770901637
256,1000,223830.18285000644,209656.4276123502,1.0676046778010697
8192,100,22145.94390660765,21991.561029855697,1.0070200963243292
1024,400,35576.33724187162,35230.280282919535,1.0098227137613736
1024,500,155930.8313861909,137454.56157220542,1.1344172910862607
128,600,125455.21318863869,68626.08174271135,1.8280981516471768
256,1000,170405.94423022922,162325.13891493177,1.049781601108207
8192,600,187251.6976331226,175112.73155290165,1.0693208653224267
512,300,81419.73911892659,81292.85491094316,1.0015608285392663
512,300,70181.19852736886,70018.5887807258,1.002322379663382
2048,900,56918.33874572561,48708.8308539422,1.1685424952284393
8192,700,131022.17168535515,122288.61167366114,1.0714176070213337
128,900,212197.80378930966,109027.86800752781,1.9462712393372537
1024,600,145009.16605632356,144998.64652732457,1.0000725491530502
=======
4096,600,39595.66750368979,39588.435453367885,1.0001826808824112
8192,400,62025.547349404296,51713.80244658222,1.1994002454852086
8192,100,10046.708265968835,10046.708265968835,1.0
512,500,51890.11902594867,49634.30850272633,1.0454486138977523
2048,400,65093.08835076349,65093.08835076349,1.0
2048,200,29139.908868514107,18668.090115124316,1.560947514652602
2048,600,25577.300625264234,21988.935751463338,1.1631895656233429
1024,500,20635.48896959954,18951.21109794996,1.088874418787503
512,700,47712.51543301139,45768.474478069315,1.0424755462599828
1024,800,82743.86305258382,73049.88481197703,1.1327035390344298
256,300,91061.57611756431,84846.08854279631,1.0732560296121714
128,200,42573.74850235908,27229.664207085396,1.5635061886397048
4096,400,119390.3076755318,119390.3076755318,1.0
2048,600,46830.235619828745,46223.89145421828,1.0131175490971158
2048,1000,45959.66710318711,39591.47510076323,1.1608475558492417
128,900,393224.5460255289,338702.04289260175,1.1609748281034595
256,800,109477.95254550224,83720.49717761383,1.3076600860747845
256,500,181092.5065071487,168436.94284215264,1.0751353203842935
8192,400,24901.002779919916,24898.237602795067,1.0001110591508107
256,300,31976.433338166313,17418.244921114812,1.8358011087215633
4096,1000,149810.49391361658,101937.33712569342,1.4696331897398238
1024,300,39124.43223528884,35881.381746181236,1.0903825419000972
8192,1000,71279.80403765728,71261.14520805598,1.0002618373525547
1024,700,62858.30838287287,62690.77299864583,1.0026724089720613
8192,600,57412.70684815128,57412.70684815128,1.0
512,600,78631.80179614873,57983.443607786474,1.3561078284351749
256,1000,100016.94163546593,55640.122759479964,1.7975686730206764
1024,300,51792.89336175282,51521.92639179481,1.0052592554070563
1024,300,44752.498184276265,44731.78923694513,1.0004629581710098
8192,500,50705.354043764484,35523.310698868714,1.427382556586407
8192,200,8778.22964733385,8778.22964733385,1.0
256,800,89749.56094824173,46494.13725231726,1.9303414635093294
128,200,48894.34262414047,40631.50178593928,1.2033604586346
1024,100,23653.066988495175,23406.310004142215,1.0105423274454322
256,900,118794.32341377623,109178.41073047477,1.0880752212728206
512,500,35748.85048984669,27177.07231873392,1.3154047673193998
512,500,93545.75531783506,83700.2145046859,1.1176286210425181
4096,700,55637.18605184008,50507.556653425,1.1015616224244185
8192,900,26707.46861874111,26705.78819422772,1.0000629236067167
8192,200,25047.251795855973,22891.533499154106,1.0941709867004552
256,600,85607.93428124701,49150.780725377634,1.7417410876862378
256,700,77870.98883952091,38442.1107621229,2.0256689160847894
512,700,125223.32055319729,117219.7735553616,1.0682781305157163
4096,400,71964.50192064916,61717.64616532399,1.1660279740396573
2048,300,62473.53304561567,60345.735579996704,1.0352601131657144
256,200,20832.311032456608,11203.919044831486,1.859377147326571
256,700,112816.57714382323,91180.96638460988,1.2372820953438057
128,300,57492.526484860246,35497.12014444446,1.6196391777956167
128,1000,197737.3076069288,117138.12384079055,1.6880696149418053
2048,500,147480.780579358,147480.7458449727,1.0000002355181017
2048,1000,90498.72860811553,90498.72860811553,1.0
128,700,147031.25183482794,85497.95080545712,1.719704980641984
256,800,182003.19106199438,172736.1432098089,1.053648574525191
1024,100,19117.05542159753,17055.23313554162,1.1208908884252806
128,600,105828.37567699072,60795.15345049714,1.740737043507295
256,900,111864.55880638887,67774.43745665345,1.6505420480684059
256,700,69553.94484199758,41611.35817859911,1.671513449368001
128,700,138757.11296184163,79467.31686824554,1.7460903227914037
512,400,208475.65885822006,206581.12796171213,1.0091708807827744
1024,500,105773.88862663152,96130.13367832509,1.10031979130058
128,800,145437.36407990378,85356.69591600649,1.7038776222432326
4096,700,54060.60321471926,52975.489317583066,1.0204833199487982
1024,400,26377.879816659108,25570.574939108395,1.031571635736512
4096,800,55210.4945154979,42204.59269378442,1.3081631877383073
512,600,99791.82775145947,86768.76873065204,1.1500892453739162
1024,400,165985.73904855567,165750.015347174,1.0014221639792187
1024,300,19322.061541704905,19296.06042391556,1.0013474832280853
4096,900,240351.63869457183,236191.38873228242,1.017613893481125
512,1000,61721.82566705903,41869.496402295794,1.4741477918438657
2048,500,35500.95383553991,35496.811911768345,1.000116684387935
2048,200,17264.052041610656,17264.052041610656,1.0
1024,600,370530.02784531395,370329.8703327854,1.0005404843858494
8192,100,42240.77972062386,42240.77972062386,1.0
2048,900,63157.49663143067,52808.3450619316,1.195975684474906
2048,100,16755.433804020933,16755.433804020933,1.0
1024,600,65225.610341001266,65224.14081258479,1.0000225304373223
8192,800,64186.63959957908,37633.65937538682,1.7055646637849533
8192,100,10684.936517822294,10684.936517822294,1.0
8192,400,33065.00032101046,33065.00032101046,1.0
4096,500,46851.32865794357,39732.50716487814,1.1791686958873357
256,100,22886.64204034522,21991.561029855697,1.0407011129984982
4096,500,177215.37734444547,168416.85806467704,1.0522425093359093
8192,700,31027.303712402834,27178.2605478337,1.1416221305920158
128,700,120930.40733759443,66112.1861711238,1.8291696938379856
1024,300,69843.82327612938,69759.15177939474,1.00121376901202
8192,500,29196.490937208662,25733.754935474775,1.1345600752947405
128,400,75449.18621146226,41136.22764878972,1.8341299269254234
4096,800,217796.08409256104,205904.23331794323,1.057754280147583
128,500,116720.25547478475,57987.80143842503,2.0128415387281997
128,500,239816.57992327694,221529.7019201307,1.0825481993820374
4096,900,56585.42413618404,56582.92351860468,1.000044193856094
2048,200,20343.453370720083,20330.555626091365,1.0006344019743447
256,800,105389.21799018924,64365.04481652209,1.6373672742807834
4096,600,109135.86023568563,90097.16084726775,1.21131297822683
4096,400,35053.10290940029,26546.468859735378,1.3204431479987695
8192,200,14764.440789441054,14764.440789441054,1.0
128,500,119242.11036579969,87204.24932258134,1.3673887602048564
512,100,17848.099545485773,17734.942567173664,1.0063804536092242
256,300,32192.617702975924,17384.468310224045,1.8518034102914152
1024,1000,55399.661771063445,52314.885183268474,1.0589655616558928
8192,600,37432.360580170905,37431.907055873475,1.0000121159816078
128,500,102119.15058104554,58407.96924960856,1.7483770090453867
4096,300,26624.53624626503,26379.630010700643,1.0092839147275774
1024,300,22863.02422743131,20808.7058656712,1.0987239848081656
512,500,36445.82454580745,25985.590155750757,1.4025398048441777
128,100,32844.69026873,26334.026394242417,1.2472338934053417
1024,200,12985.093641101299,12852.994725313132,1.0102776760289185
128,100,43411.66845812803,37075.777084129346,1.1708903190247852
512,100,17660.877107107506,17587.547381984677,1.0041694116598623
4096,700,26315.92154331517,18573.466244444164,1.4168557014061383
256,1000,222021.279843547,209656.4276123502,1.0589767381425534
8192,100,22145.94390660765,21991.561029855697,1.0070200963243292
1024,400,35861.45170913059,35230.280282919535,1.0179155947992007
1024,500,155928.73321204822,137454.56157220542,1.1344020265936263
128,600,128053.50854749605,68626.08174271135,1.8659597822819949
256,1000,172863.16173701655,162325.13891493177,1.064919228731462
8192,600,187251.6976331226,175112.73155290165,1.0693208653224267
512,300,81501.23208580921,81292.85491094316,1.0025632901574724
512,300,70293.61682930171,70018.5887807258,1.0039279290452026
2048,900,56799.86854287379,48708.8308539422,1.1661102832296117
8192,700,131022.17168535515,122288.61167366114,1.0714176070213337
128,900,224819.97375618006,109027.86800752781,2.0620413648798253
1024,600,145013.13646278268,144998.64652732457,1.0000999315221566
>>>>>>> a2683253b43fac3e70a11df0799a71278281a7a7
8192,800,75864.44768908159,72564.30205494602,1.045478913745173
2048,600,88729.33441756957,77257.17482380915,1.1484931285660334
8192,900,81218.41684920517,62739.76887384828,1.2945284674623547
8192,500,44576.14394763512,44576.14394763512,1.0
<<<<<<< HEAD
512,800,100557.04678887526,76638.84971024984,1.3120897191053034
128,300,59115.52380983027,33498.244300831684,1.7647349896592213
8192,500,194192.53228838427,194192.53228838427,1.0
8192,1000,59620.46966727884,55734.051128954416,1.0697314919622878
128,100,23826.33979140199,16571.57534387376,1.437783632333434
2048,600,38895.40852007055,38888.55219463944,1.000176307037526
8192,500,95840.79588635585,59644.592375848035,1.6068647981097577
512,400,21249.243181435624,20821.733470226685,1.0205318981640141
1024,300,28188.92230657556,27498.558447783562,1.0251054563497544
2048,1000,146820.60205634765,146820.54879419197,1.0000003627704441
512,400,50030.889670055185,43244.960742362484,1.1569183740996034
1024,800,67093.7391164139,48658.058952929256,1.3788823590624302
8192,1000,131795.2356400754,131795.2356400754,1.0
4096,500,71233.84219990608,50105.57823296487,1.4216748855527777
2048,300,33359.834093116624,23136.448596413335,1.4418735854857232
2048,300,36090.00166920312,22146.00515886802,1.629639359799004
128,100,34247.560981925955,17055.23313554162,2.008038278325086
1024,400,26012.86429153286,25217.910930007634,1.0315233630466702
512,700,210040.272336775,185615.93158269516,1.1315853684854544
512,200,21598.09013342683,20395.27794022972,1.0589750331778789
1024,500,66813.28980063177,66624.56129320196,1.0028327167003661
8192,300,30387.96483767547,25368.022265529136,1.1978846643858236
512,200,21377.572884589415,20983.392416218016,1.018785354653461
4096,800,64364.434011798745,57706.6904436543,1.1153721261253957
2048,200,13440.36257934768,13077.143533780867,1.0277751058270903
256,700,118450.41125901652,110869.26045606905,1.068379195204891
128,1000,176970.2498064739,109034.07151832568,1.6230729288755394
=======
512,800,101400.65192486758,76638.84971024984,1.3230972582213227
128,300,56809.82647817773,33498.244300831684,1.6959045963124484
8192,500,194192.53228838427,194192.53228838427,1.0
8192,1000,59620.46966727884,55734.051128954416,1.0697314919622878
128,100,22377.145766390215,16571.57534387376,1.3503330433013225
2048,600,38890.77485295932,38888.55219463944,1.0000571545659185
8192,500,95840.79588635585,59644.592375848035,1.6068647981097577
512,400,21710.120679652384,20821.733470226685,1.0426663423915217
1024,300,28689.841486022975,27498.558447783562,1.0433216541333072
2048,1000,146820.60205634765,146820.54879419197,1.0000003627704441
512,400,49499.47890432482,43244.960742362484,1.1446299882019653
1024,800,67212.14606045646,48658.058952929256,1.3813158088668525
8192,1000,131795.2356400754,131795.2356400754,1.0
4096,500,71233.84219990608,50105.57823296487,1.4216748855527777
2048,300,33353.64130532945,23136.448596413335,1.4416059217705526
2048,300,36012.55492863159,22146.00515886802,1.626142262240507
128,100,34610.716566214614,17055.23313554162,2.0293311906765377
1024,400,25733.217136574585,25217.910930007634,1.0204341354046806
512,700,210314.5636482523,185615.93158269516,1.133063104308767
512,200,21839.954149064,20395.27794022972,1.0708338573795386
1024,500,67432.45670539742,66624.56129320196,1.0121260897860185
8192,300,30387.96483767547,25368.022265529136,1.1978846643858236
512,200,21285.553134171645,20983.392416218016,1.0143999936692834
4096,800,64364.434011798745,57706.6904436543,1.1153721261253957
2048,200,13445.471928873603,13077.143533780867,1.0281658142040937
256,700,119925.47093278955,110869.26045606905,1.0816836915793169
128,1000,177808.9612007507,109034.07151832568,1.6307651243755106
>>>>>>> a2683253b43fac3e70a11df0799a71278281a7a7
4096,700,73696.69892425905,55459.99725740356,1.3288262273475142
4096,100,9732.32942883104,9732.32942883104,1.0
2048,100,30604.556396122767,30604.556396122767,1.0
4096,500,64104.02639356487,64104.02639356487,1.0
<<<<<<< HEAD
2048,800,88776.32687480022,86685.18505562302,1.0241234049144081
128,400,72076.7564657477,43295.9730501957,1.6647450418121947
2048,400,64286.20741556793,60976.254062611086,1.0542826614038663
2048,600,145007.96428849755,144998.64652732457,1.0000642610217139
512,500,37647.644042494765,25759.53690717348,1.4615031387466715
2048,1000,96480.40423769936,83534.45135846849,1.1549774095441934
1024,900,40551.107961236245,40551.107961236245,1.0
256,700,92454.87001368395,61540.66731447565,1.502337788136669
512,600,36310.372125468646,27028.610176991602,1.3434050766094605
256,700,137459.9264374693,113100.77405254016,1.2153756469749115
128,600,118263.38051015377,72562.56792254497,1.6298125038296736
=======
2048,800,88773.34903890929,86685.18505562302,1.0240890526096975
128,400,73926.52871972029,43295.9730501957,1.7074689286694789
2048,400,64284.04050394998,60976.254062611086,1.0542471244288378
2048,600,145007.96428849755,144998.64652732457,1.0000642610217139
512,500,38234.09157913814,25759.53690717348,1.4842693685417445
2048,1000,96482.04147998011,83534.45135846849,1.1549970091495552
1024,900,40608.320678609954,40551.107961236245,1.001410879264468
256,700,92042.2019330234,61540.66731447565,1.4956321721810961
512,600,47986.037829921224,27028.610176991602,1.7753794041089785
256,700,143306.58216399126,113100.77405254016,1.2670698619393994
128,600,114302.47808791013,72562.56792254497,1.5752264750321314
>>>>>>> a2683253b43fac3e70a11df0799a71278281a7a7
4096,100,22952.360678378518,22952.360678378518,1.0
