P,n,Algorithm Time,Optimal Time,Makespan Ratio
128,600,238309.9183705259,73743.69110737689,3.2315973718148587
512,800,1044944.2227219319,83711.93042021694,12.482620069523225
8192,700,3145306.6520113973,156135.30795285938,20.1447494051828
8192,500,709175.8168992831,92784.14609006893,7.643286561163806
