P,n,File_number,regular,fat,jump,density,Paper,Time opt,Makespan,Model
1,128,900,84,0.748051,0.140104,7.0,0.458301,211322.0632499049,134738.74243536845,1.5683838176779183,Communication
2,512,400,38,0.502704,0.684461,5.0,0.297657,38937.50256044447,34415.68964887445,1.1313881243614101,Communication
3,2048,200,75,0.254907,0.440818,7.0,0.761682,22710.274387256795,21367.38536442374,1.0628476062901424,Communication
4,2048,200,64,0.187872,0.775944,8.0,0.177849,10040.691196847953,10040.691196847953,1.0,Communication
5,256,700,3,0.289703,0.476441,7.0,0.68405,84939.51222991469,55468.49120593444,1.5313110269137302,Communication
6,1024,300,56,0.443562,0.629253,1.0,0.240215,43042.884795537844,43030.76519823377,1.0002816495883409,Communication
7,8192,100,73,0.677161,0.750159,7.0,0.360249,17402.954696611207,17402.954696611207,1.0,Communication
8,1024,400,38,0.502704,0.684461,5.0,0.297657,34594.90736813922,34415.68964887445,1.0052074423349708,Communication
9,8192,200,55,0.781683,0.567207,7.0,0.774825,30131.327300548455,26688.32812098575,1.1290076757133163,Communication
