P,n,Algorithm Time,Optimal Time,Makespan Ratio
4096,600,19864.226039052544,18779.00655706,1.0577889718870432
256,400,58268.9943766284,43244.960742362484,1.3474169793741648
8192,800,47466.75191254049,46379.37991347244,1.0234451603513608
128,1000,196905.89834593667,119404.61005167404,1.649064456227635
2048,600,121756.4542013028,111680.57587899217,1.0902205082934746
256,900,108182.41178883528,51518.201495127876,2.0998871981015523
256,100,14179.841126822394,12924.548421892341,1.0971246858268382
4096,300,20442.555866150564,17279.41691731119,1.1830581994737575
256,200,30621.910834389553,22891.533499154106,1.3376959143222582
2048,400,33308.596290948444,21733.26502109654,1.5326089411147243
8192,1000,60259.258210370375,60202.342442558154,1.0009454078612727
1024,500,80707.70456322977,53664.96732667876,1.5039178925039074
256,600,94354.26496419299,58028.72573355824,1.6259923644959093
8192,900,52575.017380802,52575.017380802,1.0
8192,700,54692.88188405695,35360.41439156067,1.54672627075067
256,1000,110103.25225375812,58863.710166351215,1.8704776158791538
8192,900,149649.57060028278,149649.57060028278,1.0
2048,700,41629.55571033511,41611.35817859911,1.0004373212635331
1024,600,58972.386924628416,43965.34404781527,1.3413380061462041
4096,1000,34364.76581256321,33915.21825046568,1.0132550396337596
2048,200,13856.523859667745,12441.910416424595,1.1136974464448575
512,800,61943.302332565225,54149.74440156318,1.1439260335784165
128,200,47839.471886986066,38939.521911435,1.2285582754660762
2048,800,88746.2064745657,71810.48771496736,1.2358390716801726
512,100,60612.82642891409,60573.79424177784,1.0006443741493303
1024,100,9640.921141579869,9640.921141579869,1.0
512,900,59232.67658839718,46304.128599874144,1.2792094005319037
256,800,121745.66264812593,86969.02217444926,1.39987388157497
1024,100,30204.211504746523,20829.72320776272,1.4500534262255662
1024,700,137162.0593438363,101971.47650017287,1.3451022192819164
256,300,44991.863622254044,35896.699653227304,1.2533704785367097
1024,600,87389.92506512388,86765.25402755744,1.007199552915134
8192,200,21053.7369850466,18018.92824454402,1.1684233767577987
1024,300,18917.27818000995,18573.116360380285,1.0185301062542107
4096,900,61672.66649060858,52757.84825268096,1.1689761529930214
512,900,64504.32184637406,53309.00486140186,1.2100079904713832
4096,100,60573.79424177784,60573.79424177784,1.0
8192,700,41735.60741300036,41694.171098573366,1.0009938155222953
1024,400,71120.98392583367,63377.543120814065,1.122179567457492
256,700,71101.19451215345,38261.990551516115,1.858272230150245
256,400,47244.458906225875,22632.151942540644,2.0874930066823465
512,500,107745.54384148767,62904.27191045394,1.7128493911330311
256,900,93783.82131546643,47728.093563071816,1.9649605570675643
8192,500,84889.56492633495,84889.56492633495,1.0
8192,300,33351.02811527207,23136.448596413335,1.4414929748743817
1024,800,66710.58053509294,66116.18200423285,1.008990212574919
4096,800,88746.2064745657,71810.48771496736,1.2358390716801726
4096,800,68755.18596897292,64362.85987349461,1.0682431778841313
8192,500,66624.56129320196,66624.56129320196,1.0
4096,700,137018.5543906216,101971.47650017287,1.3436949144341293
4096,800,43948.578664085064,43948.578664085064,1.0
4096,100,8321.239576006265,8321.239576006265,1.0
<<<<<<< HEAD
8192,600,60966.248564685986,60947.46333963169,1.0003082199656057
8192,800,87137.91878214308,62102.16000225037,1.4031382930800715
512,300,51833.16686658383,51521.92639179481,1.0060409324065682
256,100,18630.767791191567,17954.53769414384,1.0376634647222518
128,600,117280.81069431963,70900.57950763027,1.6541587037620469
2048,900,129752.87775540326,129752.604791726,1.0000021037240654
8192,1000,30138.993788413107,28498.849543516073,1.0575512440385577
4096,300,18481.458954016285,18481.458954016285,1.0
256,500,75705.92893693132,66627.75825410518,1.1362520805248133
256,700,101126.91511295033,61827.216222082076,1.6356375281349325
128,500,94457.36012765142,53535.80791606614,1.764377223478955
2048,700,88656.04345035662,69714.60276884174,1.2716997577153315
128,800,157129.82082217047,89245.39881899078,1.760648984726531
512,300,25091.497626442047,25000.830378077444,1.0036265694776325
4096,200,53640.79281597229,53640.79281597229,1.0
4096,500,173165.7012270452,173165.7012270452,1.0
8192,1000,80580.04440710397,71753.33995595953,1.1230145447802438
128,900,180222.8107877813,103084.41806074536,1.7483031303681609
4096,300,19028.50780282153,19028.50780282153,1.0
4096,400,48786.97977664097,45126.38541333707,1.0811187142461007
128,900,177774.03188729854,103160.92321660006,1.7232691056286724
1024,400,26660.466791006827,26611.894241008282,1.001825219563803
8192,600,26765.49781642046,18661.250273283804,1.4342821313928265
128,400,80988.78054922413,46532.57276323225,1.740475020827077
4096,700,41663.71125395748,36793.786558940206,1.1323572578542878
8192,500,29587.00133662399,27177.07231873392,1.0886750783758572
256,900,98502.97001867686,51088.94408718974,1.9280682303899077
8192,1000,132590.20560675484,94799.79607328854,1.3986338694679366
8192,600,19862.91591196309,18779.00655706,1.0577192063706686
4096,900,43681.50983560179,40761.55353335776,1.0716350592441097
8192,700,103650.17673083996,103650.17673083996,1.0
128,300,67170.46541653809,32755.432020731212,2.050666447446802
4096,700,92388.85545586015,80356.03512507299,1.1497438283516384
256,100,14575.775708965239,14135.174116163842,1.031170581216793
2048,500,36285.27056446307,36276.16196639806,1.0002510904564117
512,600,40206.16219123796,30580.976963775065,1.3147442031974481
512,500,35549.16566668485,35496.811911768345,1.001474886112213
512,400,40240.910672218,34415.68964887445,1.1692606216169217
8192,1000,146820.54879419197,146820.54879419197,1.0
128,600,113808.7014488483,69365.62215019029,1.640707571286969
2048,800,44815.360516514986,42695.059714644456,1.0496615021981868
8192,200,16319.454371522042,16319.454371522042,1.0
512,400,70703.96686660842,68462.06472805722,1.0327466334451993
1024,300,24868.510315540916,16760.521743464207,1.483755141765705
1024,800,76785.63048915591,75591.86163784155,1.0157922933163583
1024,100,17347.873752067557,17347.873752067557,1.0
2048,200,27814.232772578187,27814.232772578187,1.0
256,100,21925.62070045319,18702.315368100946,1.1723479295964594
1024,700,57712.82057296432,42452.09110493904,1.3594812192007613
4096,800,52828.083949468746,44366.085532812314,1.1907312379497195
4096,800,78733.61137126268,78733.61137126268,1.0
8192,1000,58676.89014369309,45809.33523320091,1.2808937271188832
8192,700,64966.29240789171,57793.63501321383,1.1241080854844645
8192,1000,34365.37315214369,33915.21825046568,1.0132729472166033
4096,900,33073.027975327,32655.352187910106,1.0127904236038687
512,700,85802.05203326003,85438.48061711625,1.0042553591018675
1024,200,39819.55529994364,39819.40708715139,1.000003722124539
4096,700,144778.20302592916,132452.11299022113,1.093060727816536
2048,700,99709.10047089912,91119.24221630921,1.0942705189996897
8192,300,19675.554719069998,19674.24141386905,1.0000667525203804
8192,500,75288.1433121715,53378.57096652857,1.4104563301138482
8192,700,57401.24831814097,49777.7756414471,1.1531501273099525
256,1000,103693.92889788558,90498.72860811553,1.1458053664699412
2048,100,34300.968848800694,34300.968848800694,1.0
4096,700,91526.83913463607,82072.46511123,1.1151954435704212
1024,800,102342.25214840245,101845.3758611526,1.0048787319311114
1024,400,193674.0701051157,193515.84305327947,1.0008176439165897
256,100,17694.50830161195,17587.547381984677,1.0060816279441462
128,900,175092.0550194251,96720.06020199122,1.8102972088081932
512,900,83882.00439328483,72227.30001714897,1.161361484831479
4096,1000,90498.72860811553,90498.72860811553,1.0
8192,300,32671.02721643224,25922.78608210399,1.26032082789847
512,500,91036.1611257771,86843.01321389293,1.0482842287099885
128,800,139036.71898041677,79920.49096406845,1.739687998700189
128,100,27049.46165454167,22982.09428187623,1.176979840165088
2048,200,24337.522142430917,21228.428234486382,1.146458978196685
4096,500,97943.57836075412,97935.06095418494,1.0000869699419819
128,400,82316.96923131474,48772.78954290394,1.6877642226902565
1024,700,112133.70417210466,107260.20847207752,1.0454361945538808
128,300,66321.29650312684,36726.85726982461,1.8057983022036983
4096,500,97704.51114863665,71401.30747796739,1.3683854623920684
256,500,69961.09581635214,49937.16420129462,1.400982553481449
512,500,150175.96859595776,147481.94731846493,1.0182667867252628
128,800,173104.4517869412,97370.5352483193,1.7777909030229877
128,400,153209.70902313793,125078.80246001596,1.224905467671987
2048,600,69810.88306363206,51282.51062023954,1.3613000264476127
4096,100,22656.454190491233,22656.454190491233,1.0
256,900,204214.7142706259,184098.91857787647,1.1092662349574867
2048,500,37450.317825174374,37441.44378906292,1.0002370110554883
1024,500,44710.043899459975,44576.14394763512,1.0030038477976504
128,200,38597.57644345561,27723.977542298137,1.3922091945345056
8192,200,67151.768032449,67151.768032449,1.0
2048,800,102191.46513692677,101845.3758611526,1.00339818349972
512,800,67275.00777285898,52828.81053104514,1.2734530097611123
512,800,86226.43055475038,76577.73322810722,1.1259987325284484
1024,600,67328.94112526091,48408.82573041455,1.3908402054660691
128,200,40576.5080977942,24735.736732623263,1.6404002248406448
2048,600,30619.359825329568,30580.976963775065,1.0012551221499553
8192,500,28469.146325251975,19560.487282935454,1.4554415702152996
512,300,42085.365148359255,33160.64237859692,1.2691360036958355
512,600,74643.67661559567,44462.8864987731,1.678786117893074
4096,300,77306.4040908596,77306.4040908596,1.0
2048,200,10040.691196847953,10040.691196847953,1.0
512,800,59513.87521768238,50772.066671360866,1.172177520424878
128,500,190256.33493248114,173629.6110728368,1.0957597252963351
4096,600,79716.44372053785,72740.10717064606,1.0959077023838515
8192,400,48786.97977664097,45126.38541333707,1.0811187142461007
256,100,24258.777150509333,22363.056566867846,1.0847701913185743
2048,1000,44743.8540201192,28109.406843986402,1.5917751046280615
2048,500,106470.66502007106,62891.775190494496,1.692918743310701
2048,1000,100630.40879092847,75796.72432283711,1.327635325800077
1024,600,20130.8934503422,18779.00655706,1.0719892657353567
1024,800,112669.18529851233,112592.55358879731,1.0006806108154798
128,200,38669.66011537957,22186.36413155776,1.7429471492526378
512,100,12509.937461482057,12506.156799285585,1.0003023040776753
4096,900,86401.60739487168,85663.51049156082,1.0086162346029885
8192,900,115414.78727487197,114082.80036744605,1.011675615457683
8192,300,34502.74586232038,24597.69281353905,1.40268219966262
4096,1000,109432.411547284,97058.77161015228,1.127486055426622
128,200,51875.593196716676,34129.72158000343,1.5199536004158478
4096,200,39531.928160618925,38939.460754354994,1.0152150901626873
8192,600,104029.86993284992,85848.15788843864,1.2117891925886024
4096,800,60655.891297827184,60650.662845165505,1.0000862060267177
2048,500,50843.10397489487,35523.310698868714,1.431260290063956
128,300,77048.38254955101,42868.394179046576,1.7973237399037236
128,100,28859.71396850775,17899.559780833548,1.612314175425146
128,400,88117.40801260248,47063.4505065966,1.8723108285537116
4096,1000,38983.48523241688,30918.141407431434,1.2608612115037054
2048,800,50763.481713515124,50763.481713515124,1.0
2048,100,21949.84902967429,21949.84902967429,1.0
128,900,174224.49555560265,102028.33792508653,1.7076088770898685
8192,700,32155.200661264567,31684.037608755014,1.0148706758377082
1024,700,75411.88983828903,66320.27242801076,1.1370865510262647
512,700,73170.28753391834,61346.24441089266,1.1927427381508329
8192,1000,544585.7100480688,544585.7100480688,1.0
8192,1000,52354.106417616356,52314.885183268474,1.0007497146215745
1024,100,32527.232077707795,31319.451246236975,1.0385632820311925
8192,1000,121905.96704247322,120557.43492411824,1.0111858063271153
4096,900,31652.688423775307,31640.39833817212,1.0003884301794128
8192,600,122634.8967329771,122634.8967329771,1.0
8192,1000,49557.77241888677,49557.77241888677,1.0
2048,100,23289.9839332401,23097.256435111492,1.0083441727665814
512,800,57346.19669573629,38336.594525084816,1.4958604802054836
2048,200,37950.128291932946,37946.30536557415,1.00010074568056
2048,600,47545.10726752024,33916.34753113008,1.401834534920985
1024,100,30820.38022540123,29554.958545859663,1.0428158840953217
256,700,94960.0342567286,47523.960799855195,1.9981506730183554
128,1000,213552.73904997052,111804.66682439692,1.9100521035081797
1024,800,47579.45834838673,40421.19798120487,1.1770917420733134
1024,800,36021.79037358931,34904.751507598776,1.0320024872759044
1024,1000,61491.59235098685,55735.236402641,1.1032803719851647
8192,600,60304.7350232043,60144.36411673883,1.0026664328207744
4096,200,16397.45685213153,15726.677746397436,1.0426523081702843
1024,700,145731.01227211516,132452.11299022113,1.1002543408490162
8192,800,120712.62684671115,107232.14310089932,1.1257130871023202
128,1000,184577.7636372516,109237.63657662571,1.689690196727919
2048,1000,80428.24104983467,56446.32882143322,1.4248622138787401
1024,1000,97005.30982085942,70250.77350904822,1.3808432985917978
2048,900,94705.42658694458,82690.26725018611,1.1453031866544297
512,600,56219.681438686,28950.864730709705,1.941899903910325
1024,700,31450.584695568454,29025.881672657724,1.0835358956622079
1024,100,17402.954696611207,17402.954696611207,1.0
4096,100,17809.6328420409,17809.6328420409,1.0
128,700,146069.14785990128,83214.36890509089,1.7553356443344372
128,300,57413.824556618114,34512.68583773153,1.6635571287195956
2048,1000,71299.74147412648,71261.14520805598,1.0005416172580137
256,500,58661.81958247407,35523.310698868714,1.6513612731580851
128,500,95572.44906729503,56026.380959696515,1.7058472710569441
2048,400,32984.071483653934,30788.555312709123,1.0713094897972861
128,900,173951.01964390188,103152.02937065497,1.6863557673581557
128,300,51589.30374638966,30815.59640870832,1.674129653768791
4096,200,29262.956466577773,28939.495392742734,1.0111771497548694
128,500,107082.28863211197,62386.64500506909,1.7164296721423509
256,200,40667.85206392212,34123.56738045935,1.1917819614373117
1024,300,20423.70940880148,20366.163083435094,1.002825585022109
=======
8192,600,60947.46333963169,60947.46333963169,1.0
8192,800,87137.91878214308,62102.16000225037,1.4031382930800715
512,300,51841.39378732876,51521.92639179481,1.0062006104566934
256,100,18666.891329352777,17954.53769414384,1.0396754094894507
128,600,124337.9287556409,70900.57950763027,1.7536941110934041
2048,900,129752.87775540326,129752.604791726,1.0000021037240654
8192,1000,30095.189684788515,28498.849543516073,1.0560141959006073
4096,300,18481.458954016285,18481.458954016285,1.0
256,500,81165.90506392808,66627.75825410518,1.218199549118511
256,700,100426.68563823956,61827.216222082076,1.6243119418074556
128,500,95017.14913208639,53535.80791606614,1.7748335708514014
2048,700,88656.04345035662,69714.60276884174,1.2716997577153315
128,800,157525.42462216702,89245.39881899078,1.7650817488267725
512,300,25146.44343244179,25000.830378077444,1.0058243287187785
4096,200,53640.79281597229,53640.79281597229,1.0
4096,500,173165.7012270452,173165.7012270452,1.0
8192,1000,80580.04440710397,71753.33995595953,1.1230145447802438
128,900,182591.15451957055,103084.41806074536,1.7712779288521923
4096,300,19028.50780282153,19028.50780282153,1.0
4096,400,48786.97977664097,45126.38541333707,1.0811187142461007
128,900,175786.08447791767,103160.92321660006,1.7039987525977394
1024,400,27625.70882490918,26611.894241008282,1.0380962953903008
8192,600,26769.878347758167,18661.250273283804,1.4345168708274065
128,400,84703.23327470617,46532.57276323225,1.8202998081729644
4096,700,41663.71125395748,36793.786558940206,1.1323572578542878
8192,500,29587.00133662399,27177.07231873392,1.0886750783758572
256,900,100682.53877348459,51088.94408718974,1.9707304696228818
8192,1000,132590.20560675484,94799.79607328854,1.3986338694679366
8192,600,19868.064251986973,18779.00655706,1.0579933603845266
4096,900,43600.49522806596,40761.55353335776,1.0696475342232705
8192,700,103650.17673083996,103650.17673083996,1.0
128,300,55487.14522033846,32755.432020731212,1.6939830067031367
4096,700,92388.85545586015,80356.03512507299,1.1497438283516384
256,100,14745.784194664762,14135.174116163842,1.0431979170177095
2048,500,36276.16196639806,36276.16196639806,1.0
512,600,42798.57364955912,30580.976963775065,1.3995162319456473
512,500,35496.811911768345,35496.811911768345,1.0
512,400,35517.45265794998,34415.68964887445,1.0320133933190427
8192,1000,146820.54879419197,146820.54879419197,1.0
128,600,114779.80190912634,69365.62215019029,1.6547073081908696
2048,800,44815.360516514986,42695.059714644456,1.0496615021981868
8192,200,16319.454371522042,16319.454371522042,1.0
512,400,70978.79389886808,68462.06472805722,1.0367609300246456
1024,300,24980.39285773102,16760.521743464207,1.4904305033029277
1024,800,76805.58133328454,75591.86163784155,1.0160562217829465
1024,100,17347.873752067557,17347.873752067557,1.0
2048,200,27842.794629777814,27814.232772578187,1.0010268792036494
256,100,22229.00150990259,18702.315368100946,1.188569493797374
1024,700,57658.461165875146,42452.09110493904,1.3582007308744077
4096,800,52861.78726394863,44366.085532812314,1.1914909018703725
4096,800,78733.61137126268,78733.61137126268,1.0
8192,1000,58676.89014369309,45809.33523320091,1.2808937271188832
8192,700,64966.29240789171,57793.63501321383,1.1241080854844645
8192,1000,34363.77027208787,33915.21825046568,1.013225685835474
4096,900,32971.58209238425,32655.352187910106,1.009683861397496
512,700,85697.46203127241,85438.48061711625,1.0030312034142643
1024,200,39819.55529994364,39819.40708715139,1.000003722124539
4096,700,144778.14502684504,132452.11299022113,1.0930602899293418
2048,700,99709.10047089912,91119.24221630921,1.0942705189996897
8192,300,19676.69870198436,19674.24141386905,1.000124898747739
8192,500,75288.1433121715,53378.57096652857,1.4104563301138482
8192,700,57386.32724766984,49777.7756414471,1.1528503736492302
256,1000,105772.30412458601,90498.72860811553,1.1687711612238143
2048,100,34301.78122164911,34300.968848800694,1.0000236836706273
4096,700,91526.83913463607,82072.46511123,1.1151954435704212
1024,800,103458.14398454122,101845.3758611526,1.015835457523249
1024,400,193674.0701051157,193515.84305327947,1.0008176439165897
256,100,17652.413167721756,17587.547381984677,1.003688165514398
128,900,168574.5838553634,96720.06020199122,1.7429123131572748
512,900,78515.46779933102,72227.30001714897,1.0870608174566825
4096,1000,90502.86742289201,90498.72860811553,1.0000457334024482
8192,300,32671.02721643224,25922.78608210399,1.26032082789847
512,500,91314.83255479258,86843.01321389293,1.051493138888279
128,800,134034.14786286704,79920.49096406845,1.6770936495263475
128,100,24866.64428521695,22982.09428187623,1.082000795063611
2048,200,24337.522142430917,21228.428234486382,1.146458978196685
4096,500,97948.51326833242,97935.06095418494,1.000137359532086
128,400,83961.21268995298,48772.78954290394,1.721476533879508
1024,700,112721.17027147343,107260.20847207752,1.0509132126180563
128,300,73628.93475713446,36726.85726982461,2.004770901474034
4096,500,97704.51114863665,71401.30747796739,1.3683854623920684
256,500,66443.98346267885,49937.16420129462,1.3305517949486667
512,500,149181.4972603867,147481.94731846493,1.0115237828956236
128,800,171513.93345032327,97370.5352483193,1.761456204517308
128,400,156449.13817820314,125078.80246001596,1.25080457360643
2048,600,69810.88306363206,51282.51062023954,1.3613000264476127
4096,100,22656.454190491233,22656.454190491233,1.0
256,900,205154.14940265272,184098.91857787647,1.1143691173605106
2048,500,37562.60486615464,37441.44378906292,1.0032360150899713
1024,500,44710.043899459975,44576.14394763512,1.0030038477976504
128,200,39821.30199015673,27723.977542298137,1.436348804185902
8192,200,67151.768032449,67151.768032449,1.0
2048,800,102160.42897527682,101845.3758611526,1.0030934454457092
512,800,68330.3629310561,52828.81053104514,1.2934298963801463
512,800,86238.59784003002,76577.73322810722,1.1261576205598218
1024,600,67340.0048442897,48408.82573041455,1.3910687530265986
128,200,41713.04920550935,24735.736732623263,1.6863475568324264
2048,600,30582.50312432316,30580.976963775065,1.000049905552393
8192,500,28469.146325251975,19560.487282935454,1.4554415702152996
512,300,42160.758979095255,33160.64237859692,1.2714095974904076
512,600,74019.82359763377,44462.8864987731,1.6647552470457865
4096,300,77306.4040908596,77306.4040908596,1.0
2048,200,10048.277130227361,10040.691196847953,1.0007555190405408
512,800,65429.18489767584,50772.066671360866,1.2886846880035052
128,500,190489.72076275013,173629.6110728368,1.097103884445382
4096,600,79716.44372053785,72740.10717064606,1.0959077023838515
8192,400,48786.97977664097,45126.38541333707,1.0811187142461007
256,100,24115.900442979302,22363.056566867846,1.0783812298140136
2048,1000,44719.304684180206,28109.406843986402,1.5909017551449063
2048,500,106470.66502007106,62891.775190494496,1.692918743310701
2048,1000,100630.40879092847,75796.72432283711,1.327635325800077
1024,600,20210.2368691799,18779.00655706,1.0762143784215157
1024,800,112640.93369302664,112592.55358879731,1.0004296918640465
128,200,42312.35433141223,22186.36413155776,1.9071333220943298
512,100,12543.214663152954,12506.156799285585,1.0029631696181425
4096,900,86407.15762746222,85663.51049156082,1.0086810256973378
8192,900,115414.78727487197,114082.80036744605,1.011675615457683
8192,300,34502.74586232038,24597.69281353905,1.40268219966262
4096,1000,109432.411547284,97058.77161015228,1.127486055426622
128,200,47294.989541517956,34129.72158000343,1.3857420263641425
4096,200,39531.928160618925,38939.460754354994,1.0152150901626873
8192,600,104029.86993284992,85848.15788843864,1.2117891925886024
4096,800,60654.16130438991,60650.662845165505,1.0000576821267946
2048,500,50743.447913114134,35523.310698868714,1.42845491917312
128,300,70293.9680667157,42868.394179046576,1.6397621000945803
128,100,29663.38582389167,17899.559780833548,1.6572131486526593
128,400,89217.18338375879,47063.4505065966,1.895678757579701
4096,1000,38973.58360549708,30918.141407431434,1.26054095852377
2048,800,50763.481713515124,50763.481713515124,1.0
2048,100,21949.84902967429,21949.84902967429,1.0
128,900,174103.6253561672,102028.33792508653,1.7064242042637348
8192,700,32135.012716074976,31684.037608755014,1.014233511299562
1024,700,75426.79026925053,66320.27242801076,1.137311224876597
512,700,75474.12804985889,61346.24441089266,1.2302974497401782
8192,1000,544585.7100480688,544585.7100480688,1.0
8192,1000,52342.92934087619,52314.885183268474,1.000536064592505
1024,100,32526.501217187422,31319.451246236975,1.0385399463566742
8192,1000,121905.96704247322,120557.43492411824,1.0111858063271153
4096,900,31731.951179904405,31640.39833817212,1.0028935426398167
8192,600,122634.8967329771,122634.8967329771,1.0
8192,1000,49557.77241888677,49557.77241888677,1.0
2048,100,23289.9839332401,23097.256435111492,1.0083441727665814
512,800,55864.3026950197,38336.594525084816,1.4572056643806994
2048,200,37946.30536557415,37946.30536557415,1.0
2048,600,47573.652632034704,33916.34753113008,1.4026761752092936
1024,100,30820.38022540123,29554.958545859663,1.0428158840953217
256,700,95796.66158037688,47523.960799855195,2.015754999542647
128,1000,216419.41661240323,111804.66682439692,1.9356921563239997
1024,800,47788.07533101112,40421.19798120487,1.182252820741031
1024,800,37131.39953486892,34904.751507598776,1.063792118009647
1024,1000,61311.58039364275,55735.236402641,1.1000506026513868
8192,600,60304.7350232043,60144.36411673883,1.0026664328207744
4096,200,16398.7285876539,15726.677746397436,1.042733173025715
1024,700,145778.1938475414,132452.11299022113,1.100610556951282
8192,800,120712.62684671115,107232.14310089932,1.1257130871023202
128,1000,186435.55941096143,109237.63657662571,1.7066971169793166
2048,1000,80418.51297313276,56446.32882143322,1.4246898718167313
1024,1000,96857.20136101324,70250.77350904822,1.3787350163274452
2048,900,94731.29634902222,82690.26725018611,1.1456160380084999
512,600,58013.22337526289,28950.864730709705,2.003851142785563
1024,700,30141.263510959878,29025.881672657724,1.0384271475671603
1024,100,17407.495049911522,17402.954696611207,1.0002608955421346
4096,100,17809.6328420409,17809.6328420409,1.0
128,700,138745.6036398816,83214.36890509089,1.6673274755965062
128,300,65779.99913019523,34512.68583773153,1.9059658074562316
2048,1000,71317.18811879997,71261.14520805598,1.0007864441496184
256,500,61285.748793270985,35523.310698868714,1.7252262693866174
128,500,101377.7664733299,56026.380959696515,1.8094648402554796
2048,400,32987.96898913109,30788.555312709123,1.071436079221102
128,900,174376.2856163701,103152.02937065497,1.6904784780315454
128,300,53265.14077045602,30815.59640870832,1.7285124085868278
4096,200,29265.987742901983,28939.495392742734,1.0112818950616922
128,500,109028.66452113136,62386.64500506909,1.7476282706382507
256,200,40842.53572866227,34123.56738045935,1.1969011115775219
1024,300,20578.98377123699,20366.163083435094,1.0104497193177735
>>>>>>> a2683253b43fac3e70a11df0799a71278281a7a7
2048,200,61372.60518345501,61372.60518345501,1.0
4096,500,114981.83515243819,114521.14245494771,1.0040227742023418
8192,100,14996.978704083662,12056.98525864028,1.2438415061788786
4096,700,57520.205103725944,42452.09110493904,1.354943975822991
<<<<<<< HEAD
1024,500,38404.80044288387,38397.17028659358,1.0001987166302448
2048,1000,91260.08791352945,90612.693267471,1.0071446352901958
8192,1000,162392.86932151654,162392.86932151654,1.0
2048,1000,60547.16075681281,60543.78817954,1.0000557047613672
8192,400,32120.436929723935,30165.425795839306,1.0648096647836571
128,700,128323.93032532815,75809.96321061933,1.6927053502032667
128,1000,357208.5529009956,288023.0601366038,1.240208171983099
2048,900,53618.2648644279,42076.23356110103,1.2743123689188127
4096,200,26168.682166838385,18050.62303154285,1.4497384451001776
2048,300,48198.78486748399,45111.95494347674,1.0684259843732091
128,100,26934.920419968865,14446.766271911083,1.864425568532839
128,1000,221521.40317897912,110076.46947736123,2.0124319414562812
4096,300,20588.382825073888,20570.96909448887,1.000846519699924
256,200,30597.921154398762,27723.977542298137,1.103662744918758
4096,400,66926.42590403692,66926.42590403692,1.0
2048,200,32540.902931029297,32540.902931029297,1.0
256,1000,207927.4344941827,194547.19755313522,1.0687763026624582
4096,600,57412.70684815128,57412.70684815128,1.0
256,500,117866.03107257186,73196.94614990943,1.6102588601330288
256,400,58473.524279982725,45126.42140747785,1.2957713564739513
512,500,116416.71357048459,114523.64185050332,1.0165299643758485
2048,900,61680.2354818132,52757.84825268096,1.1691196196326834
8192,300,84396.74424018276,84396.74424018276,1.0
512,900,151497.96086632824,149649.57060028278,1.0123514571985144
2048,600,36842.01783097161,32874.997452313044,1.1206698307555139
256,700,89939.81665717761,51196.085489777375,1.7567713585277223
128,300,58376.364056587605,27253.416999670506,2.141983299095793
128,300,65833.48672398772,33300.695014947356,1.9769403219493673
1024,700,49844.92350030937,49201.53957608187,1.013076499836608
256,800,90879.88505033375,57826.93902776309,1.571583877311952
1024,1000,41892.825452175486,30928.88515915138,1.3544887000164
4096,900,49104.93773990974,42308.40617125458,1.1606425810781995
512,600,33061.66973297243,21988.935751463338,1.5035593403274286
2048,700,110859.94849820028,110859.18311471,1.0000069041054496
256,400,63190.54980677804,53259.20525974124,1.1864718877910845
2048,500,66626.20077177523,66624.56129320196,1.0000246077203578
128,800,156148.96403542734,92351.37447544445,1.690813644326931
512,200,29674.45065653877,23117.237029627373,1.2836504041770902
128,900,160362.57163768736,94518.05570423097,1.6966342614949597
512,300,33196.52977903955,32331.936268961428,1.0267411609031325
8192,400,34318.891360832946,33618.972390895855,1.0208191660886885
8192,500,31854.501985315517,30238.042864909574,1.053457795784852
128,400,86175.11754908296,48720.51320368562,1.7687645692238718
512,400,186903.5622947008,186703.3320474569,1.0010724513861005
8192,700,21733.392272247234,21733.392272247234,1.0
8192,400,35053.10290940029,26546.468859735378,1.3204431479987695
1024,600,38395.109794055425,29865.350306368007,1.285607213717117
512,700,42494.30722578021,29025.881672657724,1.464014347781542
4096,400,39061.461442675914,36227.84755042349,1.0782164573346091
8192,300,30746.90512885161,27248.226586824265,1.1284002293095696
512,200,20618.767473191638,20330.555626091365,1.0141762897385054
2048,500,150425.0517802286,150425.0517802286,1.0
128,400,84041.51115561216,42797.12681057494,1.9637185348350523
2048,400,19143.519004870286,17742.443550288524,1.0789674460910983
4096,400,27724.391935842763,27155.933418576842,1.0209331238408859
8192,800,48600.44480731025,48235.14390825591,1.0075733349059588
1024,900,86425.7939841845,85663.51049156082,1.008898578732642
512,700,94726.41223278738,80357.08323268619,1.178818449127784
256,1000,150462.9523180527,95719.83817352499,1.5719098066723334
256,700,83147.40307135839,66354.8129063725,1.2530726774662215
256,500,116402.41587788796,63127.950965255164,1.843912468217991
8192,700,95854.95894721552,73742.01759573007,1.2998689495141489
128,500,92621.18632627536,55659.95529531376,1.6640542708821313
2048,900,47144.29704189259,47139.992713958745,1.000091309473889
128,200,53163.72692613847,42776.4318576044,1.2428275248181437
4096,400,66503.6244481076,66503.6244481076,1.0
2048,400,25810.603068699493,23700.07824770922,1.0890513861992952
2048,100,9516.14337669928,9516.14337669928,1.0
256,300,32130.58245709398,16760.521743464207,1.9170395139771441
1024,800,36500.09774318068,35597.83621265971,1.02534596555619
128,900,198968.14935459732,110304.68081578685,1.8038051321401487
1024,900,75451.23791051164,75449.13454700036,1.000027877901104
2048,400,23344.740664976227,19252.6280861351,1.2125482588939682
8192,900,33314.868764375235,33158.57017036733,1.004713671102368
256,500,86913.79941668126,84910.77897470127,1.0235897075279072
512,100,11384.221460230954,9011.915100790524,1.2632410905904263
2048,400,32424.207363487963,32352.598258555856,1.002213395794669
128,700,269186.59662823775,237800.98990500558,1.1319826580022638
2048,400,78360.88806338026,50876.400696790595,1.5402207504888108
4096,1000,281398.91676139703,281398.91676139703,1.0
4096,800,120712.62684671115,107232.14310089932,1.1257130871023202
128,1000,222017.2530415893,163336.4654407616,1.3592632388761339
128,1000,205741.5684092107,115948.15552755489,1.7744272642639543
128,600,107429.4597717638,64016.28039679616,1.678158416982008
1024,400,21105.804584160156,18307.43976342798,1.1528539684900316
512,600,111442.24571145247,90097.16084726775,1.2369118478701988
128,700,208784.2576676337,142838.5537233773,1.4616800032291533
256,1000,335599.0377038089,320464.419199229,1.0472271416040446
4096,700,112106.62893233435,107260.20847207752,1.0451837687926784
8192,700,40129.10963135096,40106.49652901174,1.0005638264195644
512,400,58761.62414978032,52638.32287426997,1.1163278186148948
256,400,73788.790660342,60987.569802147,1.2098988515155484
8192,600,154139.23729344973,127907.92965534359,1.2050796045936178
8192,900,183126.6918346876,183126.6918346876,1.0
4096,800,46253.22841341162,36672.2149998591,1.2612608323110381
512,500,87287.89462133023,62600.06932840837,1.3943737691951459
8192,800,148024.03103293112,148024.03103293112,1.0
2048,200,13337.35876144625,13337.35876144625,1.0
1024,200,30146.73940342566,26688.32812098575,1.1295851604777172
8192,500,48021.98700860474,41189.47869015632,1.165879941570644
256,500,73235.54299708302,64106.45222511053,1.142405178497721
1024,100,7348.806094934624,7152.901243328333,1.0273881666951596
1024,300,24092.859849673114,24078.953359370287,1.0005775371585002
512,900,267525.87132058723,229800.42209317343,1.1641661441862707
256,100,30464.98126497781,25440.224664257337,1.1975122730649501
128,700,159059.45737551613,92417.89181801837,1.7210894367588776
128,1000,233448.01039641016,155765.44053451647,1.4987150525515947
2048,700,26068.592506099798,26067.12107591305,1.000056447744362
2048,800,106112.60688901419,82940.54724397566,1.2793815620347455
8192,1000,172594.03018481666,111577.13934558528,1.546858354651352
2048,700,27364.700833374896,25871.051952994367,1.0577343697927077
256,1000,118919.59118363936,58569.061920395274,2.030416525114746
4096,700,66582.97055012165,60285.399819468286,1.1044626186358917
128,200,44218.23778346268,21601.854967306153,2.0469648486385004
8192,800,78175.44132986665,48425.21287150835,1.6143541079994355
2048,1000,60371.07601759886,60202.342442558154,1.0028027742475587
1024,700,58812.8507785173,58796.06304945136,1.00028552471365
512,900,72577.09931426693,63466.880684134354,1.143542876724521
128,300,61119.83463393401,34119.012930735975,1.7913717128338862
4096,900,68817.41819972453,68817.41819972453,1.0
4096,200,28779.18209724736,23681.10697554874,1.2152802707644745
256,900,263829.7463175441,253651.7844619295,1.0401257254200087
1024,500,68165.84559300554,62373.284305942194,1.0928692684940353
256,900,157463.46784816298,132038.8394742635,1.1925541641772393
1024,700,117308.45571619646,116488.33981442524,1.0070403261225778
128,700,138207.5911524597,78479.10754470208,1.7610749596475213
1024,900,52702.10301647851,52575.017380802,1.0024172247962568
256,300,37836.905487706805,21515.230474413613,1.758610279945794
1024,700,127875.48938304075,85672.54241504308,1.4926076170769427
1024,800,93533.79492229906,83711.93042021694,1.1173293275256984
256,300,28141.963949929388,22793.463249481996,1.2346506382951237
1024,800,58076.92479104823,53281.95779009162,1.0899923200991741
2048,700,20246.013053683768,20241.050244316226,1.0002451853687253
1024,200,24337.522142430917,21228.428234486382,1.146458978196685
8192,900,51151.844025608865,51151.844025608865,1.0
256,300,82029.1507099873,80517.55870716526,1.0187734455327881
512,100,15342.216789500691,12228.569679313945,1.2546207113211159
2048,700,39816.92072128366,37075.37110490693,1.0739453047851997
1024,800,87156.35290278732,62102.16000225037,1.4034351284984141
128,700,152843.74911884754,91940.15576527944,1.662426475641973
128,100,35802.67595485057,31016.524467410036,1.1543097290758506
1024,900,262672.2043697724,255315.3157889041,1.0288149128779687
2048,300,25142.771648747294,24009.73900443229,1.0471905439749196
2048,900,115425.25525586064,114082.80036744605,1.0117673732069226
512,800,69244.3225381785,48658.058952929256,1.4230802466897405
512,400,31781.428073506795,28824.379087289086,1.1025884712819956
1024,500,27913.020832341575,27319.151569382047,1.0217382030130506
2048,400,71974.06743874023,61717.64616532399,1.1661829624211884
512,800,80397.40522802976,64362.85987349461,1.249127297731193
2048,300,18908.50631716676,18573.116360380285,1.018057818100032
512,400,48947.93574155718,46346.74140253926,1.0561246435089267
1024,1000,319278.8366645242,318823.5863822797,1.0014279065341756
1024,700,91848.54417844937,82072.46511123,1.1191152118310348
2048,200,16322.322463155917,16319.454371522042,1.0001757467847012
128,600,144417.45998975282,102083.55250788486,1.4146986114986362
256,200,48083.57252505037,44503.178337827754,1.0804525501536881
256,300,37711.011151792954,25925.04840988032,1.4546168074818666
8192,400,62641.756947637405,43214.48493372207,1.449554635296727
2048,900,53384.016999895175,53309.00486140186,1.0014071194667455
2048,800,53142.648528035585,50851.16746299596,1.0450625065138794
8192,1000,38519.41590572081,38513.66294334092,1.0001493745839847
4096,100,14384.95796845455,12228.569679313945,1.1763401890564837
128,800,171953.20925244712,89210.20923574897,1.9275059516791355
256,400,44417.40265077612,26808.94972573375,1.656812486322063
256,500,53154.98757250271,29868.4267369777,1.7796380117569361
8192,300,62461.85801432151,60345.735579996704,1.035066644129635
8192,300,80360.55407407164,80360.55407407164,1.0
4096,800,112761.07647782801,77768.99443358157,1.449949009873483
256,400,31532.86163132263,16466.24380733385,1.915000287878545
8192,900,72933.47013669772,72933.47013669772,1.0
128,300,55994.71441023496,32718.346740617188,1.711416376082415
1024,500,78065.51940939673,57888.8463754861,1.348541632753192
256,200,40440.50381267956,39820.04492620314,1.015581571734193
1024,200,24030.33143243882,24000.475759263372,1.0012439617228805
128,200,42992.94716389401,25552.63257851312,1.682525157898847
8192,400,76270.46612357127,43737.033632128354,1.7438417695420594
512,600,58207.53469947012,53722.666447453994,1.0834818624723843
2048,900,104443.91673583986,81048.18639186893,1.2886644524141762
2048,900,140197.73271256403,113578.57949298169,1.2343677244284184
1024,500,39886.439468740304,36276.16196639806,1.0995220361428086
256,1000,204221.6598841743,178404.20743107868,1.1447132487784484
256,600,84003.75358393585,37319.166647534046,2.250954700498024
8192,600,44245.87777061599,44245.02565111483,1.000019259102885
8192,700,112840.09344125881,112840.09344125881,1.0
512,200,17831.935687566714,17465.341889253814,1.0209897865519861
128,300,51400.19757252409,29869.66446699064,1.7208160349215547
256,800,78195.45215432896,44884.135805066064,1.7421623643136526
2048,700,26500.87556933537,18573.466244444164,1.4268136717486708
1024,700,58055.51267896884,35819.1385364328,1.620795894349014
8192,300,23670.10054418794,21519.631696399152,1.0999305600638427
2048,1000,52342.92934087619,52314.885183268474,1.000536064592505
512,700,50963.97666088167,26960.090062369884,1.890348902506662
8192,800,47410.138589706905,40421.19798120487,1.172902856856241
512,800,46822.082861590694,45863.92468154658,1.0208913255177576
1024,600,57690.77716699768,57234.00896316298,1.0079807130779304
256,200,26805.180698738204,21352.04078691819,1.255391977106048
8192,700,72502.0685654886,61816.893419918626,1.1728520240088125
256,800,124466.76062183338,101772.97572271765,1.222984389892906
1024,100,25440.224664257337,25440.224664257337,1.0
1024,300,25332.084034621374,24009.73900443229,1.0550753604587277
8192,800,52807.69621151402,44366.085532812314,1.1902717036520711
4096,200,97563.39295797232,97563.39295797232,1.0
2048,700,46268.408451372336,36017.436572769824,1.2846113675494755
1024,200,27197.587710611555,25552.63257851312,1.0643751725793473
128,600,115692.41240374839,68959.49422032459,1.677686498600364
512,600,106428.80402664606,85860.7325228005,1.2395515493463052
2048,900,147582.43789985505,119327.18954102685,1.2367880150995556
512,900,107944.24821726535,101546.8599937516,1.0629993701814846
8192,1000,125673.09932425611,109603.29142325721,1.1466179317456973
256,300,46168.50022232374,24009.73900443229,1.9229072091871078
512,400,36240.42773732459,33618.972390895855,1.0779754751557677
8192,800,99630.49994718055,77475.65594337959,1.2859587793615075
128,800,188827.787347782,92675.16199414137,2.037523143037172
128,100,73544.23529577827,72967.22941615328,1.0079077400120835
4096,1000,180084.44376155233,177234.74373613778,1.0160786760278622
512,300,39461.08835849295,22146.00515886802,1.781860343453021
4096,500,84889.56492633495,84889.56492633495,1.0
512,1000,322562.575167075,318872.8660565887,1.0115710977735919
4096,400,24902.678587641734,24898.237602795067,1.0001783654296146
512,200,21597.874481964842,18786.158172106803,1.149669575018952
4096,600,86765.25402755744,86765.25402755744,1.0
2048,900,38779.192696980026,38773.95122637488,1.000135180203187
4096,700,86850.12183855481,83768.6586116748,1.0367853953728055
256,400,112617.47587780413,108365.40803212737,1.0392382396088624
2048,400,23938.149079153907,22105.08631748286,1.0829249311829776
2048,100,17347.873752067557,17347.873752067557,1.0
128,1000,205983.25544076881,115440.97043804495,1.7843167348572857
256,600,58558.19955346696,32190.559785344685,1.8191109425853043
2048,500,27328.802522506976,27319.151569382047,1.0003532669417063
512,400,75236.10678350461,60333.80288876994,1.2469975897625454
1024,1000,172873.32163972058,111577.13934558528,1.5493614790058747
4096,800,67864.85909306852,62454.88761199475,1.086622067350174
4096,300,30387.96483767547,25368.022265529136,1.1978846643858236
2048,300,23672.7310885827,21519.631696399152,1.1000527993489695
512,400,25821.835728533362,18378.334353517806,1.4050150156067212
256,200,23802.483631412873,12441.910416424595,1.913089134606785
8192,400,28845.91407148384,28824.379087289086,1.0007471100810026
4096,1000,96205.86423048834,93286.52965676959,1.031294277796161
512,100,10898.563162290833,9574.086555025397,1.1383397360837755
4096,200,22703.64482373528,16584.68314295091,1.3689525828164615
512,200,48534.99600034725,48339.89611714323,1.0040360012924154
512,1000,151194.09041217467,101940.34443496184,1.483162444174758
8192,500,82268.0511818332,79358.12801462926,1.0366682435687937
128,700,138567.72367986274,80381.02878996897,1.7238859189266198
8192,600,57066.6499738179,46448.9967564828,1.2285873529841786
1024,800,91639.49564136154,75114.39828637919,1.2199990645199499
1024,100,33641.93709583374,33641.93709583374,1.0
2048,1000,139683.0462696234,121618.88196705427,1.1485309189691661
1024,300,86319.7380108911,86170.66124077488,1.0017300177110129
2048,300,42007.74784846237,31364.460634147326,1.3393422682591076
8192,400,78467.90727403564,78467.90727403564,1.0
256,500,102643.81561116221,83700.23600340706,1.2263264778247942
128,200,51266.253721543624,36595.856922978,1.4008758923022868
1024,500,147533.85963280263,147480.7458449727,1.000360140488344
256,600,70686.2776285714,42749.93105715173,1.6534828450149313
4096,400,77180.08129136279,31325.655831794265,2.4637977798705224
128,500,111095.87143200426,60599.398399554455,1.8332834048864266
256,100,24981.090189124254,17055.23313554162,1.4647170162139758
256,200,26176.481908527094,15726.677746397436,1.6644635523560232
8192,900,68186.15135445092,42142.405953476984,1.6179937953643386
256,500,105160.12854935635,75650.02876185662,1.3900870927676232
4096,900,38611.781354489096,36333.36856705928,1.0627085480176335
1024,1000,39329.87433273892,23682.09487621599,1.660743043987973
2048,600,170029.76887403624,160778.42770955205,1.0575409356608265
1024,900,94620.30236523772,85706.05508068645,1.1040095390711788
1024,400,20687.812076363916,20429.860901844946,1.0126261835926487
128,200,36391.972068276256,28980.424713004046,1.2557432276672782
2048,400,35679.915029422824,32093.024154301882,1.1117654371827137
2048,800,52807.69621151402,44366.085532812314,1.1902717036520711
128,900,283144.20756996755,164211.80971601093,1.724262146916468
8192,600,103020.0017173615,97724.37299561259,1.0541894366719209
128,700,127168.4223800346,76932.73817319293,1.6529818826121827
1024,600,39646.12172107049,39588.435453367885,1.0014571494690807
2048,300,46527.39313765369,42876.67356603513,1.085144654843525
8192,900,104439.39514295681,81048.18639186893,1.2886086634683114
4096,900,93130.9914327715,85706.05508068645,1.086632576252576
4096,800,43182.03841840595,39511.64899287421,1.092893855839671
128,700,119471.36562929001,68977.11224126474,1.7320435974676494
128,400,90030.52984561065,49027.35786518295,1.8363324838589015
2048,200,45587.1976776367,44311.444499564175,1.0287906023484537
1024,600,54821.86661275588,54360.02424755477,1.0084959926268224
128,300,53716.61956200558,31753.51478726137,1.6916747617355166
128,900,168147.0569174536,100393.00888181973,1.6748881101411388
1024,600,37024.52238723933,32874.997452313044,1.1262213005779056
256,300,40387.74434433644,22337.66806533914,1.8080555332006745
4096,200,17447.445451633095,17444.605877280243,1.0001627766412626
1024,800,67569.03329795379,57706.6904436543,1.170904669432208
4096,100,20007.909292777418,18096.624174953435,1.1056155611867815
128,400,91514.03327389694,50363.62225938312,1.8170661514888793
256,400,66102.11636525596,58595.613062953016,1.1281069163699717
128,700,178977.36279292143,86538.92833380034,2.0681717030579003
1024,500,86103.92621232632,62598.35627795712,1.3754981972688995
4096,800,76714.89423435816,75591.86163784155,1.014856527834928
2048,100,14384.95796845455,12228.569679313945,1.1763401890564837
8192,200,30131.327300548455,26688.32812098575,1.1290076757133163
128,100,15089.4193617388,12506.156799285585,1.2065592654812054
512,800,57814.622095194994,44366.085532812314,1.3031265075760718
1024,700,124858.21503987588,117219.7735553616,1.0651634212627679
4096,100,20722.565533660163,20722.565533660163,1.0
512,300,87744.26356155222,86191.01916507911,1.0180209540566891
4096,200,16319.454371522042,16319.454371522042,1.0
1024,400,25081.6127179796,19252.6280861351,1.3027630620487745
1024,400,38305.03274989539,32569.65752594252,1.1760956564982148
4096,700,170514.54536366955,170514.54536366955,1.0
8192,1000,28024.361030263473,28003.028411344018,1.0007617968530438
128,400,76072.483791422,42723.60226027847,1.7805727927148378
128,300,58320.11019388497,33207.329205691334,1.7562421184986357
256,600,117870.90015410907,94961.903825476,1.2412440716304083
256,400,43836.25513477432,26944.926090923545,1.6268834802831638
8192,400,20429.860901844946,20429.860901844946,1.0
8192,300,25080.65034537924,25080.65034537924,1.0
4096,400,48940.921402939224,38819.630796565834,1.26072609137923
8192,200,53640.79281597229,53640.79281597229,1.0
256,200,26194.133662866177,18620.644394921266,1.4067254122532173
8192,500,44987.9302988407,43236.65246550346,1.040504473252977
512,1000,137916.53130378452,94799.91351609524,1.4548170582494138
1024,100,17503.113975298686,16761.07212005239,1.0442717416840264
128,500,109566.96394441911,62235.40719591476,1.7605245772636524
4096,200,17740.67758730927,17740.67758730927,1.0
8192,900,162744.67958603505,162744.67958603505,1.0
512,600,110273.16233637287,94912.1411777341,1.1618446382942038
2048,700,137018.5792487457,101971.47650017287,1.343695158209398
128,200,38129.5188394825,22407.83808966297,1.701615242260794
2048,300,25047.80147033275,21245.29525451237,1.1789810953562885
128,500,122499.47028762718,76617.57157086262,1.5988430300786676
4096,900,235023.16966618467,212427.5200802827,1.1063687491025758
4096,900,65346.397057987626,60097.90469262115,1.087332368611029
512,300,52712.40282586079,42586.891465992514,1.2377612220876448
128,500,100519.68701472509,59301.683299989054,1.6950562179867101
256,800,126889.23487325116,112709.77703380244,1.125805038503414
4096,500,33755.159300348416,25362.56656300998,1.3309047101557383
8192,400,56781.930622412154,56772.7824606574,1.0001611363994902
1024,800,117514.3985842491,101772.97572271765,1.1546719327969661
512,1000,66255.11942012559,31152.82778783593,2.1267770576511147
128,900,158899.69263088977,92800.87521868643,1.7122650218162345
128,100,24765.606333496748,13798.527712172872,1.7948006374367658
2048,200,14764.441624399278,14764.440789441054,1.0000000565519709
512,300,37920.59623381861,24597.69281353905,1.5416322384897159
4096,900,104439.39514295681,81048.18639186893,1.2886086634683114
8192,300,73079.30981278289,71342.42663188108,1.024345726139425
2048,300,20747.758773181948,19887.38962467144,1.0432620451828012
2048,600,27202.445592664317,26424.606119149255,1.0294361804300038
512,100,21993.406394665853,21561.33909716274,1.020038982530541
256,400,36408.025483057616,20821.733470226685,1.74855880924218
128,1000,195068.5913649959,108573.46405908014,1.7966507107008165
8192,600,25101.226842778065,22032.708212275476,1.1392710601410756
2048,1000,59650.93163462352,55734.051128954416,1.0702780513228158
8192,900,253619.1459229753,253619.1459229753,1.0
256,1000,124092.43348163,71828.30656007184,1.7276257707377292
8192,100,17253.430595013517,16761.07212005239,1.0293751182164586
128,1000,201839.9306690746,112758.77583353377,1.790015270891657
8192,200,29139.89239002461,18668.090115124316,1.560946631943691
2048,500,177215.37734444547,168416.85806467704,1.0522425093359093
1024,700,208758.01350425443,185588.29528429307,1.1248447170898837
2048,100,20721.795777978514,16561.60268801602,1.2511950786606425
128,1000,191793.5628801266,105648.99440198131,1.8153846514655494
1024,200,27032.302713702175,27032.28717728225,1.0000005747356788
4096,600,93830.21843648735,63281.703420590464,1.482738506782311
512,300,41345.2700695845,34690.24422950583,1.191841423659342
256,300,42691.74881877839,22146.00515886802,1.9277403988900972
8192,700,137018.5543906216,101971.47650017287,1.3436949144341293
128,200,39032.94004175519,22557.733121605976,1.7303573826028258
128,500,95871.4338931599,56208.21260609286,1.7056481508321015
1024,300,20494.379465238995,19555.262961639615,1.0480237215649613
8192,1000,154192.8048722063,154192.8048722063,1.0
1024,100,11950.262481938578,11936.420001605858,1.0011596844222017
512,1000,66212.46486915619,40844.58099378827,1.621083219808912
8192,600,24530.264854670164,20442.695272351662,1.199952576109025
2048,900,240354.51235418237,236191.38873228242,1.0176260601381144
128,600,105429.01419967403,61581.31829191577,1.7120291855381482
2048,100,9169.802680024719,9169.349964976815,1.0000493726436044
8192,500,30666.80462561862,20558.185404494525,1.491707756410938
8192,100,25440.224664257337,25440.224664257337,1.0
4096,500,56265.69165701632,30807.185918026305,1.8263820592614854
1024,600,27140.140528599914,20442.695272351662,1.3276204613442735
2048,900,41415.83137018801,38891.783213405324,1.0648992653006635
512,900,106506.51807137448,91856.52223014132,1.1594878130104733
512,900,101471.15255471537,96310.49967324318,1.053583491924359
1024,600,45433.76644004859,37315.749872411354,1.2175493349428608
512,100,15370.187297573037,15312.764243852314,1.003750012264688
256,600,120115.94516559527,82210.52420515442,1.4610774755048244
128,800,165608.76409981557,88007.77202189426,1.8817515805151392
256,1000,148488.15732765486,117216.61555814055,1.2667842064933477
128,300,54907.70760986549,34152.10038414554,1.6077402851437899
8192,1000,82404.30443125752,81704.81311790232,1.0085612008235771
8192,300,69759.15177939474,69759.15177939474,1.0
1024,300,23690.29433181997,21519.631696399152,1.1008689491551118
8192,800,202129.88973115865,178142.21764117235,1.134654617011135
512,100,17413.278602517777,17402.954696611207,1.000593227189667
2048,100,18595.337664656734,18595.337664656734,1.0
1024,600,57107.07494510727,46448.9967564828,1.22945766179841
256,300,82750.5054282558,81301.47690523788,1.0178229052924443
128,1000,192926.71097873434,108467.36333138205,1.7786613876592343
2048,900,109079.15272347725,81142.94619253738,1.3442838575845195
2048,200,58667.68283716659,58164.57654757025,1.0086497026104002
512,100,19041.239232204374,16761.07212005239,1.1360394547449066
1024,300,73090.13335070203,71342.42663188108,1.024497438639688
128,400,112021.76689836512,93117.14843824577,1.2030197313511666
2048,1000,58678.60896893448,45809.33523320091,1.280931248406469
1024,500,35857.558821667946,31663.06987732136,1.1324725922217316
4096,1000,318823.5863822797,318823.5863822797,1.0
128,600,101119.26724756313,55871.60268351879,1.8098508435554805
=======
1024,500,38401.24241558221,38397.17028659358,1.0001060528408274
2048,1000,91378.68079644078,90612.693267471,1.0084534241434446
8192,1000,162392.86932151654,162392.86932151654,1.0
2048,1000,60619.326563503375,60543.78817954,1.0012476653053055
8192,400,32123.399896128158,30165.425795839306,1.0649078887047871
128,700,136876.01221707952,75809.96321061933,1.8055148218025538
128,1000,356016.23528125836,288023.0601366038,1.2360685117101622
2048,900,53616.93533556729,42076.23356110103,1.2742807708229735
4096,200,26168.682166838385,18050.62303154285,1.4497384451001776
2048,300,48198.78486748399,45111.95494347674,1.0684259843732091
128,100,31140.89444540574,14446.766271911083,2.1555615879211065
128,1000,221418.78232810332,110076.46947736123,2.011499672721982
4096,300,20573.151070876185,20570.96909448887,1.0001060706657665
256,200,30559.753786803805,27723.977542298137,1.1022860532973366
4096,400,66926.42590403692,66926.42590403692,1.0
2048,200,32540.902931029297,32540.902931029297,1.0
256,1000,199339.0842354312,194547.19755313522,1.0246309725483822
4096,600,57412.70684815128,57412.70684815128,1.0
256,500,115938.60465930004,73196.94614990943,1.5839267996489153
256,400,57841.551043163745,45126.42140747785,1.2817668505302502
512,500,116795.48320822832,114523.64185050332,1.0198373132483038
2048,900,61672.66649060858,52757.84825268096,1.1689761529930214
8192,300,84396.74424018276,84396.74424018276,1.0
512,900,151030.0834162764,149649.57060028278,1.009224970111548
2048,600,36820.55528711067,32874.997452313044,1.1200169776597206
256,700,86728.54294766183,51196.085489777375,1.6940463732325675
128,300,53905.648094382435,27253.416999670506,1.9779408980178212
128,300,63403.84594885998,33300.695014947356,1.9039796592954146
1024,700,49707.903919079676,49201.53957608187,1.010291636143109
256,800,85173.72552512368,57826.93902776309,1.4729073846400762
1024,1000,41187.90847493785,30928.88515915138,1.3316971582711892
4096,900,49088.85342426217,42308.40617125458,1.1602624127593442
512,600,33568.115076753056,21988.935751463338,1.5265911664014544
2048,700,110871.28030758072,110859.18311471,1.0001091221541674
256,400,66035.31940881157,53259.20525974124,1.2398855575625314
2048,500,66626.20077177523,66624.56129320196,1.0000246077203578
128,800,166394.82416960955,92351.37447544445,1.8017579609911785
512,200,29681.86676071296,23117.237029627373,1.2839712082664665
128,900,168696.36816183702,94518.05570423097,1.7848057379610864
512,300,33872.03590211271,32331.936268961428,1.0476340055955686
8192,400,34318.891360832946,33618.972390895855,1.0208191660886885
8192,500,31854.501985315517,30238.042864909574,1.053457795784852
128,400,84071.38813278149,48720.51320368562,1.7255850278363167
512,400,186960.8733222111,186703.3320474569,1.0013794144535606
8192,700,21779.655081049495,21733.392272247234,1.0021286510740128
8192,400,35053.10290940029,26546.468859735378,1.3204431479987695
1024,600,38380.514678663814,29865.350306368007,1.2851185164394394
512,700,43859.190707034635,29025.881672657724,1.5110373287420185
4096,400,39073.53241932906,36227.84755042349,1.0785496534108139
8192,300,30746.90512885161,27248.226586824265,1.1284002293095696
512,200,20396.838871351432,20330.555626091365,1.0032602771158405
2048,500,150425.0517802286,150425.0517802286,1.0
128,400,81757.25523503895,42797.12681057494,1.9103444863695187
2048,400,19119.842950357935,17742.443550288524,1.0776330157774132
4096,400,27724.391935842763,27155.933418576842,1.0209331238408859
8192,800,48600.44480731025,48235.14390825591,1.0075733349059588
1024,900,86410.66162342102,85663.51049156082,1.0087219298809125
512,700,94653.37626996395,80357.08323268619,1.1779095564715891
256,1000,150513.84987137176,95719.83817352499,1.5724415413084365
256,700,85939.19238746986,66354.8129063725,1.2951463296073362
256,500,119004.63672129258,63127.950965255164,1.885133841692268
8192,700,95854.95894721552,73742.01759573007,1.2998689495141489
128,500,95172.36832270537,55659.95529531376,1.7098894136323233
2048,900,47145.07350581243,47139.992713958745,1.0001077809214887
128,200,50503.58800350372,42776.4318576044,1.1806405024996411
4096,400,66503.6244481076,66503.6244481076,1.0
2048,400,25810.603068699493,23700.07824770922,1.0890513861992952
2048,100,9516.14337669928,9516.14337669928,1.0
256,300,36197.29440393174,16760.521743464207,2.1596758715489828
1024,800,36502.77394609642,35597.83621265971,1.0254211443648051
128,900,205535.40043775996,110304.68081578685,1.8633425065706155
1024,900,75700.11672771041,75449.13454700036,1.0033265084114875
2048,400,23344.740664976227,19252.6280861351,1.2125482588939682
8192,900,33316.68105837463,33158.57017036733,1.004768326474722
256,500,91394.72158851658,84910.77897470127,1.0763618317027472
512,100,11384.221460230954,9011.915100790524,1.2632410905904263
2048,400,32356.266919379825,32352.598258555856,1.0001133961728406
128,700,268670.75723642414,237800.98990500558,1.1298134517596
2048,400,78360.88806338026,50876.400696790595,1.5402207504888108
4096,1000,281398.91676139703,281398.91676139703,1.0
4096,800,120712.62684671115,107232.14310089932,1.1257130871023202
128,1000,216239.74860491176,163336.4654407616,1.3238914410287455
128,1000,206934.8094336918,115948.15552755489,1.7847184243005407
128,600,108152.5620704929,64016.28039679616,1.6894540170113608
1024,400,21152.00324870678,18307.43976342798,1.1553774597669995
512,600,110657.072406979,90097.16084726775,1.2281971081704153
128,700,206176.1002953618,142838.5537233773,1.4434205256281487
256,1000,334638.8260471952,320464.419199229,1.0442308287559192
4096,700,112106.62893233435,107260.20847207752,1.0451837687926784
8192,700,40106.49652901174,40106.49652901174,1.0
512,400,59213.379974623196,52638.32287426997,1.1249100796022353
256,400,70581.35654637973,60987.569802147,1.1573072476138406
8192,600,154139.23729344973,127907.92965534359,1.2050796045936178
8192,900,183126.6918346876,183126.6918346876,1.0
4096,800,46251.661581059845,36672.2149998591,1.2612181069847446
512,500,87301.17430464367,62600.06932840837,1.394585904476399
8192,800,148024.03103293112,148024.03103293112,1.0
2048,200,13337.35876144625,13337.35876144625,1.0
1024,200,30132.892932252682,26688.32812098575,1.1290663392495681
8192,500,48021.98700860474,41189.47869015632,1.165879941570644
256,500,75602.29963159027,64106.45222511053,1.179324342674774
1024,100,7348.806094934624,7152.901243328333,1.0273881666951596
1024,300,24088.486449533084,24078.953359370287,1.0003959096568908
512,900,267204.363568086,229800.42209317343,1.1627670703744268
256,100,31140.94144190598,25440.224664257337,1.2240828000885526
128,700,154759.07012248764,92417.89181801837,1.6745574593632404
128,1000,238912.76695921435,155765.44053451647,1.533798294020637
2048,700,26067.79679752104,26067.12107591305,1.000025922371942
2048,800,106112.60688901419,82940.54724397566,1.2793815620347455
8192,1000,172594.03018481666,111577.13934558528,1.546858354651352
2048,700,27246.22582827227,25871.051952994367,1.053154926895763
256,1000,114151.31787879285,58569.061920395274,1.9490036912993887
4096,700,66582.97055012165,60285.399819468286,1.1044626186358917
128,200,40729.39732141462,21601.854967306153,1.8854583267528415
8192,800,78175.44132986665,48425.21287150835,1.6143541079994355
2048,1000,60429.87935457753,60202.342442558154,1.0037795358583677
1024,700,58812.8507785173,58796.06304945136,1.00028552471365
512,900,74030.0952032433,63466.880684134354,1.1664366423123984
128,300,62704.2327315073,34119.012930735975,1.8378091083350316
4096,900,68817.41819972453,68817.41819972453,1.0
4096,200,28779.18209724736,23681.10697554874,1.2152802707644745
256,900,262211.1535417271,253651.7844619295,1.0337445648094081
1024,500,68164.6243570432,62373.284305942194,1.0928496890222161
256,900,157480.76484492864,132038.8394742635,1.192685163486492
1024,700,117282.87674916154,116488.33981442524,1.0068207421961894
128,700,134980.8201819083,78479.10754470208,1.719958654028049
1024,900,52612.143082165305,52575.017380802,1.000706147200949
256,300,39560.837181372844,21515.230474413613,1.838736388551332
1024,700,127875.48938304075,85672.54241504308,1.4926076170769427
1024,800,93513.24474364072,83711.93042021694,1.1170838406691037
256,300,30579.48630458344,22793.463249481996,1.3415901730193804
1024,800,57662.35611936051,53281.95779009162,1.082211662464165
2048,700,20630.780113410787,20241.050244316226,1.0192544292114485
1024,200,24337.522142430917,21228.428234486382,1.146458978196685
8192,900,51151.844025608865,51151.844025608865,1.0
256,300,82058.78704659047,80517.55870716526,1.0191415184982262
512,100,14512.671310653666,12228.569679313945,1.186784038627473
2048,700,39761.309073449134,37075.37110490693,1.0724453427840865
1024,800,87156.35290278732,62102.16000225037,1.4034351284984141
128,700,145308.53255969728,91940.15576527944,1.5804686358229125
128,100,35160.43577512792,31016.524467410036,1.1336033414082873
1024,900,262673.1147414426,255315.3157889041,1.0288184785538756
2048,300,25124.734766451893,24009.73900443229,1.0464393120564022
2048,900,115414.78727487197,114082.80036744605,1.011675615457683
512,800,68367.84800630287,48658.058952929256,1.4050673100717075
512,400,29536.585576386868,28824.379087289086,1.0247084763540266
1024,500,27346.43320734757,27319.151569382047,1.0009986268386204
2048,400,71974.06743874023,61717.64616532399,1.1661829624211884
512,800,77433.83623329658,64362.85987349461,1.2030825911945648
2048,300,18908.50631716676,18573.116360380285,1.018057818100032
512,400,49014.7469974597,46346.74140253926,1.0575661959003284
1024,1000,319335.0069080463,318823.5863822797,1.0016040862332984
1024,700,91570.76023772877,82072.46511123,1.115730593855394
2048,200,16339.119521106699,16319.454371522042,1.0012050126883514
128,600,144498.10267032552,102083.55250788486,1.4154885789183775
256,200,48593.07394973217,44503.178337827754,1.0919012026704618
256,300,39235.69706687458,25925.04840988032,1.5134281119383146
8192,400,62641.756947637405,43214.48493372207,1.449554635296727
2048,900,53345.54026815568,53309.00486140186,1.000685351505788
2048,800,53073.181229319605,50851.16746299596,1.0436964159759083
8192,1000,38518.28755832825,38513.66294334092,1.0001200772565866
4096,100,14384.95796845455,12228.569679313945,1.1763401890564837
128,800,176718.03951752954,89210.20923574897,1.9809172182359795
256,400,47245.49030562308,26808.94972573375,1.7623029170841564
256,500,54372.87506489714,29868.4267369777,1.820413091848003
8192,300,62461.85801432151,60345.735579996704,1.035066644129635
8192,300,80360.55407407164,80360.55407407164,1.0
4096,800,112761.07647782801,77768.99443358157,1.449949009873483
256,400,29749.84893751288,16466.24380733385,1.8067173840984116
8192,900,72933.47013669772,72933.47013669772,1.0
128,300,60191.98894940224,32718.346740617188,1.8397014197138128
1024,500,78193.9924649879,57888.8463754861,1.3507609386063066
256,200,42185.58700344876,39820.04492620314,1.0594058113603233
1024,200,24033.54839205215,24000.475759263372,1.001377999049707
128,200,39784.16626565109,25552.63257851312,1.5569498032506084
8192,400,76270.46612357127,43737.033632128354,1.7438417695420594
512,600,59324.70622317967,53722.666447453994,1.1042770239486348
2048,900,104439.39514295681,81048.18639186893,1.2886086634683114
2048,900,140197.73271256403,113578.57949298169,1.2343677244284184
1024,500,40223.98496134974,36276.16196639806,1.1088269205162464
256,1000,207998.119939102,178404.20743107868,1.165881247612706
256,600,73226.79691888744,37319.166647534046,1.9621766372890344
8192,600,44245.02565111483,44245.02565111483,1.0
8192,700,112840.09344125881,112840.09344125881,1.0
512,200,17490.667312447244,17465.341889253814,1.001450038788477
128,300,49617.678172515545,29869.66446699064,1.6611394556289272
256,800,80772.91038216877,44884.135805066064,1.799587068646467
2048,700,26346.56112252683,18573.466244444164,1.4185053439019661
1024,700,57362.634383785,35819.1385364328,1.6014520931439937
8192,300,23670.10054418794,21519.631696399152,1.0999305600638427
2048,1000,52917.94186146151,52314.885183268474,1.0115274395820697
512,700,52384.046964659276,26960.090062369884,1.9430219573997425
8192,800,47410.138589706905,40421.19798120487,1.172902856856241
512,800,55387.08160983215,45863.92468154658,1.2076393809384836
1024,600,57700.49062043756,57234.00896316298,1.0081504277915394
256,200,26224.10299165016,21352.04078691819,1.2281778240006431
8192,700,72502.0685654886,61816.893419918626,1.1728520240088125
256,800,118984.05042171408,101772.97572271765,1.1691124247549598
1024,100,25440.224664257337,25440.224664257337,1.0
1024,300,25395.02071944721,24009.73900443229,1.0576966586250351
8192,800,52807.69621151402,44366.085532812314,1.1902717036520711
4096,200,97563.39295797232,97563.39295797232,1.0
2048,700,46173.469316138886,36017.436572769824,1.2819754460551283
1024,200,27181.922847732327,25552.63257851312,1.0637621295658302
128,600,111562.13774790046,68959.49422032459,1.6177922853010065
512,600,105508.81378858579,85860.7325228005,1.228836636824263
2048,900,147582.43789985505,119327.18954102685,1.2367880150995556
512,900,107847.76349759841,101546.8599937516,1.062049220470574
8192,1000,125673.09932425611,109603.29142325721,1.1466179317456973
256,300,43063.242543812594,24009.73900443229,1.7935739549631486
512,400,36192.86474575336,33618.972390895855,1.0765607087846185
8192,800,99630.49994718055,77475.65594337959,1.2859587793615075
128,800,176648.21294674603,92675.16199414137,1.906100935198939
128,100,76321.89410549683,72967.22941615328,1.0459749495244082
4096,1000,180084.44376155233,177234.74373613778,1.0160786760278622
512,300,38762.34078944409,22146.00515886802,1.750308487303965
4096,500,84889.56492633495,84889.56492633495,1.0
512,1000,322553.8962054862,318872.8660565887,1.0115438801501668
4096,400,24898.237602795067,24898.237602795067,1.0
512,200,22237.907723953977,18786.158172106803,1.1837389805954173
4096,600,86765.25402755744,86765.25402755744,1.0
2048,900,38831.40757039887,38773.95122637488,1.0014818284494285
4096,700,86849.19399913022,83768.6586116748,1.0367743191607715
256,400,113134.25728657295,108365.40803212737,1.044007117594498
2048,400,23938.149079153907,22105.08631748286,1.0829249311829776
2048,100,17347.873752067557,17347.873752067557,1.0
128,1000,215624.05428515014,115440.97043804495,1.8678295363158923
256,600,61732.12600542934,32190.559785344685,1.9177089934774594
2048,500,27347.037115698622,27319.151569382047,1.0010207325160063
512,400,75033.33269323374,60333.80288876994,1.2436367193953202
1024,1000,172865.49075022264,111577.13934558528,1.549291295368403
4096,800,67864.85909306852,62454.88761199475,1.086622067350174
4096,300,30387.96483767547,25368.022265529136,1.1978846643858236
2048,300,23673.615832157302,21519.631696399152,1.1000939126722402
512,400,27579.82401055887,18378.334353517806,1.5006704895038436
256,200,24804.82479934895,12441.910416424595,1.9936508115830864
8192,400,28824.379087289086,28824.379087289086,1.0
4096,1000,96205.86423048834,93286.52965676959,1.031294277796161
512,100,10878.363875398858,9574.086555025397,1.1362299487138907
4096,200,22703.64482373528,16584.68314295091,1.3689525828164615
512,200,48566.424632738795,48339.89611714323,1.0046861605793818
512,1000,152111.0667886723,101940.34443496184,1.4921576695840917
8192,500,82266.25824208425,79358.12801462926,1.036645650549102
128,700,136220.69910720998,80381.02878996897,1.6946871812644606
8192,600,57066.6499738179,46448.9967564828,1.2285873529841786
1024,800,93968.2987327589,75114.39828637919,1.251002482566629
1024,100,33641.93709583374,33641.93709583374,1.0
2048,1000,139683.0462696234,121618.88196705427,1.1485309189691661
1024,300,86268.05893568229,86170.66124077488,1.0011302883545858
2048,300,42007.74784846237,31364.460634147326,1.3393422682591076
8192,400,78467.90727403564,78467.90727403564,1.0
256,500,101588.90954973358,83700.23600340706,1.2137230956624585
128,200,51458.215247965076,36595.856922978,1.4061213365290874
1024,500,147644.35960104945,147480.7458449727,1.0011093906200388
256,600,70698.66377170915,42749.93105715173,1.6537725798245895
4096,400,77180.08129136279,31325.655831794265,2.4637977798705224
128,500,110834.5549898571,60599.398399554455,1.8289712095668593
256,100,21366.772913194563,17055.23313554162,1.2527986421169506
256,200,31441.27500669238,15726.677746397436,1.9992318475461062
8192,900,68186.15135445092,42142.405953476984,1.6179937953643386
256,500,104999.886745981,75650.02876185662,1.3879688939249
4096,900,38611.781354489096,36333.36856705928,1.0627085480176335
1024,1000,34539.9409328139,23682.09487621599,1.4584833442037464
2048,600,170029.76887403624,160778.42770955205,1.0575409356608265
1024,900,93967.28546633065,85706.05508068645,1.096390276951457
1024,400,21191.074917602655,20429.860901844946,1.0372598726645743
128,200,42249.55727391193,28980.424713004046,1.4578653588521697
2048,400,35722.58997620594,32093.024154301882,1.1130951637481485
2048,800,52807.69621151402,44366.085532812314,1.1902717036520711
128,900,282461.08654825983,164211.80971601093,1.720102147566305
8192,600,103020.0017173615,97724.37299561259,1.0541894366719209
128,700,128787.55235091789,76932.73817319293,1.674027928929139
1024,600,39617.09102269305,39588.435453367885,1.0007238368729907
2048,300,46527.39313765369,42876.67356603513,1.085144654843525
8192,900,104439.39514295681,81048.18639186893,1.2886086634683114
4096,900,93130.9914327715,85706.05508068645,1.086632576252576
4096,800,43182.347885108364,39511.64899287421,1.092901688129902
128,700,116721.66376465291,68977.11224126474,1.6921796226607695
128,400,88835.30776239371,49027.35786518295,1.8119538076409496
2048,200,45587.1976776367,44311.444499564175,1.0287906023484537
1024,600,55107.41775359766,54360.02424755477,1.0137489546111913
128,300,54642.52106436352,31753.51478726137,1.72083378581714
128,900,164524.38270773314,100393.00888181973,1.6388031850047182
1024,600,36908.028320280166,32874.997452313044,1.122677754540278
256,300,41280.858105393905,22337.66806533914,1.848037941321569
4096,200,17448.959646124975,17444.605877280243,1.0002495767961375
1024,800,64700.893193292286,57706.6904436543,1.1212026317202723
4096,100,20007.909292777418,18096.624174953435,1.1056155611867815
128,400,94905.89303248082,50363.62225938312,1.8844135662779724
256,400,68783.55329244402,58595.613062953016,1.1738686515412928
128,700,176164.8720516769,86538.92833380034,2.0356719853540235
1024,500,86107.04379621265,62598.35627795712,1.3755480002361289
4096,800,76714.89423435816,75591.86163784155,1.014856527834928
2048,100,14384.95796845455,12228.569679313945,1.1763401890564837
8192,200,30131.327300548455,26688.32812098575,1.1290076757133163
128,100,15092.945242177693,12506.156799285585,1.2068411970526292
512,800,54663.53356825143,44366.085532812314,1.2321017937862315
1024,700,124774.09263861763,117219.7735553616,1.0644457744126952
4096,100,20722.565533660163,20722.565533660163,1.0
512,300,87682.39301185524,86191.01916507911,1.0173031234718288
4096,200,16319.454371522042,16319.454371522042,1.0
1024,400,23479.04213446834,19252.6280861351,1.2195240062512254
1024,400,38301.88568846181,32569.65752594252,1.1759990309371056
4096,700,170514.54536366955,170514.54536366955,1.0
8192,1000,28033.895909813335,28003.028411344018,1.0011022914384793
128,400,74861.4138856531,42723.60226027847,1.7522261683269673
128,300,54236.63226032775,33207.329205691334,1.6332729417767282
256,600,117933.98316088582,94961.903825476,1.2419083696724178
256,400,43194.422277076665,26944.926090923545,1.6030633051774001
8192,400,20464.25822918403,20429.860901844946,1.001683678978743
8192,300,25080.65034537924,25080.65034537924,1.0
4096,400,48940.921402939224,38819.630796565834,1.26072609137923
8192,200,53640.79281597229,53640.79281597229,1.0
256,200,21010.28694416081,18620.644394921266,1.1283329673537674
8192,500,44987.9302988407,43236.65246550346,1.040504473252977
512,1000,138615.93329753887,94799.91351609524,1.462194723141857
1024,100,17322.820833392117,16761.07212005239,1.0335150824073878
128,500,107236.6589915904,62235.40719591476,1.7230811819711143
4096,200,17740.67758730927,17740.67758730927,1.0
8192,900,162744.67958603505,162744.67958603505,1.0
512,600,111458.53854870834,94912.1411777341,1.1743338330128827
2048,700,137018.5792487457,101971.47650017287,1.343695158209398
128,200,35857.32742742422,22407.83808966297,1.6002136075753632
2048,300,25091.26631801969,21245.29525451237,1.181026952905748
128,500,119387.83214197897,76617.57157086262,1.5582304384518202
4096,900,235023.16966618467,212427.5200802827,1.1063687491025758
4096,900,65346.93554962346,60097.90469262115,1.0873413288508007
512,300,52769.03053354194,42586.891465992514,1.2390909201644902
128,500,106376.97094044543,59301.683299989054,1.7938271735444156
256,800,126828.94267658253,112709.77703380244,1.1252701053480538
4096,500,33755.77901690306,25362.56656300998,1.3309291444555205
8192,400,56781.930622412154,56772.7824606574,1.0001611363994902
1024,800,117548.50021244658,101772.97572271765,1.1550070082721138
512,1000,58675.1023189782,31152.82778783593,1.8834599131282952
128,900,157809.80214036393,92800.87521868643,1.700520622984246
128,100,27123.628082055562,13798.527712172872,1.965690010400709
2048,200,14764.441624399278,14764.440789441054,1.0000000565519709
512,300,35409.53973297804,24597.69281353905,1.4395471966170719
4096,900,104439.39514295681,81048.18639186893,1.2886086634683114
8192,300,73079.30981278289,71342.42663188108,1.024345726139425
2048,300,20747.758773181948,19887.38962467144,1.0432620451828012
2048,600,27171.93764360195,26424.606119149255,1.0282816523766884
512,100,21977.798289269267,21561.33909716274,1.0193150893935585
256,400,34933.39770870294,20821.733470226685,1.6777372430904824
128,1000,193870.68735752624,108573.46405908014,1.785617591164188
8192,600,25088.996571410556,22032.708212275476,1.138715963997212
2048,1000,59621.53569383769,55734.051128954416,1.0697506189867416
8192,900,253619.1459229753,253619.1459229753,1.0
256,1000,127379.58720574246,71828.30656007184,1.7733898139337543
8192,100,17253.430595013517,16761.07212005239,1.0293751182164586
128,1000,192602.70667252346,112758.77583353377,1.7080950484675677
8192,200,29139.89239002461,18668.090115124316,1.560946631943691
2048,500,177215.37734444547,168416.85806467704,1.0522425093359093
1024,700,208773.46849924736,185588.29528429307,1.1249279927887592
2048,100,20721.11432278907,16561.60268801602,1.2511539319671565
128,1000,202671.62975357394,105648.99440198131,1.9183488768708346
1024,200,27032.302713702175,27032.28717728225,1.0000005747356788
4096,600,93830.21843648735,63281.703420590464,1.482738506782311
512,300,41194.713466452755,34690.24422950583,1.1875013964708425
256,300,39417.156831801716,22146.00515886802,1.7798766210445738
8192,700,137018.5543906216,101971.47650017287,1.3436949144341293
128,200,41511.32881487702,22557.733121605976,1.8402260808342104
128,500,92072.23212442022,56208.21260609286,1.6380565731499488
1024,300,19556.17448614989,19555.262961639615,1.0000466127462495
8192,1000,154192.8048722063,154192.8048722063,1.0
1024,100,11936.420001605858,11936.420001605858,1.0
512,1000,65798.20277655647,40844.58099378827,1.6109408194581112
8192,600,24533.34081230403,20442.695272351662,1.2001030434320903
2048,900,240354.51235418237,236191.38873228242,1.0176260601381144
128,600,111183.27279721876,61581.31829191577,1.80547081292046
2048,100,9169.349964976815,9169.349964976815,1.0
8192,500,30666.80462561862,20558.185404494525,1.491707756410938
8192,100,25440.224664257337,25440.224664257337,1.0
4096,500,56265.69165701632,30807.185918026305,1.8263820592614854
1024,600,27176.28988618053,20442.695272351662,1.3293887877366113
2048,900,41579.23843515186,38891.783213405324,1.0691008485519948
512,900,108236.57076761643,91856.52223014132,1.1783221064742233
512,900,99655.09187123843,96310.49967324318,1.0347271814531396
1024,600,45433.76644004859,37315.749872411354,1.2175493349428608
512,100,15370.187297573037,15312.764243852314,1.003750012264688
256,600,120435.29546375395,82210.52420515442,1.4649620182838212
128,800,171729.09788394134,88007.77202189426,1.9512946861240754
256,1000,154590.71403044893,117216.61555814055,1.3188464220225713
128,300,66121.00466715245,34152.10038414554,1.936074324080163
8192,1000,82404.30443125752,81704.81311790232,1.0085612008235771
8192,300,69759.15177939474,69759.15177939474,1.0
1024,300,23670.987184047666,21519.631696399152,1.09997176150596
8192,800,202129.88973115865,178142.21764117235,1.134654617011135
512,100,17489.97511196669,17402.954696611207,1.005000324190491
2048,100,18595.337664656734,18595.337664656734,1.0
1024,600,58252.80913164753,46448.9967564828,1.2541241619716426
256,300,83089.36407229639,81301.47690523788,1.0219908325791227
128,1000,192039.2647509428,108467.36333138205,1.770479698711193
2048,900,109079.15272347725,81142.94619253738,1.3442838575845195
2048,200,58667.68283716659,58164.57654757025,1.0086497026104002
512,100,17679.327631212516,16761.07212005239,1.0547850104446215
1024,300,73125.04543667223,71342.42663188108,1.024986798023976
128,400,112953.73184581399,93117.14843824577,1.2130282524783673
2048,1000,58676.89014369309,45809.33523320091,1.2808937271188832
1024,500,35838.86556443744,31663.06987732136,1.1318822117784286
4096,1000,318823.5863822797,318823.5863822797,1.0
128,600,98547.75578780792,55871.60268351879,1.7638254686557955
>>>>>>> a2683253b43fac3e70a11df0799a71278281a7a7
1024,300,30746.90512885161,27248.226586824265,1.1284002293095696
2048,800,103059.5391238463,86811.4173682552,1.187165723682017
2048,600,370329.99013737525,370329.8703327854,1.0000003235077681
4096,400,32984.071483653934,30788.555312709123,1.0713094897972861
1024,100,20769.26204959299,20722.565533660163,1.0022534138380201
8192,300,148542.84856807854,148542.84856807854,1.0
<<<<<<< HEAD
256,700,70713.10046972574,36575.40564901358,1.9333510924883712
512,400,30373.622358142376,28990.714279328946,1.0477017594492135
256,200,33859.37353864166,22182.883245990513,1.5263738785967615
4096,300,23670.10054418794,21519.631696399152,1.0999305600638427
1024,700,21586.958826778646,20241.050244316226,1.0664940092641861
1024,200,40389.769489112696,34123.56738045935,1.1836326793968688
512,100,13344.194099298318,13344.194099298318,1.0
2048,200,24882.517172980835,24882.517172980835,1.0
1024,900,47793.44948420831,47268.417986599445,1.0111074480588225
8192,400,206533.6195535207,206533.6195535207,1.0
256,500,135739.90232675668,118964.10663554122,1.1410156068553503
4096,500,34433.87820574358,34433.87820574358,1.0
1024,200,25791.90267332141,25789.8571929023,1.0000793133674146
128,800,237601.6931008839,205600.62385254813,1.1556467516912117
1024,400,19116.635823131855,17742.443550288524,1.077452255601004
4096,600,102007.14592153949,102007.14592153949,1.0
256,400,48166.13608244611,30799.159109877237,1.5638782835145428
8192,800,34006.585508365395,34002.287907534934,1.0001263915193632
256,900,274613.3815225707,230159.98859425177,1.193141271859748
1024,500,33869.91473994166,25362.56656300998,1.3354293090092553
4096,700,27244.570654558986,25871.051952994367,1.0530909490677145
2048,300,19296.06042391556,19296.06042391556,1.0
128,400,86636.25247987444,57575.34732942383,1.5047456333033542
128,500,101888.81060181311,58198.746717059876,1.7507045486246924
512,200,21810.808169755404,20173.677302438762,1.0811518318040476
128,300,75287.37820904709,42886.675174210075,1.755495801509957
512,700,114027.46048227588,107262.5973375693,1.0630682391870176
=======
256,700,72006.39589383351,36575.40564901358,1.968710793936895
512,400,29825.97897316182,28990.714279328946,1.028811456171276
256,200,32723.795119090668,22182.883245990513,1.4751822274953996
4096,300,23670.10054418794,21519.631696399152,1.0999305600638427
1024,700,20604.835108677795,20241.050244316226,1.0179726279007544
1024,200,40380.10254825113,34123.56738045935,1.183349387185542
512,100,13463.619184501606,13344.194099298318,1.008949591433893
2048,200,24882.517172980835,24882.517172980835,1.0
1024,900,47996.516586012876,47268.417986599445,1.0154034899077826
8192,400,206533.6195535207,206533.6195535207,1.0
256,500,130208.3693052382,118964.10663554122,1.0945181112833045
4096,500,34536.79047512306,34433.87820574358,1.0029886923791904
1024,200,25796.929123540187,25789.8571929023,1.000274213640851
128,800,237002.517199837,205600.62385254813,1.1527324808596375
1024,400,19290.106863255955,17742.443550288524,1.0872294342422897
4096,600,102007.14592153949,102007.14592153949,1.0
256,400,46966.93207072311,30799.159109877237,1.5249420253055186
8192,800,34002.287907534934,34002.287907534934,1.0
256,900,275968.5212613381,230159.98859425177,1.1990290881871828
1024,500,33755.60868362867,25362.56656300998,1.3309224285234413
4096,700,27263.42041677454,25871.051952994367,1.0538195534650079
2048,300,19296.06042391556,19296.06042391556,1.0
128,400,85484.12683332445,57575.34732942383,1.4847348873853492
128,500,99283.71204529662,58198.746717059876,1.7059424411315278
512,200,21878.01026287492,20173.677302438762,1.0844830089668442
128,300,80908.12580133072,42886.675174210075,1.886556266548377
512,700,116123.09792114301,107262.5973375693,1.0826056873831664
>>>>>>> a2683253b43fac3e70a11df0799a71278281a7a7
4096,700,85438.44490528817,85438.44490528817,1.0
2048,400,49285.71875470693,43244.960742362484,1.1396869810642922
8192,400,126599.04493294522,123287.74065024371,1.0268583418370476
8192,500,90247.07798795842,83700.2145046859,1.0782180012562095
<<<<<<< HEAD
256,900,96785.13124277853,48142.95380320393,2.0103696096091523
512,800,78630.70045894464,72564.78502388351,1.0835931014343203
512,900,153787.2812060203,107835.44573164219,1.4261292301673534
2048,700,96411.94825041256,84599.65574644411,1.1396257750666432
256,600,85344.95969504652,54695.76403720911,1.5603577570831078
1024,200,8844.855448264158,8778.22964733385,1.0075898904001155
8192,100,27048.854495395608,26872.954657817776,1.006545608393927
512,300,33956.56959246068,25922.78608210399,1.309912039736457
512,600,93107.11610614305,77283.67991443432,1.2047448595774406
512,200,42399.74838665736,36722.781297896625,1.1545897910811536
8192,500,107204.63278326692,73187.77810821602,1.4647887332329355
2048,100,15985.946914434076,15982.980607392092,1.0001855916061497
=======
256,900,95368.45282140294,48142.95380320393,1.9809431139444573
512,800,79488.41838944922,72564.78502388351,1.0954131313596107
512,900,154418.75572138967,107835.44573164219,1.4319851387796372
2048,700,96411.94825041256,84599.65574644411,1.1396257750666432
256,600,78909.17428512214,54695.76403720911,1.4426926047041015
1024,200,8781.34786584037,8778.22964733385,1.0003552217966256
8192,100,27048.854495395608,26872.954657817776,1.006545608393927
512,300,33981.469663101285,25922.78608210399,1.310872587362848
512,600,94066.78889916558,77283.67991443432,1.217162394483711
512,200,42321.50308621155,36722.781297896625,1.1524590891658744
8192,500,107204.63278326692,73187.77810821602,1.4647887332329355
2048,100,15988.819111982575,15982.980607392092,1.0003652951057065
>>>>>>> a2683253b43fac3e70a11df0799a71278281a7a7
8192,300,24280.001026100275,21017.690379287385,1.1552173710784057
8192,200,36645.349012206316,35921.64382160135,1.0201467726309832
8192,900,101158.61654056568,101158.61654056568,1.0
4096,1000,177645.49193167785,164826.80934945482,1.0777706165205547
<<<<<<< HEAD
256,300,37524.89094884648,17827.437375652476,2.104895401292811
2048,600,53770.55989013913,53722.666447453994,1.0008914941467393
512,500,58315.29325728987,50986.98493784023,1.1437289992413515
128,200,36768.26082217317,28752.091133108686,1.2788030147773732
2048,900,49240.41816818366,42308.40617125458,1.1638447917151478
2048,200,20983.392416218016,20983.392416218016,1.0
2048,400,42692.918385157594,42692.918385157594,1.0
128,1000,213633.5257066666,119877.02488971625,1.7821056695659898
1024,400,28494.51121058521,27677.385709128852,1.0295232183430838
8192,700,127778.93208582506,85672.54241504308,1.4914805663965984
512,100,26526.361407628392,26077.67380743252,1.01720581381258
2048,700,103268.91959984694,87919.86057306842,1.1745801111004064
4096,100,12506.156799285585,12506.156799285585,1.0
256,1000,177891.5027718807,154489.75373513065,1.1514776771336683
128,600,147100.07306820137,90318.97399063353,1.6286729860710805
256,700,80285.21309106445,41935.33336202956,1.9145004141962747
512,800,119227.0575855961,101845.3758611526,1.1706673629261306
2048,900,27833.173364250837,25632.20759839876,1.085867194911045
8192,800,36500.09774318068,35597.83621265971,1.02534596555619
128,300,57955.34554255118,30116.443643117553,1.9243754750503415
512,500,35810.19948634213,33191.11398476165,1.0789092376586975
128,700,189968.33436016133,103514.09104961141,1.8351929909630837
128,700,161721.26492828317,88156.94624075736,1.8344699065076624
512,700,159692.8298960391,156144.92700669277,1.0227218581952024
4096,400,34318.891360832946,33618.972390895855,1.0208191660886885
8192,100,17347.873752067557,17347.873752067557,1.0
1024,600,49718.10109802379,49110.74686009548,1.0123670332210282
128,900,175866.49750035335,102336.6893389555,1.7185087639278163
512,100,33666.649119706984,33641.93709583374,1.0007345600760993
512,1000,139142.09596875354,131821.8771527211,1.0555311377302847
4096,100,23406.310004142215,23406.310004142215,1.0
4096,700,58796.06304945136,58796.06304945136,1.0
1024,900,108500.74823880056,106758.6671591515,1.0163179358267187
512,400,201939.75223886696,199256.12813637196,1.0134682136383695
2048,200,44463.976038674446,44463.976038674446,1.0
512,400,43933.25040460235,36379.94568810993,1.2076227595623121
512,700,38009.50791096785,25871.051952994367,1.469190660666914
256,500,98159.02297179894,62646.179782811574,1.5668796295657144
2048,1000,578728.0008594855,578726.0804275025,1.000003318378155
128,600,122466.78169091778,65760.98539115372,1.8623014993232174
128,200,51082.57063927544,27814.232772578187,1.8365622757582336
256,300,40001.26880534749,19556.161831988105,2.0454560127395363
512,400,36889.713620706985,27854.974889369056,1.3243491967672198
256,1000,304012.1059837462,282352.83372106106,1.0767099517906114
4096,400,38263.14078125577,32569.65752594252,1.1748094296287352
1024,900,253777.05765987106,253619.1459229753,1.0006226333438712
1024,300,77306.4040908596,77306.4040908596,1.0
128,700,131268.5015785477,77115.47929902589,1.7022328431563787
8192,100,31888.171785391976,31888.171785391976,1.0
256,700,81080.84656698038,52221.72197707259,1.5526268284025198
128,1000,190943.01221503585,112135.50198644286,1.7027882234666483
128,600,138990.37388852748,78385.53990888693,1.7731634437944275
2048,1000,36673.01537310491,36609.43763730977,1.0017366487960018
8192,100,9768.925659236022,9768.925659236022,1.0
4096,900,92226.60692901938,92225.73944329564,1.0000094061129678
256,200,31381.56698482476,24001.323039952378,1.3074932132944213
2048,400,66503.6244481076,66503.6244481076,1.0
512,800,78692.24744918082,48425.21287150835,1.6250263609162263
4096,500,95840.79588635585,59644.592375848035,1.6068647981097577
256,1000,118999.56221506672,59696.58443065613,1.9934065466223994
256,300,52584.22136318523,42876.67356603513,1.2264062715172932
1024,400,74428.15428100078,60333.80288876994,1.2336062160413603
512,700,127649.0262138135,79385.89031895016,1.6079560952324858
1024,600,114564.06785184168,60935.422956383656,1.8800898113703801
1024,800,28994.264439842947,21523.526764125163,1.347096354495668
2048,200,27032.28717728225,27032.28717728225,1.0
512,800,109099.85356359574,106838.68689460534,1.0211643060647217
4096,900,155185.21938336626,117302.28488761534,1.3229513775630688
2048,100,7348.806094934624,7152.901243328333,1.0273881666951596
256,800,125610.47189565607,92708.63347505928,1.3548950856820485
8192,100,15423.483362375071,15423.483362375071,1.0
256,200,39237.02200793548,38240.07191018615,1.0260708217309542
128,700,245215.82365275102,188120.42398621296,1.3035045236274956
8192,600,129100.68041493383,129100.68041493383,1.0
256,100,9676.808369023272,9669.996324546642,1.000704451609701
256,600,72514.34976302438,60144.36411673883,1.2056715675350012
256,1000,99635.91661720863,53373.921035885694,1.866752801433099
1024,600,120242.51861391753,98570.30723941623,1.2198655150973805
128,700,146305.82389486296,81990.87854229896,1.7844158581540752
2048,700,112842.44142785326,112840.09344125881,1.0000208080880018
256,900,88188.16966022144,48180.01047654898,1.8303891756757904
8192,300,44731.78923694513,44731.78923694513,1.0
4096,800,211690.8134321658,194034.7845986657,1.0909941424679044
4096,700,127143.61860249727,79385.74559253757,1.6015925485550777
512,900,83480.32715820782,62743.09571777348,1.3305101733219074
128,400,86421.50399825348,45577.515792113525,1.8961433613985466
128,500,99206.71887227042,58953.46568758445,1.6827970623135606
256,100,25176.34304158998,22657.026405086697,1.1111936134716105
128,400,88635.22380443692,65575.75754197258,1.3516462047381586
256,1000,116598.07734360664,59303.79193163881,1.966115041648814
512,300,30710.163625644713,30136.71866331647,1.019028115460568
128,700,131728.70504167056,80281.32480017202,1.6408387052599847
512,900,52315.88526616478,28000.950357785674,1.868361059095922
128,1000,168700.18853542686,103156.1218404,1.635387076652946
2048,1000,86207.89464055133,86205.71645145744,1.000025267339378
256,100,73310.92496929507,72899.20165737675,1.005647843907172
1024,700,110951.13683086459,110859.18311471,1.0008294641325242
128,400,62455.19579398298,37234.73001022396,1.6773371467131346
4096,500,36089.9324301476,32672.0883644722,1.1046105173182619
512,500,32746.573719615175,18951.21109794996,1.7279409506001189
256,1000,111338.70638279662,61544.84579607809,1.8090662986093893
2048,600,38332.61620791499,29865.350306368007,1.283514702311781
512,1000,64446.101876202374,49861.11429733623,1.292512267012158
512,600,51805.047568302885,42366.510409600676,1.2227829733308255
128,500,98743.93446444497,57751.23288601085,1.7098151767486134
1024,700,39780.17130185685,36367.46158537439,1.0938396458733024
256,700,76545.33571131945,36804.73990335795,2.0797684187502083
128,600,122923.95094794208,66694.55216133053,1.8430883327711034
256,500,73491.41282232245,36276.16196639806,2.0258872173521607
2048,200,21053.7369850466,18018.92824454402,1.1684233767577987
128,500,94701.53819823073,67322.36886313646,1.4066875512172627
8192,500,25394.86628937575,25394.86628937575,1.0
4096,300,20386.1047751957,20366.163083435094,1.0009791580121847
128,1000,218978.7323203708,118390.41659287378,1.8496322474597295
256,200,23639.490132870567,17417.097389354636,1.357257733847149
1024,1000,127039.41839049454,126915.44900670389,1.0009767871820248
1024,100,9719.306867957976,9719.306867957976,1.0
256,200,25238.88601000153,12853.18145079113,1.963629480111949
2048,200,25331.915035220532,24576.88970803912,1.0307209470421492
8192,400,20995.527399298804,20821.733470226685,1.0083467560143649
4096,1000,121946.34297082614,119739.81211684954,1.0184277126794163
128,200,59971.42980593929,38161.73671411596,1.571506827773799
1024,1000,82301.77246242741,71753.33995595953,1.1470096376411503
256,1000,111147.55487451334,60202.342442558154,1.8462330594621692
4096,1000,121905.96704247322,120557.43492411824,1.0111858063271153
1024,700,36032.17775489995,27791.12101437876,1.2965355998506638
512,600,42103.3595663355,39588.435453367885,1.0635267366382792
1024,300,48246.6690909134,45111.95494347674,1.0694874374512102
512,800,219103.39886231814,205909.12032910428,1.064078164736586
512,300,27870.134985292818,17754.018043071766,1.5697930979724735
4096,300,40149.01121804975,27038.37020234757,1.484890210378282
4096,600,109463.22251769836,94912.1411777341,1.1533110638892412
4096,900,144283.235105093,140681.77176184164,1.0256000709839526
8192,300,22794.32095025831,22793.463249481996,1.00003762924339
4096,300,84396.74424018276,84396.74424018276,1.0
4096,200,25047.251795855973,22891.533499154106,1.0941709867004552
256,1000,261394.5901999873,185455.41127141757,1.409474053132002
256,600,75020.50321311539,60947.46333963169,1.2309044396985191
1024,100,25357.935069268617,22966.616877245033,1.1041214822716385
512,600,57432.45607242756,45650.69479994113,1.2580850373497847
=======
256,300,33862.555688305016,17827.437375652476,1.899462888286582
2048,600,53750.33944618941,53722.666447453994,1.0005151084368176
512,500,58731.33194220497,50986.98493784023,1.1518887028485034
128,200,35170.36787404579,28752.091133108686,1.2232281718649087
2048,900,49151.94684519993,42308.40617125458,1.1617536866372202
2048,200,20983.392416218016,20983.392416218016,1.0
2048,400,42692.918385157594,42692.918385157594,1.0
128,1000,212378.24748037316,119877.02488971625,1.7716342866846724
1024,400,28354.35675755463,27677.385709128852,1.0244593566581865
8192,700,127778.93208582506,85672.54241504308,1.4914805663965984
512,100,26333.1155544254,26077.67380743252,1.0097954192110523
2048,700,103268.91959984694,87919.86057306842,1.1745801111004064
4096,100,12506.156799285585,12506.156799285585,1.0
256,1000,174024.08216402566,154489.75373513065,1.1264441683452107
128,600,147037.66502708118,90318.97399063353,1.627982012310388
256,700,82123.37180338516,41935.33336202956,1.9583335869637786
512,800,113613.63242162687,101845.3758611526,1.115550229560919
2048,900,27832.316133791537,25632.20759839876,1.085833751421794
8192,800,36500.99305833028,35597.83621265971,1.0253711163868262
128,300,53011.956104111014,30116.443643117553,1.7602329389322078
512,500,36822.24903361712,33191.11398476165,1.1094008188614144
128,700,188586.4214533747,103514.09104961141,1.8218429929794824
128,700,153797.53687092807,88156.94624075736,1.7445878450792263
512,700,158014.87205532438,156144.92700669277,1.011975701577237
4096,400,34322.62906368675,33618.972390895855,1.0209303444676805
8192,100,17347.873752067557,17347.873752067557,1.0
1024,600,49508.44885093842,49110.74686009548,1.0080980644007693
128,900,177033.52496659776,102336.6893389555,1.7299125671364488
512,100,33641.93709583374,33641.93709583374,1.0
512,1000,141106.9642371436,131821.8771527211,1.0704366170849269
4096,100,23406.310004142215,23406.310004142215,1.0
4096,700,58796.06304945136,58796.06304945136,1.0
1024,900,108356.3733770647,106758.6671591515,1.0149655879042718
512,400,201939.75223886696,199256.12813637196,1.0134682136383695
2048,200,44463.976038674446,44463.976038674446,1.0
512,400,45029.326863616756,36379.94568810993,1.2377513493191856
512,700,46985.94719770085,25871.051952994367,1.8161591296353377
256,500,91170.06169094452,62646.179782811574,1.4553171798667144
2048,1000,578728.0008594855,578726.0804275025,1.000003318378155
128,600,116256.25812568901,65760.98539115372,1.767860646159478
128,200,48530.44004496852,27814.232772578187,1.7448059934557771
256,300,32973.45775953411,19556.161831988105,1.6860904528617304
512,400,35045.01832405287,27854.974889369056,1.2581242116799725
256,1000,303607.98303603753,282352.83372106106,1.0752786824727767
4096,400,38263.14078125577,32569.65752594252,1.1748094296287352
1024,900,253845.6723788153,253619.1459229753,1.0008931756907218
1024,300,77306.4040908596,77306.4040908596,1.0
128,700,127068.85425492539,77115.47929902589,1.6477736429828622
8192,100,31888.171785391976,31888.171785391976,1.0
256,700,85867.36593624463,52221.72197707259,1.6442844602853925
128,1000,190732.18470293246,112135.50198644286,1.7009081096011136
128,600,146427.35847190535,78385.53990888693,1.8680404401386819
2048,1000,36636.2424327178,36609.43763730977,1.0007321826593893
8192,100,9768.925659236022,9768.925659236022,1.0
4096,900,92225.73944329564,92225.73944329564,1.0
256,200,35684.63808073211,24001.323039952378,1.486777958920506
2048,400,66503.6244481076,66503.6244481076,1.0
512,800,78239.15354792163,48425.21287150835,1.6156697907662625
4096,500,95840.79588635585,59644.592375848035,1.6068647981097577
256,1000,112481.93073618229,59696.58443065613,1.8842272436347158
256,300,49565.67958931766,42876.67356603513,1.1560057128261283
1024,400,74428.15428100078,60333.80288876994,1.2336062160413603
512,700,127577.06457591828,79385.89031895016,1.6070496162901184
1024,600,114350.55959190287,60935.422956383656,1.876585966651166
1024,800,26503.798677515028,21523.526764125163,1.231387354310858
2048,200,27032.28717728225,27032.28717728225,1.0
512,800,107696.70992573892,106838.68689460534,1.0080310143832074
4096,900,155185.21938336626,117302.28488761534,1.3229513775630688
2048,100,7348.806094934624,7152.901243328333,1.0273881666951596
256,800,124986.59713622284,92708.63347505928,1.348165671861047
8192,100,15423.483362375071,15423.483362375071,1.0
256,200,40334.25363482484,38240.07191018615,1.0547640634556668
128,700,245258.01645722418,188120.42398621296,1.3037288097713342
8192,600,129100.68041493383,129100.68041493383,1.0
256,100,9887.935380444713,9669.996324546642,1.0225376565392115
256,600,79744.91940708115,60144.36411673883,1.3258918034663747
256,1000,98526.44102792101,53373.921035885694,1.8459659533291033
1024,600,120179.9802572949,98570.30723941623,1.219231060783763
128,700,148284.70378314142,81990.87854229896,1.808551224471166
2048,700,112842.44142785326,112840.09344125881,1.0000208080880018
256,900,86324.80961161251,48180.01047654898,1.7917142142098543
8192,300,44731.78923694513,44731.78923694513,1.0
4096,800,211690.8134321658,194034.7845986657,1.0909941424679044
4096,700,127143.61860249727,79385.74559253757,1.6015925485550777
512,900,84929.64539086798,62743.09571777348,1.3536094197980357
128,400,77706.68561165578,45577.515792113525,1.7049346429078898
128,500,97970.36294586342,58953.46568758445,1.6618253363600963
256,100,22958.68628542649,22657.026405086697,1.0133141867315858
128,400,91170.68532462926,65575.75754197258,1.3903108212859658
256,1000,114926.85259871122,59303.79193163881,1.9379343015905413
512,300,30693.07792825453,30136.71866331647,1.0184611759214277
128,700,128927.6331311285,80281.32480017202,1.6059480016310375
512,900,49140.591985249914,28000.950357785674,1.7549615765661453
128,1000,169814.3189209851,103156.1218404,1.6461875058051971
2048,1000,86219.0466397003,86205.71645145744,1.000154632300404
256,100,73114.93433516125,72899.20165737675,1.00295932839976
1024,700,111115.50532481607,110859.18311471,1.0023121423314192
128,400,62217.43946869561,37234.73001022396,1.6709518090130333
4096,500,36094.45927641326,32672.0883644722,1.1047490712489185
512,500,32601.387243658624,18951.21109794996,1.7202798847607828
256,1000,110803.34923501677,61544.84579607809,1.8003676473924588
2048,600,38332.61620791499,29865.350306368007,1.283514702311781
512,1000,64105.897833982235,49861.11429733623,1.2856892337323278
512,600,49648.782295495075,42366.510409600676,1.17188746053166
128,500,101846.7616293422,57751.23288601085,1.7635426386544324
1024,700,39781.52319063807,36367.46158537439,1.093876818904421
256,700,76997.94557267384,36804.73990335795,2.092066015813599
128,600,122497.8620428032,66694.55216133053,1.8366996714587343
256,500,68424.98737132885,36276.16196639806,1.8862245524956487
2048,200,21053.7369850466,18018.92824454402,1.1684233767577987
128,500,94484.15270574768,67322.36886313646,1.403458527994313
8192,500,25394.86628937575,25394.86628937575,1.0
4096,300,20371.51837009776,20366.163083435094,1.0002629502003262
128,1000,212706.06825555372,118390.41659287378,1.7966493773479724
256,200,26202.49399670381,17417.097389354636,1.5044122112286533
1024,1000,127038.91083540334,126915.44900670389,1.00097278802278
1024,100,9719.306867957976,9719.306867957976,1.0
256,200,21647.490817110982,12853.18145079113,1.6842126519406253
2048,200,25290.49146014774,24576.88970803912,1.0290354784753417
8192,400,20992.29948599402,20821.733470226685,1.0081917298581902
4096,1000,121949.31828080749,119739.81211684954,1.0184525608057726
128,200,47277.338222492006,38161.73671411596,1.2388675750441986
1024,1000,81640.96503432658,71753.33995595953,1.1378002067142219
256,1000,113373.07560715792,60202.342442558154,1.8832004039599028
4096,1000,121905.96704247322,120557.43492411824,1.0111858063271153
1024,700,36026.5931949167,27791.12101437876,1.2963346522177717
512,600,39659.98559244966,39588.435453367885,1.0018073495014992
1024,300,48233.86824540067,45111.95494347674,1.0692036801738154
512,800,219171.48376634283,205909.12032910428,1.0644088198523762
512,300,25039.7494068027,17754.018043071766,1.4103708437186184
4096,300,40149.01121804975,27038.37020234757,1.484890210378282
4096,600,109463.22251769836,94912.1411777341,1.1533110638892412
4096,900,144283.235105093,140681.77176184164,1.0256000709839526
8192,300,22803.33187158203,22793.463249481996,1.0004329584316354
4096,300,84396.74424018276,84396.74424018276,1.0
4096,200,25049.279070144945,22891.533499154106,1.09425954670405
256,1000,262283.0510645709,185455.41127141757,1.4142647511142967
256,600,80522.2473594032,60947.46333963169,1.3211747125666313
1024,100,25357.935069268617,22966.616877245033,1.1041214822716385
512,600,57679.685992391074,45650.69479994113,1.263500725348554
>>>>>>> a2683253b43fac3e70a11df0799a71278281a7a7
2048,800,326585.7313649922,326585.71281524695,1.0000000567990104
4096,400,31869.395781747382,23356.891524972118,1.3644536451982099
2048,100,15423.483362375071,15423.483362375071,1.0
4096,1000,209151.8103052296,206016.54078620241,1.0152185329734318
<<<<<<< HEAD
4096,600,39589.99517087296,39588.435453367885,1.0000393983113303
8192,400,62025.547349404296,51713.80244658222,1.1994002454852086
8192,100,10046.708265968835,10046.708265968835,1.0
512,500,51022.6941699971,49634.30850272633,1.027972297975996
2048,400,65093.08835076349,65093.08835076349,1.0
2048,200,29139.908868514107,18668.090115124316,1.560947514652602
2048,600,25578.776100939434,21988.935751463338,1.1632566664458601
1024,500,20492.809593318365,18951.21109794996,1.081345645267767
512,700,50848.219202243774,45768.474478069315,1.1109878531478803
1024,800,82667.54554808678,73049.88481197703,1.1316588076882617
256,300,90413.41040603397,84846.08854279631,1.0656167179755083
128,200,44548.1180597102,27229.664207085396,1.6360142277523346
4096,400,119390.3076755318,119390.3076755318,1.0
2048,600,46767.65031318315,46223.89145421828,1.011763588954933
2048,1000,46059.72543747768,39591.47510076323,1.1633748255212082
128,900,392418.30995796487,338702.04289260175,1.158594458440854
256,800,111517.67845212437,83720.49717761383,1.3320236048710814
256,500,181582.11433997125,168436.94284215264,1.078042092643164
8192,400,24899.221636715407,24898.237602795067,1.000039522231896
256,300,34301.29287722748,17418.244921114812,1.96927377198874
4096,1000,149810.49391361658,101937.33712569342,1.4696331897398238
1024,300,39197.35040523651,35881.381746181236,1.0924147426236779
8192,1000,71265.15061288126,71261.14520805598,1.0000562074158867
1024,700,62858.30838287287,62690.77299864583,1.0026724089720613
8192,600,57412.70684815128,57412.70684815128,1.0
512,600,80555.8300122766,57983.443607786474,1.3892902007886079
256,1000,99074.94715022299,55640.122759479964,1.7806385434931953
1024,300,51809.759771848534,51521.92639179481,1.0055866191389062
1024,300,44982.592596768416,44731.78923694513,1.0056068260201885
8192,500,50705.354043764484,35523.310698868714,1.427382556586407
8192,200,8778.22964733385,8778.22964733385,1.0
256,800,86321.1749598795,46494.13725231726,1.8566034356423564
128,200,49980.7821594804,40631.50178593928,1.230099306267249
1024,100,23654.38940429944,23406.310004142215,1.010598825706116
256,900,121813.60979914555,109178.41073047477,1.1157298314211852
512,500,34008.52222198984,27177.07231873392,1.2513681320466152
512,500,91399.28093009243,83700.2145046859,1.0919838314748347
4096,700,55637.18605184008,50507.556653425,1.1015616224244185
8192,900,26715.444421102962,26705.78819422772,1.0003615780521067
8192,200,25047.251795855973,22891.533499154106,1.0941709867004552
256,600,79980.9481270188,49150.780725377634,1.627256921388491
256,700,75416.27753121831,38442.1107621229,1.9618141677466403
512,700,126124.62065582653,117219.7735553616,1.0759671071729147
4096,400,71964.50192064916,61717.64616532399,1.1660279740396573
2048,300,62461.85801432151,60345.735579996704,1.035066644129635
256,200,20168.13981465941,11203.919044831486,1.800096888772437
256,700,111292.72607585783,91180.96638460988,1.2205697141486158
128,300,60949.68460282547,35497.12014444446,1.7170318142657697
128,1000,201404.92954251036,117138.12384079055,1.7193798478132694
2048,500,147480.780579358,147480.7458449727,1.0000002355181017
2048,1000,90514.12513589731,90498.72860811553,1.0001701297688772
128,700,165022.92470326374,85497.95080545712,1.9301389465901764
256,800,184869.18137717884,172736.1432098089,1.0702402979591417
1024,100,19114.89517428287,17055.23313554162,1.1207642265791777
128,600,113525.49394893827,60795.15345049714,1.8673444757628115
256,900,116222.64136527554,67774.43745665345,1.714844795865818
256,700,66677.4084667844,41611.35817859911,1.6023848147565838
128,700,137824.11833275465,79467.31686824554,1.7343497146287568
512,400,208475.65885822006,206581.12796171213,1.0091708807827744
1024,500,105737.89594150348,96130.13367832509,1.09994537504055
128,800,153820.68143808062,85356.69591600649,1.8020927331752006
4096,700,54060.60321471926,52975.489317583066,1.0204833199487982
1024,400,25616.857620996154,25570.574939108395,1.001809997702358
4096,800,55209.45612826473,42204.59269378442,1.308138584083423
512,600,105423.40656528603,86768.76873065204,1.2149925383007543
1024,400,165985.73904855567,165750.015347174,1.0014221639792187
1024,300,19395.916522756525,19296.06042391556,1.005174947458042
4096,900,240351.63869457183,236191.38873228242,1.017613893481125
512,1000,71311.11415273101,41869.496402295794,1.703175826801224
2048,500,35497.27233365129,35496.811911768345,1.0000129707953518
2048,200,17264.052041610656,17264.052041610656,1.0
1024,600,370530.02784531395,370329.8703327854,1.0005404843858494
8192,100,42240.77972062386,42240.77972062386,1.0
2048,900,64886.8690313827,52808.3450619316,1.228723773776396
2048,100,16755.433804020933,16755.433804020933,1.0
1024,600,65784.93262294169,65224.14081258479,1.0085979179391307
8192,800,64186.63959957908,37633.65937538682,1.7055646637849533
8192,100,10684.936517822294,10684.936517822294,1.0
8192,400,33068.981083349136,33065.00032101046,1.0001203920248005
4096,500,46851.32865794357,39732.50716487814,1.1791686958873357
256,100,25502.13160943957,21991.561029855697,1.159632623387577
4096,500,177215.37734444547,168416.85806467704,1.0522425093359093
8192,700,31030.04245710122,27178.2605478337,1.1417229002749603
128,700,119461.88053424777,66112.1861711238,1.8069570445762362
1024,300,69843.82327612938,69759.15177939474,1.00121376901202
8192,500,29198.94987217072,25733.754935474775,1.1346556281966869
128,400,69658.07223223992,41136.22764878972,1.693351000168567
4096,800,217796.08409256104,205904.23331794323,1.057754280147583
128,500,121835.3785936282,57987.80143842503,2.10105186903836
128,500,243004.7652672799,221529.7019201307,1.096939882828406
4096,900,56606.13939161524,56582.92351860468,1.0004102982236844
2048,200,20440.950739668293,20330.555626091365,1.0054300096665951
256,800,109655.76304941127,64365.04481652209,1.7036539531976422
4096,600,109135.86023568563,90097.16084726775,1.21131297822683
4096,400,35053.10290940029,26546.468859735378,1.3204431479987695
8192,200,14764.440789441054,14764.440789441054,1.0
128,500,113848.86295337441,87204.24932258134,1.3055426064414675
512,100,17830.06339531016,17734.942567173664,1.005363469758992
256,300,31505.75917175778,17384.468310224045,1.8122935145062107
1024,1000,56423.143046303696,52314.885183268474,1.0785294252036157
8192,600,37431.907055873475,37431.907055873475,1.0
128,500,100750.47912371566,58407.96924960856,1.7249440516097188
4096,300,26624.53624626503,26379.630010700643,1.0092839147275774
1024,300,22138.306467752813,20808.7058656712,1.063896361968146
512,500,40121.97202861255,25985.590155750757,1.544008498099603
128,100,33174.885276836016,26334.026394242417,1.2597726143423802
1024,200,12985.093641101299,12852.994725313132,1.0102776760289185
128,100,43411.66845812803,37075.777084129346,1.1708903190247852
512,100,17595.879728610373,17587.547381984677,1.00047376399021
4096,700,26317.07376874304,18573.466244444164,1.416917737507139
256,1000,223225.41555405778,209656.4276123502,1.0647201142184695
8192,100,22145.94390660765,21991.561029855697,1.0070200963243292
1024,400,35507.3886442098,35230.280282919535,1.0078656303346134
1024,500,155928.73321204822,137454.56157220542,1.1344020265936263
128,600,123695.27112112255,68626.08174271135,1.802452769850291
256,1000,171369.12043070904,162325.13891493177,1.0557152242482717
8192,600,187251.6976331226,175112.73155290165,1.0693208653224267
512,300,81488.94300431706,81292.85491094316,1.0024121196578557
512,300,70041.80590382715,70018.5887807258,1.0003315851334003
2048,900,56788.09071341433,48708.8308539422,1.1658684825283225
8192,700,131022.17168535515,122288.61167366114,1.0714176070213337
128,900,195624.06864141536,109027.86800752781,1.7942574886258302
1024,600,145009.92166427837,144998.64652732457,1.000077760291036
=======
4096,600,39588.435453367885,39588.435453367885,1.0
8192,400,62025.547349404296,51713.80244658222,1.1994002454852086
8192,100,10046.708265968835,10046.708265968835,1.0
512,500,51294.73362151356,49634.30850272633,1.033453173195634
2048,400,65093.08835076349,65093.08835076349,1.0
2048,200,29139.908868514107,18668.090115124316,1.560947514652602
2048,600,25633.770037920494,21988.935751463338,1.1657576486490302
1024,500,20381.667253844767,18951.21109794996,1.0754809889722323
512,700,51184.09621591112,45768.474478069315,1.1183264637853898
1024,800,82607.44014142608,73049.88481197703,1.1308360082161557
256,300,90730.19839548822,84846.08854279631,1.0693503961555513
128,200,41393.691455612476,27229.664207085396,1.5201690017477878
4096,400,119390.3076755318,119390.3076755318,1.0
2048,600,46936.292549858066,46223.89145421828,1.0154119671284139
2048,1000,45963.290036278464,39591.47510076323,1.160939063758006
128,900,390930.42400250555,338702.04289260175,1.1542015532704206
256,800,107434.63514205835,83720.49717761383,1.28325366862233
256,500,181185.05974201777,168436.94284215264,1.0756848033736386
8192,400,24898.237602795067,24898.237602795067,1.0
256,300,35017.63869209217,17418.244921114812,2.010399948484072
4096,1000,149810.49391361658,101937.33712569342,1.4696331897398238
1024,300,39168.55073716578,35881.381746181236,1.0916121071991434
8192,1000,71263.71861363675,71261.14520805598,1.0000361123242303
1024,700,62861.48258098856,62690.77299864583,1.002723041592523
8192,600,57412.70684815128,57412.70684815128,1.0
512,600,79831.41857197887,57983.443607786474,1.3767967820603617
256,1000,100629.74486233787,55640.122759479964,1.808582365954478
1024,300,51805.433804165776,51521.92639179481,1.0055026555143736
1024,300,44829.573278350814,44731.78923694513,1.0021860078274025
8192,500,50705.354043764484,35523.310698868714,1.427382556586407
8192,200,8778.22964733385,8778.22964733385,1.0
256,800,95360.03762917423,46494.13725231726,2.0510120902269566
128,200,49600.693633810886,40631.50178593928,1.220744778155737
1024,100,23653.167529953604,23406.310004142215,1.0105466229306415
256,900,120646.0628145812,109178.41073047477,1.1050358949849182
512,500,33325.43782256064,27177.07231873392,1.226233548327738
512,500,92738.28276347103,83700.2145046859,1.1079814228944318
4096,700,55637.18605184008,50507.556653425,1.1015616224244185
8192,900,26705.78819422772,26705.78819422772,1.0
8192,200,25047.251795855973,22891.533499154106,1.0941709867004552
256,600,76368.55927227595,49150.780725377634,1.5537608588350496
256,700,77742.83968922409,38442.1107621229,2.022335354327741
512,700,125627.83402180464,117219.7735553616,1.0717290284004175
4096,400,71964.50192064916,61717.64616532399,1.1660279740396573
2048,300,62463.09384247436,60345.735579996704,1.0350871232594523
256,200,22096.50106291638,11203.919044831486,1.9722117746923373
256,700,110015.15018874356,91180.96638460988,1.2065582824017165
128,300,58293.4822869127,35497.12014444446,1.6422031435143345
128,1000,200831.85090416315,117138.12384079055,1.7144875154149282
2048,500,147480.780579358,147480.7458449727,1.0000002355181017
2048,1000,90510.96593755504,90498.72860811553,1.0001352210094852
128,700,145287.5937044378,85497.95080545712,1.699310829507793
256,800,183604.78632020482,172736.1432098089,1.062920491962094
1024,100,19684.02365733455,17055.23313554162,1.15413395413017
128,600,107178.49810783424,60795.15345049714,1.7629447747854612
256,900,111033.79528725409,67774.43745665345,1.6382842772877024
256,700,65009.803281541535,41611.35817859911,1.562309093649732
128,700,138949.05535350312,79467.31686824554,1.7485056854741496
512,400,208475.65885822006,206581.12796171213,1.0091708807827744
1024,500,105737.89594150348,96130.13367832509,1.09994537504055
128,800,146333.10856672766,85356.69591600649,1.7143717548617834
4096,700,54060.60321471926,52975.489317583066,1.0204833199487982
1024,400,25703.267303176497,25570.574939108395,1.0051892600922774
4096,800,55210.4945154979,42204.59269378442,1.3081631877383073
512,600,90077.45442441561,86768.76873065204,1.0381322190249629
1024,400,165985.73904855567,165750.015347174,1.0014221639792187
1024,300,19309.31056600937,19296.06042391556,1.0006866760262314
4096,900,240351.63869457183,236191.38873228242,1.017613893481125
512,1000,61924.85818868577,41869.496402295794,1.4789969669969638
2048,500,35497.74199397985,35496.811911768345,1.0000262018519808
2048,200,17264.052041610656,17264.052041610656,1.0
1024,600,370530.02784531395,370329.8703327854,1.0005404843858494
8192,100,42240.77972062386,42240.77972062386,1.0
2048,900,64749.77693880928,52808.3450619316,1.2261277429329251
2048,100,16755.433804020933,16755.433804020933,1.0
1024,600,65224.14081258479,65224.14081258479,1.0
8192,800,64186.63959957908,37633.65937538682,1.7055646637849533
8192,100,10684.936517822294,10684.936517822294,1.0
8192,400,33065.00032101046,33065.00032101046,1.0
4096,500,46851.32865794357,39732.50716487814,1.1791686958873357
256,100,24293.902456418793,21991.561029855697,1.1046920417990085
4096,500,177215.37734444547,168416.85806467704,1.0522425093359093
8192,700,31025.81872338453,27178.2605478337,1.141567491737712
128,700,119641.35959410647,66112.1861711238,1.8096718097391085
1024,300,69847.18016379281,69759.15177939474,1.0012618901198291
8192,500,29224.543350887856,25733.754935474775,1.135650177137613
128,400,74479.14196222513,41136.22764878972,1.8105486628017629
4096,800,217796.08409256104,205904.23331794323,1.057754280147583
128,500,121479.03001167385,57987.80143842503,2.094906635504498
128,500,240875.9341000736,221529.7019201307,1.0873301955099361
4096,900,56653.78807211107,56582.92351860468,1.0012524017689381
2048,200,20346.044821888623,20330.555626091365,1.0007618678053924
256,800,106902.0974303844,64365.04481652209,1.660871948976618
4096,600,109135.86023568563,90097.16084726775,1.21131297822683
4096,400,35053.10290940029,26546.468859735378,1.3204431479987695
8192,200,14764.440789441054,14764.440789441054,1.0
128,500,111004.23308989829,87204.24932258134,1.2729222939501184
512,100,17816.409856886505,17734.942567173664,1.0045936032442322
256,300,34756.501837522854,17384.468310224045,1.9992847188246807
1024,1000,56155.17135349172,52314.885183268474,1.0734071413283244
8192,600,37431.907055873475,37431.907055873475,1.0
128,500,102941.3744484224,58407.96924960856,1.762454263877909
4096,300,26624.53624626503,26379.630010700643,1.0092839147275774
1024,300,23239.046694817913,20808.7058656712,1.1167944246430108
512,500,40209.777615788254,25985.590155750757,1.547387508799357
128,100,34380.72274161781,26334.026394242417,1.305562705334521
1024,200,12990.70038220254,12852.994725313132,1.0107138966312812
128,100,43411.66845812803,37075.777084129346,1.1708903190247852
512,100,17595.879728610373,17587.547381984677,1.00047376399021
4096,700,26316.613503850327,18573.466244444164,1.4168929567318838
256,1000,224783.91184302283,209656.4276123502,1.0721536868816777
8192,100,22145.94390660765,21991.561029855697,1.0070200963243292
1024,400,35459.14618525678,35230.280282919535,1.0064962838927003
1024,500,155930.8313861909,137454.56157220542,1.1344172910862607
128,600,130507.02354064744,68626.08174271135,1.9017117140672009
256,1000,171995.15695521844,162325.13891493177,1.0595719067602607
8192,600,187251.6976331226,175112.73155290165,1.0693208653224267
512,300,81417.10881384693,81292.85491094316,1.0015284726196403
512,300,70186.90054937727,70018.5887807258,1.0024038154950332
2048,900,56753.127136662784,48708.8308539422,1.1651506747686498
8192,700,131022.17168535515,122288.61167366114,1.0714176070213337
128,900,191157.5332572037,109027.86800752781,1.7532905737825237
1024,600,145008.63320452147,144998.64652732457,1.0000688742787334
>>>>>>> a2683253b43fac3e70a11df0799a71278281a7a7
8192,800,75864.44768908159,72564.30205494602,1.045478913745173
2048,600,88738.50660583671,77257.17482380915,1.1486118513680006
8192,900,81218.41684920517,62739.76887384828,1.2945284674623547
8192,500,44576.14394763512,44576.14394763512,1.0
<<<<<<< HEAD
512,800,100241.8810038698,76638.84971024984,1.30797736895656
128,300,58194.32455558818,33498.244300831684,1.7372350632162339
8192,500,194192.53228838427,194192.53228838427,1.0
8192,1000,59621.89603396059,55734.051128954416,1.069757084336301
128,100,23962.160937888995,16571.57534387376,1.445979663408851
2048,600,38888.55219463944,38888.55219463944,1.0
8192,500,95840.79588635585,59644.592375848035,1.6068647981097577
512,400,21294.298011919225,20821.733470226685,1.0226957348372683
1024,300,27711.35792744811,27498.558447783562,1.0077385685532798
2048,1000,146820.60205634765,146820.54879419197,1.0000003627704441
512,400,49911.98287976702,43244.960742362484,1.1541687637809221
1024,800,67278.43469059271,48658.058952929256,1.3826781449641548
8192,1000,131795.2356400754,131795.2356400754,1.0
4096,500,71233.84219990608,50105.57823296487,1.4216748855527777
2048,300,33351.3069402141,23136.448596413335,1.4415050262028672
2048,300,36026.845560572976,22146.00515886802,1.6267875538783838
128,100,27724.04684877162,17055.23313554162,1.625544876956101
1024,400,25636.772863982056,25217.910930007634,1.0166096999524257
512,700,210103.0483191609,185615.93158269516,1.1319235721183571
512,200,21579.51750135106,20395.27794022972,1.0580643992492706
1024,500,67101.9135973603,66624.56129320196,1.0071648097172092
8192,300,30387.96483767547,25368.022265529136,1.1978846643858236
512,200,22028.2300564132,20983.392416218016,1.0497935519419457
4096,800,64364.434011798745,57706.6904436543,1.1153721261253957
2048,200,13445.471928873603,13077.143533780867,1.0281658142040937
256,700,124540.01726519631,110869.26045606905,1.1233052042819764
128,1000,177946.79681346714,109034.07151832568,1.632029276129151
=======
512,800,100906.6392503352,76638.84971024984,1.316651275845542
128,300,60094.98087806024,33498.244300831684,1.7939740464716898
8192,500,194192.53228838427,194192.53228838427,1.0
8192,1000,59620.46966727884,55734.051128954416,1.0697314919622878
128,100,24255.216956050786,16571.57534387376,1.4636639216691938
2048,600,38890.77485295932,38888.55219463944,1.0000571545659185
8192,500,95840.79588635585,59644.592375848035,1.6068647981097577
512,400,21482.815678428873,20821.733470226685,1.0317496239757118
1024,300,28848.74811251885,27498.558447783562,1.0491003798362426
2048,1000,146820.60205634765,146820.54879419197,1.0000003627704441
512,400,49850.65390176806,43244.960742362484,1.152750587490641
1024,800,67344.1572155394,48658.058952929256,1.3840288467052635
8192,1000,131795.2356400754,131795.2356400754,1.0
4096,500,71233.84219990608,50105.57823296487,1.4216748855527777
2048,300,33394.48530590582,23136.448596413335,1.4433712748413217
2048,300,35998.19940168487,22146.00515886802,1.6254940402770544
128,100,23438.90945995932,17055.23313554162,1.3742942869021633
1024,400,25488.89828706986,25217.910930007634,1.0107458289393738
512,700,210116.97288681188,185615.93158269516,1.1319985902891156
512,200,21971.82708113328,20395.27794022972,1.0772997134691562
1024,500,67651.96995539773,66624.56129320196,1.0154208694549498
8192,300,30387.96483767547,25368.022265529136,1.1978846643858236
512,200,21674.383877613152,20983.392416218016,1.032930397892243
4096,800,64364.434011798745,57706.6904436543,1.1153721261253957
2048,200,13425.033661097546,13077.143533780867,1.026602914192844
256,700,119253.39399427662,110869.26045606905,1.0756218044904313
128,1000,173789.95908046316,109034.07151832568,1.593905067107888
>>>>>>> a2683253b43fac3e70a11df0799a71278281a7a7
4096,700,73696.69892425905,55459.99725740356,1.3288262273475142
4096,100,9732.32942883104,9732.32942883104,1.0
2048,100,30604.556396122767,30604.556396122767,1.0
4096,500,64104.02639356487,64104.02639356487,1.0
2048,800,88770.72773162769,86685.18505562302,1.0240588132178117
<<<<<<< HEAD
128,400,72140.7836648125,43295.9730501957,1.6662238675447996
2048,400,64284.04050394998,60976.254062611086,1.0542471244288378
2048,600,145007.96428849755,144998.64652732457,1.0000642610217139
512,500,36220.4606111358,25759.53690717348,1.4060990592206328
2048,1000,96480.40423769936,83534.45135846849,1.1549774095441934
1024,900,40842.7432506315,40551.107961236245,1.0071917958363563
256,700,93742.00548116131,61540.66731447565,1.523252989801611
512,600,40044.08421348857,27028.610176991602,1.4815443321453698
256,700,136928.3500328081,113100.77405254016,1.2106756225134145
128,600,116427.76261745872,72562.56792254497,1.6045154678337255
4096,100,22957.522857706463,22952.360678378518,1.0002249084266441
=======
128,400,76305.99683232576,43295.9730501957,1.7624271140380539
2048,400,64284.04050394998,60976.254062611086,1.0542471244288378
2048,600,145007.96428849755,144998.64652732457,1.0000642610217139
512,500,35416.10843463044,25759.53690717348,1.3748736463025395
2048,1000,96480.40423769936,83534.45135846849,1.1549774095441934
1024,900,40817.117889911635,40551.107961236245,1.0065598683254149
256,700,92764.91112403476,61540.66731447565,1.5073757755989512
512,600,42494.88796640487,27028.610176991602,1.572218759608258
256,700,138260.89348875635,113100.77405254016,1.2224575352996987
128,600,120781.29270145592,72562.56792254497,1.6645123809617761
4096,100,22953.604802900867,22952.360678378518,1.0000542046432515
>>>>>>> a2683253b43fac3e70a11df0799a71278281a7a7
