P,n,Algorithm Time,Optimal Time,Makespan Ratio
4096,600,19860.463881479434,18779.00655706,1.0575886334100488
256,400,57410.23754048228,43244.960742362484,1.3275590162403266
8192,800,47468.83352479373,46379.37991347244,1.0234900426300184
128,1000,199231.853800653,119404.61005167404,1.668544068059287
2048,600,121752.6593684584,111680.57587899217,1.0901865289482344
256,900,99728.53373111697,51518.201495127876,1.9357922217169865
256,100,15499.483318950915,12924.548421892341,1.199228229335812
4096,300,20441.56554841962,17279.41691731119,1.183000887485993
256,200,26024.468671878083,22891.533499154106,1.1368599955455037
2048,400,33308.596290948444,21733.26502109654,1.5326089411147243
8192,1000,60281.352787145384,60202.342442558154,1.001312413128486
1024,500,81385.52122740545,53664.96732667876,1.5165484166231071
256,600,88699.2957098953,58028.72573355824,1.5285411593761769
8192,900,52575.017380802,52575.017380802,1.0
8192,700,54692.88188405695,35360.41439156067,1.54672627075067
256,1000,110562.0361340377,58863.710166351215,1.8782716179728551
8192,900,149649.57060028278,149649.57060028278,1.0
2048,700,41619.65443323202,41611.35817859911,1.0001993747619893
1024,600,59159.7176214296,43965.34404781527,1.3455988779955737
4096,1000,34363.77027208787,33915.21825046568,1.013225685835474
2048,200,13917.397585675022,12441.910416424595,1.118590081415683
512,800,59793.46262697075,54149.74440156318,1.1042242819015902
128,200,54380.01365946875,38939.521911435,1.3965249440697292
2048,800,88746.2064745657,71810.48771496736,1.2358390716801726
512,100,60627.78535344078,60573.79424177784,1.0008913278809553
1024,100,9640.921141579869,9640.921141579869,1.0
512,900,56886.37005042574,46304.128599874144,1.2285377518276062
256,800,121808.81498657343,86969.02217444926,1.4006000290797773
1024,100,30207.435502594955,20829.72320776272,1.45020820494328
1024,700,137164.64154761916,101971.47650017287,1.3451275420866013
256,300,46664.79482998033,35896.699653227304,1.299974518013522
1024,600,88278.20684564066,86765.25402755744,1.0174373121480482
8192,200,21053.7369850466,18018.92824454402,1.1684233767577987
1024,300,19012.881198378378,18573.116360380285,1.023677493290043
4096,900,61672.66649060858,52757.84825268096,1.1689761529930214
512,900,64847.55752877569,53309.00486140186,1.216446596543547
4096,100,60573.79424177784,60573.79424177784,1.0
8192,700,41694.171098573366,41694.171098573366,1.0
1024,400,71124.16837658087,63377.543120814065,1.1222298131847699
256,700,67823.6095452155,38261.990551516115,1.772610587363391
256,400,50045.616471415,22632.151942540644,2.2112619515136114
512,500,107582.6856343542,62904.27191045394,1.7102604062805349
256,900,94988.85499819441,47728.093563071816,1.9902084476235857
8192,500,84889.56492633495,84889.56492633495,1.0
8192,300,33351.02811527207,23136.448596413335,1.4414929748743817
1024,800,68466.28374552872,66116.18200423285,1.0355450310356007
4096,800,88746.2064745657,71810.48771496736,1.2358390716801726
4096,800,68753.9375513519,64362.85987349461,1.0682237813311586
8192,500,66624.56129320196,66624.56129320196,1.0
4096,700,137018.5543906216,101971.47650017287,1.3436949144341293
4096,800,43948.578664085064,43948.578664085064,1.0
4096,100,8321.958515784678,8321.239576006265,1.0000863981588135
8192,600,60959.48251341465,60947.46333963169,1.0001972054803328
8192,800,87137.91878214308,62102.16000225037,1.4031382930800715
512,300,51833.16686658383,51521.92639179481,1.0060409324065682
256,100,18558.753077224548,17954.53769414384,1.0336525168942547
128,600,118729.42083530447,70900.57950763027,1.6745902735890457
2048,900,129752.87775540326,129752.604791726,1.0000021037240654
8192,1000,30095.189684788515,28498.849543516073,1.0560141959006073
4096,300,18481.458954016285,18481.458954016285,1.0
256,500,81102.15232678506,66627.75825410518,1.2172426996189394
256,700,99589.29900799788,61827.216222082076,1.6107679609943166
128,500,92166.34140339213,53535.80791606614,1.7215830859952883
2048,700,88656.04345035662,69714.60276884174,1.2716997577153315
128,800,156413.12094203613,89245.39881899078,1.7526183199570455
512,300,25168.40815041132,25000.830378077444,1.0067028882560964
4096,200,53640.79281597229,53640.79281597229,1.0
4096,500,173165.7012270452,173165.7012270452,1.0
8192,1000,80580.04440710397,71753.33995595953,1.1230145447802438
128,900,182970.01957559126,103084.41806074536,1.7749532181262457
4096,300,19028.50780282153,19028.50780282153,1.0
4096,400,48786.97977664097,45126.38541333707,1.0811187142461007
128,900,177985.91734686756,103160.92321660006,1.7253230370298498
1024,400,27864.53752111177,26611.894241008282,1.0470708048348245
8192,600,26777.133276204397,18661.250273283804,1.4349056405153955
128,400,80555.451187162,46532.57276323225,1.7311626330451464
4096,700,41663.71125395748,36793.786558940206,1.1323572578542878
8192,500,29587.00133662399,27177.07231873392,1.0886750783758572
256,900,107855.00194774302,51088.94408718974,2.111122159105008
8192,1000,132590.20560675484,94799.79607328854,1.3986338694679366
8192,600,19870.257038929787,18779.00655706,1.0581101283794763
4096,900,43620.443504998344,40761.55353335776,1.070136923738713
8192,700,103650.17673083996,103650.17673083996,1.0
128,300,63097.09808702873,32755.432020731212,1.926309445318688
4096,700,92388.85545586015,80356.03512507299,1.1497438283516384
256,100,14664.721754589174,14135.174116163842,1.037463113936445
2048,500,36286.44821044046,36276.16196639806,1.000283553812885
512,600,40597.00573422188,30580.976963775065,1.3275248132952515
512,500,35632.40831652311,35496.811911768345,1.003819960088016
512,400,40668.016098269596,34415.68964887445,1.1816708168043242
8192,1000,146820.54879419197,146820.54879419197,1.0
128,600,115546.28944310338,69365.62215019029,1.6657572708412074
2048,800,44815.360516514986,42695.059714644456,1.0496615021981868
8192,200,16319.454371522042,16319.454371522042,1.0
512,400,70702.54269035396,68462.06472805722,1.0327258310306051
1024,300,24868.510315540916,16760.521743464207,1.483755141765705
1024,800,76796.30737621001,75591.86163784155,1.015933537186039
1024,100,17348.76876888985,17347.873752067557,1.0000515923066473
2048,200,27839.46067352009,27814.232772578187,1.000907014086931
256,100,22241.52608156162,18702.315368100946,1.189239174070245
1024,700,57605.09338569503,42452.09110493904,1.3569436012774652
4096,800,52807.69621151402,44366.085532812314,1.1902717036520711
4096,800,78733.61137126268,78733.61137126268,1.0
8192,1000,58676.89014369309,45809.33523320091,1.2808937271188832
8192,700,64966.29240789171,57793.63501321383,1.1241080854844645
8192,1000,34372.98008702528,33915.21825046568,1.0134972398873863
4096,900,33089.65459729962,32655.352187910106,1.013299578179111
512,700,86726.75951628767,85438.48061711625,1.01507843877684
1024,200,39819.55529994364,39819.40708715139,1.000003722124539
4096,700,144776.89101997757,132452.11299022113,1.0930508223048612
2048,700,99709.10047089912,91119.24221630921,1.0942705189996897
8192,300,19677.524073194585,19674.24141386905,1.0001668506173367
8192,500,75288.1433121715,53378.57096652857,1.4104563301138482
8192,700,57391.289994450584,49777.7756414471,1.152950071691515
256,1000,104603.08140563087,90498.72860811553,1.1558513916653026
2048,100,34300.968848800694,34300.968848800694,1.0
4096,700,91526.83913463607,82072.46511123,1.1151954435704212
1024,800,102161.90622962755,101845.3758611526,1.0031079503197717
1024,400,193674.0701051157,193515.84305327947,1.0008176439165897
256,100,18159.23210550982,17587.547381984677,1.0325050850530035
128,900,171876.98316104198,96720.06020199122,1.7770562053217527
512,900,81255.56219338308,72227.30001714897,1.1249979187106611
4096,1000,90498.72860811553,90498.72860811553,1.0
8192,300,32671.02721643224,25922.78608210399,1.26032082789847
512,500,90826.29685367584,86843.01321389293,1.0458676350850717
128,800,134864.32287972997,79920.49096406845,1.6874811609999216
128,100,26209.72290163454,22982.09428187623,1.1404410137810475
2048,200,24337.522142430917,21228.428234486382,1.146458978196685
4096,500,98003.8045581253,97935.06095418494,1.0007019304758744
128,400,86718.20182681574,48772.78954290394,1.7780037319893784
1024,700,112129.10322645358,107260.20847207752,1.0453932993766608
128,300,64524.27811733804,36726.85726982461,1.7568690302927783
4096,500,97704.51114863665,71401.30747796739,1.3683854623920684
256,500,70745.3719057576,49937.16420129462,1.416687812319217
512,500,149359.06204824246,147481.94731846493,1.0127277593217845
128,800,171516.52571788538,97370.5352483193,1.7614828272277152
128,400,154255.32556759476,125078.80246001596,1.2332651299320336
2048,600,69810.88306363206,51282.51062023954,1.3613000264476127
4096,100,22656.454190491233,22656.454190491233,1.0
256,900,203417.3854382438,184098.91857787647,1.1049352544251658
2048,500,37457.69618663548,37441.44378906292,1.0004340750763814
1024,500,44710.043899459975,44576.14394763512,1.0030038477976504
128,200,39510.81617450283,27723.977542298137,1.4251496241555401
8192,200,67151.768032449,67151.768032449,1.0
2048,800,102324.99185617853,101845.3758611526,1.0047092564681561
512,800,67137.79316322852,52828.81053104514,1.270855665466377
512,800,86225.0549790577,76577.73322810722,1.1259807693995507
1024,600,67365.24059444653,48408.82573041455,1.391590057763412
128,200,42534.00114287335,24735.736732623263,1.7195364586321966
2048,600,30594.113598888667,30580.976963775065,1.0004295688502418
8192,500,28469.146325251975,19560.487282935454,1.4554415702152996
512,300,42001.14039378846,33160.64237859692,1.2665961025199417
512,600,74148.00912736778,44462.8864987731,1.667638225183914
4096,300,77306.4040908596,77306.4040908596,1.0
2048,200,10040.691196847953,10040.691196847953,1.0
512,800,68187.97022613807,50772.066671360866,1.3430213638437736
128,500,190246.56658751675,173629.6110728368,1.0957034656243585
4096,600,79716.44372053785,72740.10717064606,1.0959077023838515
8192,400,48786.97977664097,45126.38541333707,1.0811187142461007
256,100,24366.229096181447,22363.056566867846,1.0895750776877886
2048,1000,44719.304684180206,28109.406843986402,1.5909017551449063
2048,500,106470.18029386172,62891.775190494496,1.692911036003857
2048,1000,100630.40879092847,75796.72432283711,1.327635325800077
1024,600,19872.003617945673,18779.00655706,1.0582031353769754
1024,800,112641.20208713681,112592.55358879731,1.000432075628351
128,200,41495.90635676347,22186.36413155776,1.870333782980688
512,100,12511.357796594726,12506.156799285585,1.0004158749480445
4096,900,86401.60739487168,85663.51049156082,1.0086162346029885
8192,900,115414.78727487197,114082.80036744605,1.011675615457683
8192,300,34502.74586232038,24597.69281353905,1.40268219966262
4096,1000,109433.29774208395,97058.77161015228,1.1274951859233844
128,200,52161.75376909799,34129.72158000343,1.5283380981244072
4096,200,39531.928160618925,38939.460754354994,1.0152150901626873
8192,600,104029.86993284992,85848.15788843864,1.2117891925886024
4096,800,60651.49139399112,60650.662845165505,1.0000136610019865
2048,500,50705.354043764484,35523.310698868714,1.427382556586407
128,300,75901.19125581661,42868.394179046576,1.7705629685778144
128,100,29319.35965480425,17899.559780833548,1.6379933369198707
128,400,88533.64434603098,47063.4505065966,1.8811549810531158
4096,1000,38996.98872378711,30918.141407431434,1.2612979612808761
2048,800,50763.481713515124,50763.481713515124,1.0
2048,100,21949.84902967429,21949.84902967429,1.0
128,900,176485.90183073495,102028.33792508653,1.7297733690449635
8192,700,32136.59280153013,31684.037608755014,1.0142833813784535
1024,700,75393.74618543127,66320.27242801076,1.1368129747547338
512,700,76722.17332050226,61346.24441089266,1.250641731327883
8192,1000,544585.7100480688,544585.7100480688,1.0
8192,1000,52367.5829519231,52314.885183268474,1.0010073188246522
1024,100,32347.294702265648,31319.451246236975,1.0328180544399599
8192,1000,121905.96704247322,120557.43492411824,1.0111858063271153
4096,900,31654.67631164133,31640.39833817212,1.0004512577027826
8192,600,122634.8967329771,122634.8967329771,1.0
8192,1000,49557.77241888677,49557.77241888677,1.0
2048,100,23289.9839332401,23097.256435111492,1.0083441727665814
512,800,56784.52426052116,38336.594525084816,1.4812094022426874
2048,200,37946.30536557415,37946.30536557415,1.0
2048,600,47545.10726752024,33916.34753113008,1.401834534920985
1024,100,30831.05787812587,29554.958545859663,1.0431771653574176
256,700,90491.49149455492,47523.960799855195,1.9041235194106685
128,1000,214093.3988979276,111804.66682439692,1.9148878573574017
1024,800,47552.6216912187,40421.19798120487,1.1764278167443187
1024,800,37067.46237180428,34904.751507598776,1.0619603569942242
1024,1000,61023.164104306255,55735.236402641,1.0948758459274193
8192,600,60304.7350232043,60144.36411673883,1.0026664328207744
4096,200,16397.45685213153,15726.677746397436,1.0426523081702843
1024,700,145986.97967679845,132452.11299022113,1.10218686875593
8192,800,120712.62684671115,107232.14310089932,1.1257130871023202
128,1000,196248.68470292445,109237.63657662571,1.7965299401664012
2048,1000,80418.51297313276,56446.32882143322,1.4246898718167313
1024,1000,96880.99012761818,70250.77350904822,1.3790736427285035
2048,900,94732.7085257701,82690.26725018611,1.1456331159161526
512,600,56690.4426965493,28950.864730709705,1.9581606015524213
1024,700,30087.168451927413,29025.881672657724,1.036563463988397
1024,100,17407.495049911522,17402.954696611207,1.0002608955421346
4096,100,17809.6328420409,17809.6328420409,1.0
128,700,141524.34440642755,83214.36890509089,1.7007200351160674
128,300,62368.36724492909,34512.68583773153,1.8071142749702749
2048,1000,71261.64198990834,71261.14520805598,1.0000069712863988
256,500,61605.41040261912,35523.310698868714,1.734224912898702
128,500,94123.53256014656,56026.380959696515,1.6799859449757402
2048,400,32984.071483653934,30788.555312709123,1.0713094897972861
128,900,174061.7445527491,103152.02937065497,1.6874291820987357
128,300,53989.30685443623,30815.59640870832,1.7520123945801402
4096,200,29262.956466577773,28939.495392742734,1.0111771497548694
128,500,103796.22919835494,62386.64500506909,1.663757190179424
256,200,40729.131649210554,34123.56738045935,1.1935777755913597
1024,300,20416.596511297896,20366.163083435094,1.0024763342833005
2048,200,61372.60518345501,61372.60518345501,1.0
4096,500,114981.83515243819,114521.14245494771,1.0040227742023418
8192,100,14996.978704083662,12056.98525864028,1.2438415061788786
4096,700,57520.205103725944,42452.09110493904,1.354943975822991
<<<<<<< HEAD
1024,500,38397.17028659358,38397.17028659358,1.0
2048,1000,91277.16361902817,90612.693267471,1.007333082458942
8192,1000,162392.86932151654,162392.86932151654,1.0
2048,1000,60579.801647201966,60543.78817954,1.000594833404794
8192,400,32120.436929723935,30165.425795839306,1.0648096647836571
128,700,129169.98569458065,75809.96321061933,1.7038655636293296
128,1000,356507.0795726227,288023.0601366038,1.2377726957124138
2048,900,53664.872267799095,42076.23356110103,1.2754200584486637
4096,200,26168.682166838385,18050.62303154285,1.4497384451001776
2048,300,48198.78486748399,45111.95494347674,1.0684259843732091
128,100,27195.104315660396,14446.766271911083,1.882435404837688
128,1000,219592.44338218437,110076.46947736123,1.994908125458608
4096,300,20570.96909448887,20570.96909448887,1.0
256,200,28036.566296972196,27723.977542298137,1.0112750327472726
4096,400,66926.42590403692,66926.42590403692,1.0
2048,200,32540.902931029297,32540.902931029297,1.0
256,1000,200924.2658779876,194547.19755313522,1.032779029485175
4096,600,57412.70684815128,57412.70684815128,1.0
256,500,115667.09225649995,73196.94614990943,1.5802174590673557
256,400,58493.60691992875,45126.42140747785,1.2962163871083259
512,500,116100.49104955107,114523.64185050332,1.01376876576372
2048,900,61672.66649060858,52757.84825268096,1.1689761529930214
8192,300,84396.74424018276,84396.74424018276,1.0
512,900,152346.1310885299,149649.57060028278,1.0180191662256732
2048,600,36881.81434182559,32874.997452313044,1.1218803711034397
256,700,86243.44263110687,51196.085489777375,1.6845710332351016
128,300,53151.12924133993,27253.416999670506,1.9502556043516497
128,300,61293.20057082326,33300.695014947356,1.840598238064136
1024,700,49436.66401720312,49201.53957608187,1.004778802516081
256,800,96011.57989038853,57826.93902776309,1.6603261646668301
1024,1000,40714.49692985942,30928.88515915138,1.3163907046876737
4096,900,49088.85342426217,42308.40617125458,1.1602624127593442
512,600,35462.25490657667,21988.935751463338,1.6127317532508003
2048,700,110861.39971211957,110859.18311471,1.0000199947117352
256,400,66621.37809996112,53259.20525974124,1.2508894523501344
2048,500,66626.55339887012,66624.56129320196,1.000029900469579
128,800,166297.10895370203,92351.37447544445,1.8006998801941947
512,200,29775.17056543613,23117.237029627373,1.2880073222970312
128,900,162447.43319423348,94518.05570423097,1.7186920740579914
512,300,33376.76576604638,32331.936268961428,1.0323157106457612
8192,400,34320.02564258089,33618.972390895855,1.0208529054229774
8192,500,31854.501985315517,30238.042864909574,1.053457795784852
128,400,87567.80084786064,48720.51320368562,1.797349721702773
512,400,186843.60670531486,186703.3320474569,1.0007513238050958
8192,700,21840.604213885774,21733.392272247234,1.004933051421312
8192,400,35053.10290940029,26546.468859735378,1.3204431479987695
1024,600,38393.565953072415,29865.350306368007,1.285555520334412
512,700,41721.652380794185,29025.881672657724,1.4373948344210274
4096,400,39073.74208723356,36227.84755042349,1.0785554408897473
8192,300,30746.90512885161,27248.226586824265,1.1284002293095696
512,200,20334.404246635746,20330.555626091365,1.000189302280526
2048,500,150425.0517802286,150425.0517802286,1.0
128,400,80106.3868833312,42797.12681057494,1.871770206394728
2048,400,19112.35188736556,17742.443550288524,1.0772108043175799
4096,400,27724.391935842763,27155.933418576842,1.0209331238408859
8192,800,48600.44480731025,48235.14390825591,1.0075733349059588
1024,900,86411.96321399258,85663.51049156082,1.0087371241049652
512,700,94185.43095805842,80357.08323268619,1.1720862327136756
256,1000,153124.2683252991,95719.83817352499,1.5997129878939926
256,700,84651.76802687817,66354.8129063725,1.2757442048148475
256,500,115770.72843625236,63127.950965255164,1.8339060062312356
8192,700,95854.95894721552,73742.01759573007,1.2998689495141489
128,500,93536.87355719345,55659.95529531376,1.6805057255421243
2048,900,47144.29704189259,47139.992713958745,1.000091309473889
128,200,54000.5665239654,42776.4318576044,1.2623906244383418
4096,400,66503.6244481076,66503.6244481076,1.0
2048,400,25810.603068699493,23700.07824770922,1.0890513861992952
2048,100,9525.439477976568,9516.14337669928,1.0009768769667815
256,300,34832.94456112235,16760.521743464207,2.078273283748193
1024,800,37217.47028699305,35597.83621265971,1.0454981045661798
128,900,227614.34282895928,110304.68081578685,2.0635057474041756
1024,900,75480.88945301261,75449.13454700036,1.0004208783335014
2048,400,23344.740664976227,19252.6280861351,1.2125482588939682
8192,900,33314.868764375235,33158.57017036733,1.004713671102368
256,500,91681.18542277647,84910.77897470127,1.0797355356979166
512,100,11384.221460230954,9011.915100790524,1.2632410905904263
2048,400,32785.083111187174,32352.598258555856,1.0133678553164411
128,700,269122.10251918586,237800.98990500558,1.1317114475708958
2048,400,78360.88806338026,50876.400696790595,1.5402207504888108
4096,1000,281398.91676139703,281398.91676139703,1.0
4096,800,120712.62684671115,107232.14310089932,1.1257130871023202
128,1000,216000.19209059153,163336.4654407616,1.3224247966167106
128,1000,203145.73422950157,115948.15552755489,1.7520393774718075
128,600,105798.78416314673,64016.28039679616,1.6526855904055568
1024,400,21167.00028127728,18307.43976342798,1.1561966367116894
512,600,111025.98434605212,90097.16084726775,1.232291709327698
128,700,207354.02826454965,142838.5537233773,1.451667094488465
256,1000,335289.2240225909,320464.419199229,1.0462603769254817
4096,700,112106.62893233435,107260.20847207752,1.0451837687926784
8192,700,40111.771676921024,40106.49652901174,1.0001315285144756
512,400,59477.50120264746,52638.32287426997,1.1299277399987326
256,400,77003.20836604165,60987.569802147,1.2626049638615184
8192,600,154139.23729344973,127907.92965534359,1.2050796045936178
8192,900,183126.6918346876,183126.6918346876,1.0
4096,800,46283.555107128144,36672.2149998591,1.2620877988227865
512,500,86794.82878348764,62600.06932840837,1.3864973268344212
8192,800,148024.03103293112,148024.03103293112,1.0
2048,200,13346.32097606308,13337.35876144625,1.0006719632257877
1024,200,30131.327300548455,26688.32812098575,1.1290076757133163
8192,500,48021.98700860474,41189.47869015632,1.165879941570644
256,500,72689.17085089731,64106.45222511053,1.1338822899705707
1024,100,7351.41564537493,7152.901243328333,1.027752990750677
1024,300,24373.442570266583,24078.953359370287,1.012230149977914
512,900,267354.61555109196,229800.42209317343,1.1634209072196222
256,100,25964.225611280748,25440.224664257337,1.0205973396044579
128,700,161225.41024800297,92417.89181801837,1.7445259470479444
128,1000,228035.53156382244,155765.44053451647,1.4639674293688494
2048,700,26639.36340222228,26067.12107591305,1.0219526477297871
2048,800,106112.60688901419,82940.54724397566,1.2793815620347455
8192,1000,172594.03018481666,111577.13934558528,1.546858354651352
2048,700,27240.967023505953,25871.051952994367,1.052951657048991
256,1000,109361.49431800503,58569.061920395274,1.8672229114177175
4096,700,66582.97055012165,60285.399819468286,1.1044626186358917
128,200,43897.5578387827,21601.854967306153,2.0321198297655694
8192,800,78175.44132986665,48425.21287150835,1.6143541079994355
2048,1000,60740.27640423253,60202.342442558154,1.0089354324075952
1024,700,58812.8507785173,58796.06304945136,1.00028552471365
512,900,73618.12918017888,63466.880684134354,1.1599456029132083
128,300,61972.11638841525,34119.012930735975,1.8163513849073845
4096,900,68817.41819972453,68817.41819972453,1.0
4096,200,28779.18209724736,23681.10697554874,1.2152802707644745
256,900,262358.56004960864,253651.7844619295,1.034325702088589
1024,500,68168.33336347323,62373.284305942194,1.0929091536867965
256,900,165360.2195216692,132038.8394742635,1.2523604431853597
1024,700,117310.16505206392,116488.33981442524,1.007055000002128
128,700,139648.1723303822,78479.10754470208,1.7794311976705126
1024,900,52585.39286954936,52575.017380802,1.000197346368375
256,300,41203.655770394216,21515.230474413613,1.9150924652838144
1024,700,127875.48938304075,85672.54241504308,1.4926076170769427
1024,800,93615.32465070362,83711.93042021694,1.1183032595327052
256,300,29650.650332945796,22793.463249481996,1.3008400701731728
1024,800,57705.183944645505,53281.95779009162,1.083015458478075
2048,700,20450.442815228307,20241.050244316226,1.0103449459580724
1024,200,24337.522142430917,21228.428234486382,1.146458978196685
8192,900,51151.844025608865,51151.844025608865,1.0
256,300,81774.04540534804,80517.55870716526,1.0156051266128485
512,100,15627.655888375592,12228.569679313945,1.2779626970447409
2048,700,39718.01231776986,37075.37110490693,1.0712775390807396
1024,800,87156.35290278732,62102.16000225037,1.4034351284984141
128,700,146692.01635990452,91940.15576527944,1.5955162914277086
128,100,35721.675897251014,31016.524467410036,1.1516982160520537
1024,900,262672.2043697724,255315.3157889041,1.0288149128779687
2048,300,25157.03320306472,24009.73900443229,1.047784534368351
2048,900,115415.59496756352,114082.80036744605,1.0116826953390408
512,800,67816.21736380289,48658.058952929256,1.3937304286923327
512,400,30652.818803671027,28824.379087289086,1.0634337936940415
1024,500,27809.313394412417,27319.151569382047,1.0179420588441597
2048,400,71974.06743874023,61717.64616532399,1.1661829624211884
512,800,77362.66849353461,64362.85987349461,1.2019768643840743
2048,300,18911.925339529476,18573.116360380285,1.0182419025744076
512,400,48979.57445219074,46346.74140253926,1.056807295830883
1024,1000,319278.8366645242,318823.5863822797,1.0014279065341756
1024,700,91529.39945462641,82072.46511123,1.1152266394165176
2048,200,16324.002147605463,16319.454371522042,1.0002786720670855
128,600,146969.72903961767,102083.55250788486,1.4397003770834271
256,200,48212.818421395124,44503.178337827754,1.083356744891503
256,300,37428.859969193145,25925.04840988032,1.4437334649268618
8192,400,62641.756947637405,43214.48493372207,1.449554635296727
2048,900,53330.79983437105,53309.00486140186,1.0004088422401778
2048,800,53094.197866412636,50851.16746299596,1.0441097130178754
8192,1000,38517.721751206824,38513.66294334092,1.0001053861813112
4096,100,14384.95796845455,12228.569679313945,1.1763401890564837
128,800,158522.39504701446,89210.20923574897,1.7769535169242736
256,400,50215.86758343782,26808.94972573375,1.8731008897090777
256,500,53120.78966900345,29868.4267369777,1.7784930601396176
8192,300,62461.85801432151,60345.735579996704,1.035066644129635
8192,300,80360.55407407164,80360.55407407164,1.0
4096,800,112759.44110463203,77768.99443358157,1.4499279812719448
256,400,30484.033291475447,16466.24380733385,1.851304623456277
8192,900,72933.47013669772,72933.47013669772,1.0
128,300,58015.402604594296,32718.346740617188,1.7731764708200508
1024,500,78051.1272816671,57888.8463754861,1.348293016160692
256,200,40319.60695980847,39820.04492620314,1.0125454914611762
1024,200,24113.205389348306,24000.475759263372,1.0046969748106525
128,200,37833.30134266886,25552.63257851312,1.480602878252255
8192,400,76270.46612357127,43737.033632128354,1.7438417695420594
512,600,55859.70162570099,53722.666447453994,1.039779022888546
2048,900,104439.39514295681,81048.18639186893,1.2886086634683114
2048,900,140197.73271256403,113578.57949298169,1.2343677244284184
1024,500,36750.15181292842,36276.16196639806,1.0130661520082915
256,1000,204374.85728520682,178404.20743107868,1.1455719583528383
256,600,67478.58088140063,37319.166647534046,1.8081481164547772
8192,600,44245.02565111483,44245.02565111483,1.0
8192,700,112840.09344125881,112840.09344125881,1.0
512,200,17770.496401136224,17465.341889253814,1.0174720033433853
128,300,50014.598991828425,29869.66446699064,1.6744278814079152
256,800,81071.06392509572,44884.135805066064,1.806229806388413
2048,700,26314.50117542097,18573.466244444164,1.4167792284486673
1024,700,58839.22927189753,35819.1385364328,1.6426757224228117
8192,300,23670.10054418794,21519.631696399152,1.0999305600638427
2048,1000,52816.03285407103,52314.885183268474,1.0095794470167898
512,700,53603.94124199941,26960.090062369884,1.9882701102997518
8192,800,47410.138589706905,40421.19798120487,1.172902856856241
512,800,48887.49530826784,45863.92468154658,1.06592481231633
1024,600,57363.80585110483,57234.00896316298,1.0022678279976052
256,200,29353.108719781576,21352.04078691819,1.3747214616490158
8192,700,72502.0685654886,61816.893419918626,1.1728520240088125
256,800,125769.98240522685,101772.97572271765,1.2357895749053216
1024,100,25489.797800019467,25440.224664257337,1.0019486123419254
1024,300,25463.895763811044,24009.73900443229,1.0605652880737402
8192,800,52807.69621151402,44366.085532812314,1.1902717036520711
4096,200,97563.39295797232,97563.39295797232,1.0
2048,700,45933.36537494647,36017.436572769824,1.275309120962633
1024,200,27656.810331433728,25552.63257851312,1.0823468089424957
128,600,118959.98094586741,68959.49422032459,1.725070380675821
512,600,105465.44659583797,85860.7325228005,1.2283315492076823
2048,900,147582.43789985505,119327.18954102685,1.2367880150995556
512,900,106823.55563172209,101546.8599937516,1.0519631590607055
8192,1000,125673.09932425611,109603.29142325721,1.1466179317456973
256,300,34516.45670804028,24009.73900443229,1.4376023288578192
512,400,37613.33500675968,33618.972390895855,1.1188127516040767
8192,800,99630.49994718055,77475.65594337959,1.2859587793615075
128,800,177237.18328116287,92675.16199414137,1.9124561475529684
128,100,73541.81528018555,72967.22941615328,1.0078745742250297
4096,1000,180084.44376155233,177234.74373613778,1.0160786760278622
512,300,39187.40346899979,22146.00515886802,1.7695021376488667
4096,500,84889.56492633495,84889.56492633495,1.0
512,1000,322552.4253329726,318872.8660565887,1.0115392674261938
4096,400,24900.442840691136,24898.237602795067,1.0000885700398257
512,200,21309.275616098927,18786.158172106803,1.1343072607436246
4096,600,86765.25402755744,86765.25402755744,1.0
2048,900,39056.50802196773,38773.95122637488,1.0072872840310547
4096,700,86849.19399913022,83768.6586116748,1.0367743191607715
256,400,113021.17812876315,108365.40803212737,1.0429636189369165
2048,400,23941.4985682,22105.08631748286,1.083076456899638
2048,100,17347.873752067557,17347.873752067557,1.0
128,1000,209938.00380350978,115440.97043804495,1.8185744888222302
256,600,61079.861472693185,32190.559785344685,1.8974463904942982
2048,500,27363.10576284267,27319.151569382047,1.0016089150261125
512,400,74729.36223246061,60333.80288876994,1.2385985741729226
1024,1000,172870.70764032353,111577.13934558528,1.5493380512731654
4096,800,67864.85909306852,62454.88761199475,1.086622067350174
4096,300,30387.96483767547,25368.022265529136,1.1978846643858236
2048,300,23670.10054418794,21519.631696399152,1.0999305600638427
512,400,26939.59862582,18378.334353517806,1.4658346130623898
256,200,24016.9843529149,12441.910416424595,1.9303293102970767
8192,400,28824.379087289086,28824.379087289086,1.0
4096,1000,96213.2558063652,93286.52965676959,1.0313735129858936
512,100,10658.439681568492,9574.086555025397,1.1132591731139012
4096,200,22703.64482373528,16584.68314295091,1.3689525828164615
512,200,48499.48773433935,48339.89611714323,1.003301447251963
512,1000,152509.30603800048,101940.34443496184,1.4960642607530303
8192,500,82269.27274072095,79358.12801462926,1.0366836365590055
128,700,136327.31095264896,80381.02878996897,1.6960135122040354
8192,600,57066.6499738179,46448.9967564828,1.2285873529841786
1024,800,92118.75005598439,75114.39828637919,1.2263793914020964
1024,100,33641.93709583374,33641.93709583374,1.0
2048,1000,139683.85404271272,121618.88196705427,1.1485375608086261
1024,300,86293.2309751685,86170.66124077488,1.0014224067986566
2048,300,42007.74784846237,31364.460634147326,1.3393422682591076
8192,400,78467.90727403564,78467.90727403564,1.0
256,500,101840.89482603458,83700.23600340706,1.216733663951546
128,200,51720.976544175406,36595.856922978,1.4133014196943308
1024,500,147488.08430600236,147480.7458449727,1.0000497587735104
256,600,68750.70581834417,42749.93105715173,1.608206238424862
4096,400,77180.08129136279,31325.655831794265,2.4637977798705224
128,500,106740.29503406632,60599.398399554455,1.7614084933696488
256,100,24661.915181174845,17055.23313554162,1.4460028183245153
256,200,24817.533581269505,15726.677746397436,1.5780531642771496
8192,900,68186.15135445092,42142.405953476984,1.6179937953643386
256,500,102802.21406131402,75650.02876185662,1.358918373777906
4096,900,38611.781354489096,36333.36856705928,1.0627085480176335
1024,1000,32321.594990687274,23682.09487621599,1.3648114814009957
2048,600,170029.76887403624,160778.42770955205,1.0575409356608265
1024,900,93551.08068573306,85706.05508068645,1.0915340882001983
1024,400,21440.23968221814,20429.860901844946,1.0494559794228433
128,200,40740.472034210616,28980.424713004046,1.4057927872923692
2048,400,35722.58997620594,32093.024154301882,1.1130951637481485
2048,800,52814.82241011592,44366.085532812314,1.1904323263104897
128,900,282161.41537820705,164211.80971601093,1.7182772412421434
8192,600,103020.0017173615,97724.37299561259,1.0541894366719209
128,700,128169.09311421712,76932.73817319293,1.665988968515323
1024,600,39592.040454395545,39588.435453367885,1.000091061972679
2048,300,46527.39313765369,42876.67356603513,1.085144654843525
8192,900,104439.39514295681,81048.18639186893,1.2886086634683114
4096,900,93130.9914327715,85706.05508068645,1.086632576252576
4096,800,43163.80041598471,39511.64899287421,1.092432270386112
128,700,117260.36999165015,68977.11224126474,1.6999895498887025
128,400,89494.687708253,49027.35786518295,1.8254030322080266
2048,200,45587.1976776367,44311.444499564175,1.0287906023484537
1024,600,55149.61131701324,54360.02424755477,1.0145251419657706
128,300,57998.10841419845,31753.51478726137,1.8265098778125084
128,900,165224.40526728172,100393.00888181973,1.6457760067912695
1024,600,36888.89530052568,32874.997452313044,1.1220957614988414
256,300,43243.53706023641,22337.66806533914,1.9359020347937053
4096,200,17447.445451633095,17444.605877280243,1.0001627766412626
1024,800,64394.5277058824,57706.6904436543,1.1158936201471856
4096,100,20007.909292777418,18096.624174953435,1.1056155611867815
128,400,92203.97308007933,50363.62225938312,1.8307653211520354
256,400,65112.25554069266,58595.613062953016,1.111213828768007
128,700,167068.5359449031,86538.92833380034,1.9305593351061816
1024,500,86103.92621232632,62598.35627795712,1.3754981972688995
4096,800,76714.89423435816,75591.86163784155,1.014856527834928
2048,100,14384.95796845455,12228.569679313945,1.1763401890564837
8192,200,30131.327300548455,26688.32812098575,1.1290076757133163
128,100,12964.592357113455,12506.156799285585,1.0366567895465741
512,800,53040.17947406154,44366.085532812314,1.195511815772749
1024,700,124883.39271304858,117219.7735553616,1.065378211587037
4096,100,20722.565533660163,20722.565533660163,1.0
512,300,88050.02075503969,86191.01916507911,1.0215683908598423
4096,200,16319.454371522042,16319.454371522042,1.0
1024,400,26864.54766284657,19252.6280861351,1.3953704160624825
1024,400,38296.04840906594,32569.65752594252,1.1758198064736238
4096,700,170514.54536366955,170514.54536366955,1.0
8192,1000,28029.25682134784,28003.028411344018,1.0009366276253606
128,400,73538.98836333299,42723.60226027847,1.721273124754852
128,300,62902.90598361909,33207.329205691334,1.8942476702654634
256,600,118043.52450544904,94961.903825476,1.2430618990368303
256,400,40765.36145980216,26944.926090923545,1.5129142058969707
=======
1024,500,38425.117776714804,38397.17028659358,1.000727852857714
2048,1000,90793.13503235517,90612.693267471,1.001991351966016
8192,1000,162392.86932151654,162392.86932151654,1.0
2048,1000,60619.55799820201,60543.78817954,1.0012514879055356
8192,400,32120.436929723935,30165.425795839306,1.0648096647836571
128,700,131590.10604933876,75809.96321061933,1.7357890767437525
128,1000,353614.5445214939,288023.0601366038,1.2277299753491313
2048,900,53615.741713512674,42076.23356110103,1.2742524027407192
4096,200,26168.682166838385,18050.62303154285,1.4497384451001776
2048,300,48198.78486748399,45111.95494347674,1.0684259843732091
128,100,25579.596687470847,14446.766271911083,1.7706105439807232
128,1000,230113.55982377433,110076.46947736123,2.0904881934926194
4096,300,20580.710292244796,20570.96909448887,1.0004735410233314
256,200,29205.891248541815,27723.977542298137,1.0534524205259777
4096,400,66926.42590403692,66926.42590403692,1.0
2048,200,32540.902931029297,32540.902931029297,1.0
256,1000,204672.42305339224,194547.19755313522,1.052045085344864
4096,600,57412.70684815128,57412.70684815128,1.0
256,500,116641.80711778454,73196.94614990943,1.5935337914084393
256,400,58067.80791128959,45126.42140747785,1.2867806952152256
512,500,116249.91846155854,114523.64185050332,1.015073539254966
2048,900,61678.135131117786,52757.84825268096,1.1690798084810734
8192,300,84396.74424018276,84396.74424018276,1.0
512,900,152739.7842289383,149649.57060028278,1.0206496658577762
2048,600,36814.17734190711,32874.997452313044,1.119822971706935
256,700,88660.76526010585,51196.085489777375,1.7317879758171992
128,300,51823.47796279108,27253.416999670506,1.9015405651121704
128,300,62643.53181799059,33300.695014947356,1.881147879642524
1024,700,50987.858104829036,49201.53957608187,1.036306151070434
256,800,89509.29173995458,57826.93902776309,1.5478822369792147
1024,1000,38119.329817225094,30928.88515915138,1.2324831503325677
4096,900,49088.85342426217,42308.40617125458,1.1602624127593442
512,600,37383.6354566243,21988.935751463338,1.700111177692466
2048,700,110864.01302241019,110859.18311471,1.000043567953186
256,400,65031.41505241248,53259.20525974124,1.2210361520653383
2048,500,66634.10280825976,66624.56129320196,1.0001432131765313
128,800,159161.10497142497,92351.37447544445,1.7234297364328317
512,200,29674.45065653877,23117.237029627373,1.2836504041770902
128,900,164342.03293672332,94518.05570423097,1.7387369187003576
512,300,33011.86629688367,32331.936268961428,1.0210296724039685
8192,400,34318.891360832946,33618.972390895855,1.0208191660886885
8192,500,31855.677334196982,30238.042864909574,1.0534966656577047
128,400,86185.71513642975,48720.51320368562,1.7689820871983333
512,400,186885.34925848813,186703.3320474569,1.0009749007103148
8192,700,21785.73957826628,21733.392272247234,1.0024086118431632
8192,400,35053.10290940029,26546.468859735378,1.3204431479987695
1024,600,38470.00350798238,29865.350306368007,1.2881149262722578
512,700,39244.180458273884,29025.881672657724,1.3520409440393248
4096,400,39064.16546530156,36227.84755042349,1.0782910966744672
8192,300,30746.90512885161,27248.226586824265,1.1284002293095696
512,200,20335.389947571617,20330.555626091365,1.0002377859990235
2048,500,150425.0517802286,150425.0517802286,1.0
128,400,78321.22315574183,42797.12681057494,1.8300579733401419
2048,400,19133.45509824597,17742.443550288524,1.0784002239609676
4096,400,27724.391935842763,27155.933418576842,1.0209331238408859
8192,800,48600.44480731025,48235.14390825591,1.0075733349059588
1024,900,86415.08115332376,85663.51049156082,1.0087735216249043
512,700,96400.56814197949,80357.08323268619,1.1996524047897177
256,1000,148463.98330308433,95719.83817352499,1.5510262672398434
256,700,82448.0666071717,66354.8129063725,1.2425333294738843
256,500,117594.65449275025,63127.950965255164,1.8627985336871282
8192,700,95854.95894721552,73742.01759573007,1.2998689495141489
128,500,91642.80999602446,55659.95529531376,1.6464765289479175
2048,900,47144.29704189259,47139.992713958745,1.000091309473889
128,200,51566.95419237871,42776.4318576044,1.2054991955391812
4096,400,66503.6244481076,66503.6244481076,1.0
2048,400,25810.603068699493,23700.07824770922,1.0890513861992952
2048,100,9524.986724027713,9516.14337669928,1.0009292995048904
256,300,33663.448138145635,16760.521743464207,2.008496433070334
1024,800,36667.68793939693,35597.83621265971,1.030053841484802
128,900,196580.52196991962,110304.68081578685,1.782159383591498
1024,900,75574.45737405312,75449.13454700036,1.0016610240502453
2048,400,23344.740664976227,19252.6280861351,1.2125482588939682
8192,900,33316.14246837377,33158.57017036733,1.0047520836150907
256,500,91031.19408416335,84910.77897470127,1.0720805436408212
512,100,11384.221460230954,9011.915100790524,1.2632410905904263
2048,400,32423.065653589758,32352.598258555856,1.0021781062055894
128,700,268699.4410514622,237800.98990500558,1.1299340728514193
2048,400,78360.88806338026,50876.400696790595,1.5402207504888108
4096,1000,281398.91676139703,281398.91676139703,1.0
4096,800,120712.62684671115,107232.14310089932,1.1257130871023202
128,1000,217764.15157572294,163336.4654407616,1.333224341472609
128,1000,206804.4067076924,115948.15552755489,1.7835937602176488
128,600,106579.97796602895,64016.28039679616,1.6648886393493583
1024,400,21152.00324870678,18307.43976342798,1.1553774597669995
512,600,110614.08579225169,90097.16084726775,1.2277199941934256
128,700,208718.1002302131,142838.5537233773,1.4612168408987034
256,1000,335408.34409036936,320464.419199229,1.04663208766977
4096,700,112106.62893233435,107260.20847207752,1.0451837687926784
8192,700,40112.08021344628,40106.49652901174,1.0001392214458449
512,400,59234.158955865874,52638.32287426997,1.1253048296647004
256,400,73736.14890693876,60987.569802147,1.2090356960631503
8192,600,154139.23729344973,127907.92965534359,1.2050796045936178
8192,900,183126.6918346876,183126.6918346876,1.0
4096,800,46263.34180033109,36672.2149998591,1.261536610224085
512,500,86809.62081408728,62600.06932840837,1.386733620991254
8192,800,148024.03103293112,148024.03103293112,1.0
2048,200,13337.35876144625,13337.35876144625,1.0
1024,200,30187.945297747832,26688.32812098575,1.1311291273435087
8192,500,48021.98700860474,41189.47869015632,1.165879941570644
256,500,68990.64074286958,64106.45222511053,1.0761887196722129
1024,100,7348.806094934624,7152.901243328333,1.0273881666951596
1024,300,24099.64400354244,24078.953359370287,1.0008592833693122
512,900,267070.71966932225,229800.42209317343,1.162185505303543
256,100,27193.619684449386,25440.224664257337,1.0689221515663543
128,700,162011.72101990748,92417.89181801837,1.7530341564047738
128,1000,235759.25375686502,155765.44053451647,1.5135530252913996
2048,700,26242.393050588074,26067.12107591305,1.0067238715838467
2048,800,106112.60688901419,82940.54724397566,1.2793815620347455
8192,1000,172594.03018481666,111577.13934558528,1.546858354651352
2048,700,27333.36465306311,25871.051952994367,1.05652312487044
256,1000,114610.77420337216,58569.061920395274,1.9568483845472298
4096,700,66582.97055012165,60285.399819468286,1.1044626186358917
128,200,44367.61697354428,21601.854967306153,2.0538799580264526
8192,800,78175.44132986665,48425.21287150835,1.6143541079994355
2048,1000,60340.22075310387,60202.342442558154,1.0022902482686165
1024,700,58870.10325098118,58796.06304945136,1.001259271415291
512,900,73612.60185940914,63466.880684134354,1.1598585130687076
128,300,64813.86385028699,34119.012930735975,1.8996406485106632
4096,900,68817.41819972453,68817.41819972453,1.0
4096,200,28779.18209724736,23681.10697554874,1.2152802707644745
256,900,263660.9463031405,253651.7844619295,1.0394602461104043
1024,500,68169.49985166814,62373.284305942194,1.0929278554147541
256,900,154895.31171500887,132038.8394742635,1.1731041588350255
1024,700,117302.47251225576,116488.33981442524,1.0069889630080358
128,700,133001.6334819845,78479.10754470208,1.6947393725932232
1024,900,52590.52494609951,52575.017380802,1.0002949607260267
256,300,38503.47261566278,21515.230474413613,1.789591455292657
1024,700,127875.48938304075,85672.54241504308,1.4926076170769427
1024,800,93490.36872808546,83711.93042021694,1.116810569996209
256,300,32496.414807548877,22793.463249481996,1.4256900959658858
1024,800,58788.01756944392,53281.95779009162,1.1033381656327992
2048,700,20515.627051699314,20241.050244316226,1.0135653438961345
1024,200,24337.522142430917,21228.428234486382,1.146458978196685
8192,900,51151.844025608865,51151.844025608865,1.0
256,300,81899.8983132462,80517.55870716526,1.017168175839861
512,100,14854.039930459623,12228.569679313945,1.21469970078242
2048,700,39743.405300555714,37075.37110490693,1.0719624407291684
1024,800,87160.16691627576,62102.16000225037,1.403496543648681
128,700,150828.8331570367,91940.15576527944,1.6405109595648102
128,100,35054.70215219017,31016.524467410036,1.130194396507035
1024,900,262672.7586368464,255315.3157889041,1.028817083789934
2048,300,25123.586821415138,24009.73900443229,1.0463915004147788
2048,900,115414.78727487197,114082.80036744605,1.011675615457683
512,800,70299.14426100533,48658.058952929256,1.444758499902579
512,400,31297.164533634204,28824.379087289086,1.085787986580969
1024,500,27550.869503553833,27319.151569382047,1.0084818861809561
2048,400,71974.06743874023,61717.64616532399,1.1661829624211884
512,800,78063.52756958138,64362.85987349461,1.212866049193828
2048,300,18911.214233140483,18573.116360380285,1.0182036157099312
512,400,48951.55650089752,46346.74140253926,1.056202766786438
1024,1000,319278.8366645242,318823.5863822797,1.0014279065341756
1024,700,91892.97426207116,82072.46511123,1.119656563715148
2048,200,16319.454371522042,16319.454371522042,1.0
128,600,147917.59290082718,102083.55250788486,1.44898555415577
256,200,51147.949651729396,44503.178337827754,1.1493100394641607
256,300,42011.528813890116,25925.04840988032,1.6204995319460642
8192,400,62641.756947637405,43214.48493372207,1.449554635296727
2048,900,53364.508369701114,53309.00486140186,1.001041165717566
2048,800,53090.11799067698,50851.16746299596,1.0440294813154545
8192,1000,38523.85135353617,38513.66294334092,1.0002645401506016
4096,100,14384.95796845455,12228.569679313945,1.1763401890564837
128,800,162219.5026459347,89210.20923574897,1.8183961682821488
256,400,44671.44384257106,26808.94972573375,1.6662884708120889
256,500,54409.56846766379,29868.4267369777,1.8216415932046288
8192,300,62461.85801432151,60345.735579996704,1.035066644129635
8192,300,80360.55407407164,80360.55407407164,1.0
4096,800,112760.24494928414,77768.99443358157,1.4499383175847385
256,400,30364.576037778923,16466.24380733385,1.8440499480673873
8192,900,72933.47013669772,72933.47013669772,1.0
128,300,58138.889418127204,32718.346740617188,1.7769507083911567
1024,500,78574.23453095362,57888.8463754861,1.3573294244161525
256,200,40473.756148006956,39820.04492620314,1.016416636973045
1024,200,24028.42081261518,24000.475759263372,1.0011643541416475
128,200,42965.22828107235,25552.63257851312,1.6814403818885282
8192,400,76270.46612357127,43737.033632128354,1.7438417695420594
512,600,57081.79467498438,53722.666447453994,1.0625272059199806
2048,900,104443.08734570403,81048.18639186893,1.2886542191175072
2048,900,140197.73271256403,113578.57949298169,1.2343677244284184
1024,500,41756.51779002043,36276.16196639806,1.151073198666902
256,1000,206317.56365920004,178404.20743107868,1.1564613112552566
256,600,68357.93596012956,37319.166647534046,1.8317112117144898
8192,600,44245.02565111483,44245.02565111483,1.0
8192,700,112840.09344125881,112840.09344125881,1.0
512,200,17556.500070687103,17465.341889253814,1.0052193757220051
128,300,49324.97739439027,29869.66446699064,1.6513401899408662
256,800,79836.71800645636,44884.135805066064,1.7787290893421903
2048,700,26377.725245941754,18573.466244444164,1.4201832279869708
1024,700,58487.91760826163,35819.1385364328,1.6328677907418596
8192,300,23670.10054418794,21519.631696399152,1.0999305600638427
2048,1000,52869.504641366686,52314.885183268474,1.0106015612221126
512,700,50694.66172505031,26960.090062369884,1.8803595094739116
8192,800,47410.138589706905,40421.19798120487,1.172902856856241
512,800,47726.8345440541,45863.92468154658,1.0406181955740275
1024,600,57458.38184591303,57234.00896316298,1.0039202719993712
256,200,27840.90370157829,21352.04078691819,1.303898956517339
8192,700,72502.0685654886,61816.893419918626,1.1728520240088125
256,800,124080.10210915048,101772.97572271765,1.2191851641167397
1024,100,25440.224664257337,25440.224664257337,1.0
1024,300,25328.650277314533,24009.73900443229,1.0549323452720067
8192,800,52812.48890246627,44366.085532812314,1.1903797296564997
4096,200,97563.39295797232,97563.39295797232,1.0
2048,700,46089.06891829493,36017.436572769824,1.2796321255449794
1024,200,27181.922847732327,25552.63257851312,1.0637621295658302
128,600,111743.91559216332,68959.49422032459,1.6204282942555106
512,600,105246.25040334526,85860.7325228005,1.225778622088938
2048,900,147582.43789985505,119327.18954102685,1.2367880150995556
512,900,110198.2186637778,101546.8599937516,1.0851957280664173
8192,1000,125673.09932425611,109603.29142325721,1.1466179317456973
256,300,44096.493971772645,24009.73900443229,1.8366086346724662
512,400,35901.30878750027,33618.972390895855,1.0678883450114756
8192,800,99630.49994718055,77475.65594337959,1.2859587793615075
128,800,171245.17664566322,92675.16199414137,1.8478001328607205
128,100,74684.36035710198,72967.22941615328,1.023532905863198
4096,1000,180085.0150156907,177234.74373613778,1.016081899177716
512,300,37632.64611549151,22146.00515886802,1.6992972703441327
4096,500,84889.56492633495,84889.56492633495,1.0
512,1000,322517.6598550279,318872.8660565887,1.0114302412855423
4096,400,24959.768030952833,24898.237602795067,1.0024712764469266
512,200,20903.51312230735,18786.158172106803,1.112708246720947
4096,600,86765.25402755744,86765.25402755744,1.0
2048,900,38846.92341767908,38773.95122637488,1.0018819900731335
4096,700,86849.19399913022,83768.6586116748,1.0367743191607715
256,400,113053.93368997767,108365.40803212737,1.0432658884693193
2048,400,23938.149079153907,22105.08631748286,1.0829249311829776
2048,100,17348.259410847008,17347.873752067557,1.0000222308961295
128,1000,207150.22159671172,115440.97043804495,1.7944255043133532
256,600,59757.79007896619,32190.559785344685,1.85637623195891
2048,500,27331.86950136944,27319.151569382047,1.0004655317334836
512,400,75464.29618998834,60333.80288876994,1.2507797051863718
1024,1000,172879.7716596856,111577.13934558528,1.549419286725295
4096,800,67864.85909306852,62454.88761199475,1.086622067350174
4096,300,30387.96483767547,25368.022265529136,1.1978846643858236
2048,300,23671.54847893284,21519.631696399152,1.0999978444284326
512,400,27414.38435306243,18378.334353517806,1.491668604223376
256,200,24945.126199527946,12441.910416424595,2.00492732744626
8192,400,28827.443337790864,28824.379087289086,1.0001063075979018
4096,1000,96209.58244099072,93286.52965676959,1.031334135753318
512,100,11195.48894502511,9574.086555025397,1.169353220349637
4096,200,22703.64482373528,16584.68314295091,1.3689525828164615
512,200,48480.902007313016,48339.89611714323,1.0029169671740312
512,1000,151905.43591036412,101940.34443496184,1.4901405008228132
8192,500,82272.57068890422,79358.12801462926,1.0367251943460372
128,700,138188.0434805493,80381.02878996897,1.719162413828103
8192,600,57066.6499738179,46448.9967564828,1.2285873529841786
1024,800,94163.43556956519,75114.39828637919,1.2536003445113164
1024,100,33650.39776410504,33641.93709583374,1.0002514917095051
2048,1000,139683.0462696234,121618.88196705427,1.1485309189691661
1024,300,86318.19993088789,86170.66124077488,1.0017121684804153
2048,300,42007.74784846237,31364.460634147326,1.3393422682591076
8192,400,78467.90727403564,78467.90727403564,1.0
256,500,101686.0186299078,83700.23600340706,1.2148832964553244
128,200,51996.364254415894,36595.856922978,1.420826525905673
1024,500,147645.03199263575,147480.7458449727,1.001113949802205
256,600,69888.69224774979,42749.93105715173,1.6348258469543884
4096,400,77180.08129136279,31325.655831794265,2.4637977798705224
128,500,109681.52698655413,60599.398399554455,1.8099441559367122
256,100,21094.763043091145,17055.23313554162,1.2368498791805722
256,200,26904.19574451002,15726.677746397436,1.7107361248419461
8192,900,68186.15135445092,42142.405953476984,1.6179937953643386
256,500,105018.83756249039,75650.02876185662,1.388219400326808
4096,900,38611.781354489096,36333.36856705928,1.0627085480176335
1024,1000,32725.870012063617,23682.09487621599,1.381882396093697
2048,600,170029.76887403624,160778.42770955205,1.0575409356608265
1024,900,93177.16624958842,85706.05508068645,1.0871713341824965
1024,400,20786.2412646745,20429.860901844946,1.0174440914963532
128,200,39177.61621942645,28980.424713004046,1.3518648055508564
2048,400,35722.58997620594,32093.024154301882,1.1130951637481485
2048,800,52811.71073114853,44366.085532812314,1.1903621898778964
128,900,279506.97227215016,164211.80971601093,1.7021124896895754
8192,600,103020.0017173615,97724.37299561259,1.0541894366719209
128,700,127393.58718368315,76932.73817319293,1.6559086574676631
1024,600,39589.93197247748,39588.435453367885,1.0000378019260538
2048,300,46527.39313765369,42876.67356603513,1.085144654843525
8192,900,104439.39514295681,81048.18639186893,1.2886086634683114
4096,900,93130.9914327715,85706.05508068645,1.086632576252576
4096,800,43199.10242061894,39511.64899287421,1.0933257285315972
128,700,119271.093856151,68977.11224126474,1.7291401449073491
128,400,89457.58517872289,49027.35786518295,1.824646260251599
2048,200,45587.1976776367,44311.444499564175,1.0287906023484537
1024,600,54757.919316922766,54360.02424755477,1.0073196264143662
128,300,57627.38262499788,31753.51478726137,1.8148347674606524
128,900,161469.52443659338,100393.00888181973,1.608374190942633
1024,600,37461.160490312825,32874.997452313044,1.1395030690010626
256,300,41877.430545430485,22337.66806533914,1.8747449564984249
4096,200,17447.445451633095,17444.605877280243,1.0001627766412626
1024,800,64462.38743829097,57706.6904436543,1.1170695623453408
4096,100,20007.909292777418,18096.624174953435,1.1056155611867815
128,400,89879.42857274663,50363.62225938312,1.7846100923767736
256,400,63311.634239071616,58595.613062953016,1.0804842023079761
128,700,167567.39520258256,86538.92833380034,1.9363238998781793
1024,500,86107.69846961182,62598.35627795712,1.375558458552259
4096,800,76714.89423435816,75591.86163784155,1.014856527834928
2048,100,14385.680703604205,12228.569679313945,1.1763992912383912
8192,200,30131.327300548455,26688.32812098575,1.1290076757133163
128,100,13922.931106698083,12506.156799285585,1.1132861461878865
512,800,54776.96988352482,44366.085532812314,1.2346586187553736
1024,700,124806.53839672277,117219.7735553616,1.0647225686524469
4096,100,20722.565533660163,20722.565533660163,1.0
512,300,87704.06149339807,86191.01916507911,1.0175545241601225
4096,200,16319.454371522042,16319.454371522042,1.0
1024,400,26257.408769487098,19252.6280861351,1.3638350386250142
1024,400,38305.49717122528,32569.65752594252,1.1761099158231563
4096,700,170514.54536366955,170514.54536366955,1.0
8192,1000,28008.812567041074,28003.028411344018,1.0002065546487362
128,400,75248.01282675439,42723.60226027847,1.7612750059869116
128,300,57014.083731068866,33207.329205691334,1.7169126543696065
256,600,115312.5144386481,94961.903825476,1.2143028919320435
256,400,43120.242155181586,26944.926090923545,1.600310277700362
>>>>>>> a2683253b43fac3e70a11df0799a71278281a7a7
8192,400,20429.860901844946,20429.860901844946,1.0
8192,300,25080.65034537924,25080.65034537924,1.0
4096,400,48940.921402939224,38819.630796565834,1.26072609137923
8192,200,53640.79281597229,53640.79281597229,1.0
<<<<<<< HEAD
256,200,22013.3718785637,18620.644394921266,1.1822024743981359
8192,500,44987.9302988407,43236.65246550346,1.040504473252977
512,1000,140402.49600990696,94799.91351609524,1.4810403385660182
1024,100,17397.159245056544,16761.07212005239,1.0379502647830718
128,500,101631.33101749964,62235.40719591476,1.6330146390392846
4096,200,17740.67758730927,17740.67758730927,1.0
8192,900,162745.06075010714,162744.67958603505,1.0000023420985131
512,600,111061.55988773644,94912.1411777341,1.17015124208146
2048,700,137019.5894164135,101971.47650017287,1.3437050645842246
128,200,36049.372311622865,22407.83808966297,1.608784040984878
2048,300,25079.521430478402,21245.29525451237,1.1804741299206782
128,500,126483.83620721262,76617.57157086262,1.6508463217243752
4096,900,235023.16966618467,212427.5200802827,1.1063687491025758
4096,900,65346.397057987626,60097.90469262115,1.087332368611029
512,300,52959.3208167696,42586.891465992514,1.243559203166071
128,500,104685.77458573364,59301.683299989054,1.765308651630686
256,800,127466.62872132241,112709.77703380244,1.130927875787513
4096,500,33758.871725443445,25362.56656300998,1.3310510843440841
8192,400,56781.930622412154,56772.7824606574,1.0001611363994902
1024,800,117551.95579832666,101772.97572271765,1.155040962137131
512,1000,61014.68314879161,31152.82778783593,1.9585600242882502
128,900,160274.20231319527,92800.87521868643,1.7270764088755317
128,100,25815.778472012684,13798.527712172872,1.870908187490058
2048,200,14764.441624399278,14764.440789441054,1.0000000565519709
512,300,36464.503253311894,24597.69281353905,1.4824359150156197
4096,900,104439.39514295681,81048.18639186893,1.2886086634683114
8192,300,73079.30981278289,71342.42663188108,1.024345726139425
2048,300,20754.129526814322,19887.38962467144,1.0435823865525138
2048,600,27191.16526066925,26424.606119149255,1.0290092930075687
512,100,21977.798289269267,21561.33909716274,1.0193150893935585
256,400,36075.79782085404,20821.733470226685,1.7326029973651988
128,1000,191972.717756171,108573.46405908014,1.7681366199360578
8192,600,25082.797432501815,22032.708212275476,1.1384346032652939
2048,1000,59620.46966727884,55734.051128954416,1.0697314919622878
8192,900,253619.1459229753,253619.1459229753,1.0
256,1000,124250.45950292531,71828.30656007184,1.7298258229018875
8192,100,17253.430595013517,16761.07212005239,1.0293751182164586
128,1000,206164.8350880791,112758.77583353377,1.8283706395716912
8192,200,29139.89239002461,18668.090115124316,1.560946631943691
2048,500,177215.37734444547,168416.85806467704,1.0522425093359093
1024,700,208690.76474807627,185588.29528429307,1.1244823625778433
2048,100,20721.11432278907,16561.60268801602,1.2511539319671565
128,1000,208654.8331644889,105648.99440198131,1.9749817245830392
1024,200,27032.302713702175,27032.28717728225,1.0000005747356788
4096,600,93830.21843648735,63281.703420590464,1.482738506782311
512,300,41224.59348182872,34690.24422950583,1.1883627341765757
256,300,41662.3458285993,22146.00515886802,1.8812578399457411
8192,700,137018.5543906216,101971.47650017287,1.3436949144341293
128,200,37709.42470627339,22557.733121605976,1.6716850271694634
128,500,91123.62581165529,56208.21260609286,1.6211799234793258
1024,300,19560.55628981906,19555.262961639615,1.0002706856046797
8192,1000,154192.8048722063,154192.8048722063,1.0
1024,100,11949.956101337437,11936.420001605858,1.0011340167093448
512,1000,71660.10002865698,40844.58099378827,1.7544579546440981
8192,600,24531.566317583347,20442.695272351662,1.2000162400680012
2048,900,240354.51235418237,236191.38873228242,1.0176260601381144
128,600,106513.75850726111,61581.31829191577,1.729644013178652
2048,100,9169.349964976815,9169.349964976815,1.0
8192,500,30666.80462561862,20558.185404494525,1.491707756410938
8192,100,25440.224664257337,25440.224664257337,1.0
4096,500,56265.69165701632,30807.185918026305,1.8263820592614854
1024,600,34327.840676717984,20442.695272351662,1.6792228333582657
2048,900,40754.92472922253,38891.783213405324,1.0479057878522529
512,900,103262.57636768829,91856.52223014132,1.124172501425318
512,900,102134.27084983997,96310.49967324318,1.0604687048281896
1024,600,45433.76644004859,37315.749872411354,1.2175493349428608
512,100,15325.01627141876,15312.764243852314,1.0008001186050628
256,600,121065.02657839717,82210.52420515442,1.472622000028637
128,800,170138.79320065276,88007.77202189426,1.9332246379140952
256,1000,151624.04684299527,117216.61555814055,1.29353715018148
128,300,57718.5090011592,34152.10038414554,1.6900427309575934
8192,1000,82404.30443125752,81704.81311790232,1.0085612008235771
8192,300,69759.15177939474,69759.15177939474,1.0
1024,300,23670.10054418794,21519.631696399152,1.0999305600638427
8192,800,202129.88973115865,178142.21764117235,1.134654617011135
512,100,17427.33313622824,17402.954696611207,1.0014008218743327
2048,100,18595.337664656734,18595.337664656734,1.0
1024,600,57204.18532407656,46448.9967564828,1.2315483502039835
256,300,82781.09421822008,81301.47690523788,1.0181991443366618
128,1000,197256.59020332334,108467.36333138205,1.8185801161283743
2048,900,109081.01275692318,81142.94619253738,1.3443067805067601
2048,200,58667.68283716659,58164.57654757025,1.0086497026104002
512,100,19882.295044012244,16761.07212005239,1.1862185725115832
1024,300,73129.45205474432,71342.42663188108,1.0250485651698404
128,400,110825.33829631413,93117.14843824577,1.1901710925975384
2048,1000,58676.89014369309,45809.33523320091,1.2808937271188832
1024,500,36292.32908871904,31663.06987732136,1.1462037392247104
4096,1000,318823.5863822797,318823.5863822797,1.0
128,600,101135.14975999204,55871.60268351879,1.8101351116212971
1024,300,30746.90512885161,27248.226586824265,1.1284002293095696
=======
256,200,24387.571257912397,18620.644394921266,1.3097060843159674
8192,500,44987.9302988407,43236.65246550346,1.040504473252977
512,1000,136000.56183017016,94799.91351609524,1.43460639135583
1024,100,17402.209560493255,16761.07212005239,1.0382515769784098
128,500,106195.39841272851,62235.40719591476,1.7063501822753295
4096,200,17740.67758730927,17740.67758730927,1.0
8192,900,162744.67958603505,162744.67958603505,1.0
512,600,111283.98629791761,94912.1411777341,1.1724947400514896
2048,700,137018.5792487457,101971.47650017287,1.343695158209398
128,200,36485.981737912196,22407.83808966297,1.6282687152556523
2048,300,25034.893539434925,21245.29525451237,1.178373528798931
128,500,124413.13871154742,76617.57157086262,1.6238199170340355
4096,900,235023.16966618467,212427.5200802827,1.1063687491025758
4096,900,65344.052303682205,60097.90469262115,1.0872933530360698
512,300,52969.34260383517,42586.891465992514,1.2437945287961083
128,500,107085.7135690633,59301.683299989054,1.8057786492728962
256,800,124143.77784052562,112709.77703380244,1.101446397177186
4096,500,33772.30921671888,25362.56656300998,1.3315809002537655
8192,400,56781.930622412154,56772.7824606574,1.0001611363994902
1024,800,117551.67586879643,101772.97572271765,1.1550382116080418
512,1000,65986.95197188873,31152.82778783593,2.1181689322487216
128,900,155433.0517150271,92800.87521868643,1.6749093297746078
128,100,26346.78033807883,13798.527712172872,1.9093906891846193
2048,200,14764.441624399278,14764.440789441054,1.0000000565519709
512,300,38949.728582619115,24597.69281353905,1.583470810773782
4096,900,104439.39514295681,81048.18639186893,1.2886086634683114
8192,300,73079.30981278289,71342.42663188108,1.024345726139425
2048,300,20764.443665551586,19887.38962467144,1.044101013628863
2048,600,27184.955196412186,26424.606119149255,1.0287742823425445
512,100,22073.880522984906,21561.33909716274,1.0237713169628508
256,400,37277.703627002884,20821.733470226685,1.7903266161920113
128,1000,187188.02514269858,108573.46405908014,1.7240679089030484
8192,600,25074.394501535673,22032.708212275476,1.1380532188759949
2048,1000,59651.324540613954,55734.051128954416,1.0702851009806549
8192,900,253619.1459229753,253619.1459229753,1.0
256,1000,121565.63576679939,71828.30656007184,1.6924474707632284
8192,100,17253.430595013517,16761.07212005239,1.0293751182164586
128,1000,193461.70689989603,112758.77583353377,1.7157130828158715
8192,200,29139.89239002461,18668.090115124316,1.560946631943691
2048,500,177215.37734444547,168416.85806467704,1.0522425093359093
1024,700,208711.5337490913,185588.29528429307,1.1245942715804191
2048,100,20721.795777978514,16561.60268801602,1.2511950786606425
128,1000,204080.81851418412,105648.99440198131,1.9316872788933697
1024,200,27032.302713702175,27032.28717728225,1.0000005747356788
4096,600,93830.21843648735,63281.703420590464,1.482738506782311
512,300,41120.11287852208,34690.24422950583,1.185350919021415
256,300,48793.76348592579,22146.00515886802,2.203276082340615
8192,700,137018.5543906216,101971.47650017287,1.3436949144341293
128,200,41117.68574504031,22557.733121605976,1.8227756097379069
128,500,90815.2083813447,56208.21260609286,1.6156928706802627
1024,300,19644.178541098125,19555.262961639615,1.004546887435517
8192,1000,154192.8048722063,154192.8048722063,1.0
1024,100,11954.879353893419,11936.420001605858,1.0015464730869956
512,1000,70672.3167320038,40844.58099378827,1.7302740048368177
8192,600,24529.032401041997,20442.695272351662,1.1998922878930267
2048,900,240354.51235418237,236191.38873228242,1.0176260601381144
128,600,106252.66975404139,61581.31829191577,1.7254042735877895
2048,100,9173.641757933161,9169.349964976815,1.0004680585835135
8192,500,30666.80462561862,20558.185404494525,1.491707756410938
8192,100,25440.224664257337,25440.224664257337,1.0
4096,500,56265.69165701632,30807.185918026305,1.8263820592614854
1024,600,36809.97956366588,20442.695272351662,1.8006421889705828
2048,900,40462.86383144101,38891.783213405324,1.040396209384767
512,900,106167.76761741901,91856.52223014132,1.1557999915501012
512,900,100638.68468501949,96310.49967324318,1.04493990817679
1024,600,45433.76644004859,37315.749872411354,1.2175493349428608
512,100,15370.187297573037,15312.764243852314,1.003750012264688
256,600,118101.87923487334,82210.52420515442,1.4365785935162376
128,800,171619.33852707397,88007.77202189426,1.9500475308519243
256,1000,155132.4491476754,117216.61555814055,1.323468080092521
128,300,57858.8475702076,34152.10038414554,1.6941519531568099
8192,1000,82404.30443125752,81704.81311790232,1.0085612008235771
8192,300,69759.15177939474,69759.15177939474,1.0
1024,300,23686.24832536361,21519.631696399152,1.1006809344849053
8192,800,202129.88973115865,178142.21764117235,1.134654617011135
512,100,17437.233313324625,17402.954696611207,1.001969700968083
2048,100,18595.337664656734,18595.337664656734,1.0
1024,600,57107.07494510727,46448.9967564828,1.22945766179841
256,300,83099.22469777992,81301.47690523788,1.0221121172821674
128,1000,195777.23213536537,108467.36333138205,1.804941377041131
2048,900,109081.01275692318,81142.94619253738,1.3443067805067601
2048,200,58667.68283716659,58164.57654757025,1.0086497026104002
512,100,19277.589521762584,16761.07212005239,1.1501405986255209
1024,300,73181.04164995189,71342.42663188108,1.0257716916128723
128,400,114386.42315182772,93117.14843824577,1.228414154323975
2048,1000,58677.84032211275,45809.33523320091,1.2809144691448224
1024,500,36221.8021282115,31663.06987732136,1.1439763190541208
4096,1000,318823.5863822797,318823.5863822797,1.0
128,600,102364.88804336432,55871.60268351879,1.8321451887321696
1024,300,30753.42543780478,27248.226586824265,1.1286395222753849
>>>>>>> a2683253b43fac3e70a11df0799a71278281a7a7
2048,800,103059.5391238463,86811.4173682552,1.187165723682017
2048,600,370329.99013737525,370329.8703327854,1.0000003235077681
4096,400,32984.361040778436,30788.555312709123,1.0713188944972327
1024,100,20769.26204959299,20722.565533660163,1.0022534138380201
8192,300,148542.84856807854,148542.84856807854,1.0
<<<<<<< HEAD
256,700,72991.8594517205,36575.40564901358,1.9956541330578261
512,400,29263.78807297192,28990.714279328946,1.0094193537631353
256,200,33805.285684202376,22182.883245990513,1.5239356087902853
4096,300,23670.10054418794,21519.631696399152,1.0999305600638427
1024,700,21719.685412698047,20241.050244316226,1.0730513066532714
1024,200,40381.83708996319,34123.56738045935,1.1834002183806724
512,100,13344.194099298318,13344.194099298318,1.0
2048,200,24882.517172980835,24882.517172980835,1.0
1024,900,48830.518272181034,47268.417986599445,1.033047441655958
8192,400,206533.6195535207,206533.6195535207,1.0
256,500,131103.56953329593,118964.10663554122,1.102043071990993
4096,500,34433.87820574358,34433.87820574358,1.0
1024,200,25789.8571929023,25789.8571929023,1.0
128,800,235202.485474476,205600.62385254813,1.1439774893054684
1024,400,19125.461901067458,17742.443550288524,1.0779497112029106
4096,600,102007.14592153949,102007.14592153949,1.0
256,400,43888.61830057571,30799.159109877237,1.4249940442854723
8192,800,34002.287907534934,34002.287907534934,1.0
256,900,273413.3545885956,230159.98859425177,1.1879273902406862
1024,500,33755.159300348416,25362.56656300998,1.3309047101557383
4096,700,27253.478026858807,25871.051952994367,1.053435247873809
2048,300,19296.06042391556,19296.06042391556,1.0
128,400,84100.0373501317,57575.34732942383,1.4606952671764855
128,500,98088.71790455095,58198.746717059876,1.685409453599077
512,200,24579.67476788819,20173.677302438762,1.2184032885723217
128,300,75985.95336998063,42886.675174210075,1.7717846641484305
512,700,115420.08513431274,107262.5973375693,1.0760515594366111
=======
256,700,69435.14435205123,36575.40564901358,1.898410779592375
512,400,29627.65327196812,28990.714279328946,1.021970448416765
256,200,33629.60502864363,22182.883245990513,1.516015959499858
4096,300,23670.10054418794,21519.631696399152,1.0999305600638427
1024,700,20347.670800738517,20241.050244316226,1.0052675407222127
1024,200,40385.48433006315,34123.56738045935,1.1835071016985652
512,100,13396.08768692736,13344.194099298318,1.0038888513793254
2048,200,24882.517172980835,24882.517172980835,1.0
1024,900,48783.79806594741,47268.417986599445,1.0320590395002764
8192,400,206533.6195535207,206533.6195535207,1.0
256,500,129664.61979558598,118964.10663554122,1.0899474090351209
4096,500,34434.25629158677,34433.87820574358,1.0000109800540307
1024,200,25801.745931342575,25789.8571929023,1.0004609850435136
128,800,234700.18704653115,205600.62385254813,1.1415344109794752
1024,400,19418.708420760144,17742.443550288524,1.0944776781011294
4096,600,102007.14592153949,102007.14592153949,1.0
256,400,44135.48585708279,30799.159109877237,1.4330094435249896
8192,800,34007.44632215691,34002.287907534934,1.0001517078684823
256,900,277397.7253092279,230159.98859425177,1.2052386994085724
1024,500,33998.51716484668,25362.56656300998,1.3404998693796155
4096,700,27240.980908592195,25871.051952994367,1.0529521937525725
2048,300,19296.06042391556,19296.06042391556,1.0
128,400,80635.16545353665,57575.34732942383,1.4005154843821173
128,500,97804.07247831664,58198.746717059876,1.6805185333939021
512,200,22039.591079089685,20173.677302438762,1.092492496468423
128,300,74350.59807793118,42886.675174210075,1.7336526502908285
512,700,114614.32648859864,107262.5973375693,1.0685395406554672
>>>>>>> a2683253b43fac3e70a11df0799a71278281a7a7
4096,700,85438.44490528817,85438.44490528817,1.0
2048,400,49285.71875470693,43244.960742362484,1.1396869810642922
8192,400,126599.04493294522,123287.74065024371,1.0268583418370476
8192,500,90247.07798795842,83700.2145046859,1.0782180012562095
<<<<<<< HEAD
256,900,94253.23131323038,48142.95380320393,1.9577783220056142
512,800,82689.67774733393,72564.78502388351,1.139529011491152
512,900,155576.03416679607,107835.44573164219,1.44271703159609
2048,700,96421.88406685446,84599.65574644411,1.1397432201833428
256,600,83023.85029300986,54695.76403720911,1.517921026508184
1024,200,8778.22964733385,8778.22964733385,1.0
8192,100,27048.854495395608,26872.954657817776,1.006545608393927
512,300,34163.858573478436,25922.78608210399,1.3179084402915988
512,600,92996.0011150665,77283.67991443432,1.203307104656873
512,200,42402.834153469084,36722.781297896625,1.1546738197604274
=======
256,900,96996.95702955361,48142.95380320393,2.0147695429335797
512,800,80766.21417100752,72564.78502388351,1.1130221655645318
512,900,153780.13844063823,107835.44573164219,1.4260629925278314
2048,700,96411.94825041256,84599.65574644411,1.1396257750666432
256,600,75803.39480643379,54695.76403720911,1.385909789190719
1024,200,9231.780107668703,8778.22964733385,1.051667645818836
8192,100,27048.854495395608,26872.954657817776,1.006545608393927
512,300,33827.78210506293,25922.78608210399,1.3049439206851388
512,600,93125.97433720945,77283.67991443432,1.2049888726871592
512,200,41956.65296271221,36722.781297896625,1.1425238361538634
>>>>>>> a2683253b43fac3e70a11df0799a71278281a7a7
8192,500,107204.63278326692,73187.77810821602,1.4647887332329355
2048,100,15982.980607392092,15982.980607392092,1.0
8192,300,24280.001026100275,21017.690379287385,1.1552173710784057
8192,200,36645.349012206316,35921.64382160135,1.0201467726309832
8192,900,101158.61654056568,101158.61654056568,1.0
4096,1000,177645.49193167785,164826.80934945482,1.0777706165205547
<<<<<<< HEAD
256,300,38039.46001494086,17827.437375652476,2.133759284264412
2048,600,53740.932700774705,53722.666447453994,1.0003400101768698
512,500,56187.116373579345,50986.98493784023,1.1019893889014767
128,200,39439.506024481256,28752.091133108686,1.3717091338468168
2048,900,49115.1341472964,42308.40617125458,1.160883583004516
2048,200,20983.392416218016,20983.392416218016,1.0
2048,400,42692.918385157594,42692.918385157594,1.0
128,1000,206870.2806686114,119877.02488971625,1.7256874773037343
1024,400,28328.460740813967,27677.385709128852,1.0235237185523043
8192,700,127778.93208582506,85672.54241504308,1.4914805663965984
512,100,26322.07402959882,26077.67380743252,1.0093720100945753
2048,700,103268.91959984694,87919.86057306842,1.1745801111004064
4096,100,12506.156799285585,12506.156799285585,1.0
256,1000,174477.7487948842,154489.75373513065,1.1293807166915582
128,600,141316.96530717888,90318.97399063353,1.5646431648109074
256,700,83985.33798133598,41935.33336202956,2.0027344782569605
512,800,117279.96107634527,101845.3758611526,1.1515491998010285
2048,900,27765.63395066631,25632.20759839876,1.0832322516145985
8192,800,36502.0818816547,35597.83621265971,1.025401703170751
128,300,59805.426549405915,30116.443643117553,1.9858064005865155
512,500,38886.170627480526,33191.11398476165,1.1715837752638711
128,700,184839.03718143757,103514.09104961141,1.7856413103492295
128,700,157870.4714951229,88156.94624075736,1.7907887946115708
512,700,159969.9086596883,156144.92700669277,1.0244963555737652
4096,400,34323.16415649541,33618.972390895855,1.0209462608616275
8192,100,17347.873752067557,17347.873752067557,1.0
1024,600,49429.21922012805,49110.74686009548,1.0064847794096843
128,900,173612.71171087268,102336.6893389555,1.6964855208071035
512,100,33643.920572041294,33641.93709583374,1.0000589584423127
512,1000,141394.8356934479,131821.8771527211,1.0726204082925943
4096,100,23406.310004142215,23406.310004142215,1.0
4096,700,58796.06304945136,58796.06304945136,1.0
1024,900,108488.48967994806,106758.6671591515,1.016203110874528
512,400,201939.75223886696,199256.12813637196,1.0134682136383695
2048,200,44467.73217213171,44463.976038674446,1.0000844758789453
512,400,44862.561466500454,36379.94568810993,1.2331673568485535
512,700,43909.2373944905,25871.051952994367,1.6972343248457802
256,500,92350.59768966008,62646.179782811574,1.4741616808851064
2048,1000,578728.0008594855,578726.0804275025,1.000003318378155
128,600,117497.03825152539,65760.98539115372,1.7867286743445192
128,200,43352.50154781024,27814.232772578187,1.5586445221149907
256,300,33259.822198103604,19556.161831988105,1.7007336349457058
512,400,35465.89338014736,27854.974889369056,1.2732337229168724
256,1000,302816.36271332164,282352.83372106106,1.0724750260961669
4096,400,38263.14078125577,32569.65752594252,1.1748094296287352
1024,900,253847.88134318424,253619.1459229753,1.0009018854604865
1024,300,77306.4040908596,77306.4040908596,1.0
128,700,131969.25223389317,77115.47929902589,1.7113198729163601
8192,100,31888.171785391976,31888.171785391976,1.0
256,700,84408.64381834117,52221.72197707259,1.6163512159824969
128,1000,185180.35146125153,112135.50198644286,1.6513980691292554
128,600,136387.61375811187,78385.53990888693,1.7399588484897197
2048,1000,36743.18189778598,36609.43763730977,1.0036532727380632
8192,100,9768.925659236022,9768.925659236022,1.0
4096,900,92232.17313557293,92225.73944329564,1.000069760267753
256,200,35210.72644041256,24001.323039952378,1.4670327290625236
2048,400,66503.6244481076,66503.6244481076,1.0
512,800,78248.85851171752,48425.21287150835,1.6158702021474505
4096,500,95840.79588635585,59644.592375848035,1.6068647981097577
256,1000,123266.2005954977,59696.58443065613,2.0648786152695955
256,300,49745.44971183189,42876.67356603513,1.1601984383237667
1024,400,74428.15428100078,60333.80288876994,1.2336062160413603
512,700,127439.07466582546,79385.89031895016,1.6053113992147867
1024,600,114616.02263264055,60935.422956383656,1.8809424317064376
1024,800,27757.76468920181,21523.526764125163,1.2896476025233796
2048,200,27032.28717728225,27032.28717728225,1.0
512,800,110171.37043797204,106838.68689460534,1.0311936026193802
4096,900,155185.21938336626,117302.28488761534,1.3229513775630688
2048,100,7348.806094934624,7152.901243328333,1.0273881666951596
256,800,127088.36021192138,92708.63347505928,1.370836301304247
8192,100,15423.483362375071,15423.483362375071,1.0
256,200,39545.08648457892,38240.07191018615,1.0341268859916852
128,700,248548.6639742207,188120.42398621296,1.3212210493021024
8192,600,129100.68041493383,129100.68041493383,1.0
256,100,12406.693995641781,9669.996324546642,1.2830091738657867
256,600,74299.33222498003,60144.36411673883,1.2353498672089496
256,1000,99260.81061728107,53373.921035885694,1.8597249122945931
1024,600,120179.35349076106,98570.30723941623,1.219224702210361
128,700,156341.9060933995,81990.87854229896,1.9068207204627399
2048,700,112842.44142785326,112840.09344125881,1.0000208080880018
256,900,88299.71287761757,48180.01047654898,1.8327043104441902
8192,300,44731.78923694513,44731.78923694513,1.0
4096,800,211690.8134321658,194034.7845986657,1.0909941424679044
4096,700,127143.61860249727,79385.74559253757,1.6015925485550777
512,900,86260.01688401839,62743.09571777348,1.3748128921152862
128,400,85737.8184621087,45577.515792113525,1.881142861168056
128,500,100441.26411083275,58953.46568758445,1.7037380744179997
256,100,24560.42975706825,22657.026405086697,1.0840094069694082
128,400,90369.02292164801,65575.75754197258,1.3780858400881788
256,1000,116330.7293698841,59303.79193163881,1.9616069323860754
512,300,30582.653293079493,30136.71866331647,1.0147970532142183
128,700,125957.08181530726,80281.32480017202,1.568946229136435
512,900,50166.60317073483,28000.950357785674,1.7916035895112392
128,1000,167763.0395303457,103156.1218404,1.6263023128176877
2048,1000,86212.28238377746,86205.71645145744,1.0000761658575592
256,100,73310.92496929507,72899.20165737675,1.005647843907172
1024,700,110962.53529575348,110859.18311471,1.0009322834440926
128,400,61479.16746170782,37234.73001022396,1.6511242983318741
4096,500,36087.53642193955,32672.0883644722,1.1045371822996575
512,500,33930.86521297349,18951.21109794996,1.7904325500676814
256,1000,113308.05760660364,61544.84579607809,1.841064936323622
2048,600,38332.61620791499,29865.350306368007,1.283514702311781
512,1000,67064.16697679639,49861.11429733623,1.3450194188776727
512,600,50407.94335651117,42366.510409600676,1.1898063557551868
128,500,98616.75199366525,57751.23288601085,1.7076129298973515
1024,700,39757.37600608143,36367.46158537439,1.0932128411753197
256,700,75496.05245096704,36804.73990335795,2.0512589587429475
128,600,119821.4121386222,66694.55216133053,1.7965697085540158
256,500,65440.86014285884,36276.16196639806,1.8039631701797865
2048,200,21053.7369850466,18018.92824454402,1.1684233767577987
128,500,94986.64331226953,67322.36886313646,1.4109224751935479
8192,500,25395.64251836336,25394.86628937575,1.0000305663742728
4096,300,20372.639353964572,20366.163083435094,1.0003179916856673
128,1000,211775.51243611192,118390.41659287378,1.7887893169966194
256,200,27146.772978099143,17417.097389354636,1.5586278454578375
1024,1000,127039.41839049454,126915.44900670389,1.0009767871820248
1024,100,9719.306867957976,9719.306867957976,1.0
256,200,23699.71654070316,12853.18145079113,1.8438794030441712
2048,200,25297.631918906758,24576.88970803912,1.0293260139679872
8192,400,20993.776061515306,20821.733470226685,1.0082626449682792
4096,1000,121946.34297082614,119739.81211684954,1.0184277126794163
128,200,55402.92303996542,38161.73671411596,1.451792497155193
1024,1000,82751.512148225,71753.33995595953,1.1532774948039475
256,1000,111060.42201197574,60202.342442558154,1.8447857260362193
4096,1000,121905.96704247322,120557.43492411824,1.0111858063271153
1024,700,36008.4802623539,27791.12101437876,1.2956828997190717
512,600,40534.796884388605,39588.435453367885,1.0239049970069027
1024,300,48212.033118804065,45111.95494347674,1.068719659327812
512,800,219670.78842591358,205909.12032910428,1.0668336986473161
512,300,25872.53884624804,17754.018043071766,1.4572779403220446
=======
256,300,38335.38498909301,17827.437375652476,2.1503586960540337
2048,600,53739.18862926159,53722.666447453994,1.0003075458256294
512,500,56372.9895448581,50986.98493784023,1.1056348912096707
128,200,37136.00096123278,28752.091133108686,1.2915930458522311
2048,900,49260.60381896081,42308.40617125458,1.164321899046855
2048,200,20983.392416218016,20983.392416218016,1.0
2048,400,42692.918385157594,42692.918385157594,1.0
128,1000,206888.77201466152,119877.02488971625,1.7258417299311006
1024,400,28373.127050836873,27677.385709128852,1.0251375382422243
8192,700,127778.93208582506,85672.54241504308,1.4914805663965984
512,100,26330.91122684363,26077.67380743252,1.0097108899083989
2048,700,103268.91959984694,87919.86057306842,1.1745801111004064
4096,100,12506.156799285585,12506.156799285585,1.0
256,1000,174218.33555588668,154489.75373513065,1.1277015552408753
128,600,141379.79946009835,90318.97399063353,1.5653388564263369
256,700,81683.98765470846,41935.33336202956,1.947855927351931
512,800,109676.612559754,101845.3758611526,1.0768933948388373
2048,900,27831.489728252403,25632.20759839876,1.0858015105180028
8192,800,36500.09774318068,35597.83621265971,1.02534596555619
128,300,60036.91943418195,30116.443643117553,1.9934929949108404
512,500,36589.65769559361,33191.11398476165,1.1023931800659739
128,700,189865.30806660885,103514.09104961141,1.834197703340811
128,700,152183.90825814835,88156.94624075736,1.7262838011939845
512,700,159264.0278552224,156144.92700669277,1.019975678418268
4096,400,34318.891360832946,33618.972390895855,1.0208191660886885
8192,100,17347.873752067557,17347.873752067557,1.0
1024,600,49717.27917861094,49110.74686009548,1.0123502971812528
128,900,174444.32790197976,102336.6893389555,1.7046117968912617
512,100,33641.93709583374,33641.93709583374,1.0
512,1000,140116.49381456498,131821.8771527211,1.062922914170265
4096,100,23406.310004142215,23406.310004142215,1.0
4096,700,58796.06304945136,58796.06304945136,1.0
1024,900,108638.9980926887,106758.6671591515,1.0176129112846086
512,400,201939.75223886696,199256.12813637196,1.0134682136383695
2048,200,44471.77191551684,44463.976038674446,1.000175330178201
512,400,44267.30966615958,36379.94568810993,1.2168052708398482
512,700,37416.288413830815,25871.051952994367,1.4462608046171923
256,500,90164.34389986604,62646.179782811574,1.4392632433846304
2048,1000,578728.0008594855,578726.0804275025,1.000003318378155
128,600,122427.78455459187,65760.98539115372,1.8617084860632436
128,200,44339.42804307371,27814.232772578187,1.5941273090511983
256,300,30822.713757943893,19556.161831988105,1.5761126351249066
512,400,35327.70732887677,27854.974889369056,1.268272811919127
256,1000,303471.96862769267,282352.83372106106,1.0747969645932274
4096,400,38263.14078125577,32569.65752594252,1.1748094296287352
1024,900,253818.04588639888,253619.1459229753,1.0007842466415529
1024,300,77316.72016585301,77306.4040908596,1.0001334439897278
128,700,131374.38608718093,77115.47929902589,1.7036059074178695
8192,100,31888.171785391976,31888.171785391976,1.0
256,700,83660.67295814039,52221.72197707259,1.602028232521148
128,1000,187403.81516102157,112135.50198644286,1.6712264344585412
128,600,138622.33040998742,78385.53990888693,1.7684681456696985
2048,1000,36636.7769379893,36609.43763730977,1.0007467828637626
8192,100,9768.925659236022,9768.925659236022,1.0
4096,900,92227.34750696576,92225.73944329564,1.0000174361699872
256,200,31614.11262453253,24001.323039952378,1.3171820808339596
2048,400,66503.6244481076,66503.6244481076,1.0
512,800,78439.84406662185,48425.21287150835,1.6198141301878102
4096,500,95840.79588635585,59644.592375848035,1.6068647981097577
256,1000,112316.73511345038,59696.58443065613,1.881459989455814
256,300,49007.16322701387,42876.67356603513,1.1429796005871833
1024,400,74079.79802586666,60333.80288876994,1.2278324003948258
512,700,127730.89275793161,79385.89031895016,1.6089873432765551
1024,600,114616.47420151676,60935.422956383656,1.8809498423200723
1024,800,27073.883130186983,21523.526764125163,1.2578739268377246
2048,200,27032.28717728225,27032.28717728225,1.0
512,800,107394.55406145581,106838.68689460534,1.005202864084232
4096,900,155185.21938336626,117302.28488761534,1.3229513775630688
2048,100,7348.806094934624,7152.901243328333,1.0273881666951596
256,800,127616.34807629188,92708.63347505928,1.3765314328640554
8192,100,15423.483362375071,15423.483362375071,1.0
256,200,39948.0552674484,38240.07191018615,1.0446647527565787
128,700,251106.95288584437,188120.42398621296,1.334820258029227
8192,600,129100.68041493383,129100.68041493383,1.0
256,100,11422.544436509335,9669.996324546642,1.181235654403918
256,600,78078.33549332393,60144.36411673883,1.2981820764082845
256,1000,101809.3079222077,53373.921035885694,1.9074728996162136
1024,600,120180.58200957978,98570.30723941623,1.2192371655865353
128,700,145862.89979598665,81990.87854229896,1.779013743836593
2048,700,112842.44142785326,112840.09344125881,1.0000208080880018
256,900,85424.16502674737,48180.01047654898,1.7730208894065418
8192,300,44731.78923694513,44731.78923694513,1.0
4096,800,211690.8134321658,194034.7845986657,1.0909941424679044
4096,700,127143.61860249727,79385.74559253757,1.6015925485550777
512,900,88315.74322013483,62743.09571777348,1.4075770761677173
128,400,79664.64573899138,45577.515792113525,1.7478935469487809
128,500,96513.97523353719,58953.46568758445,1.6371213143769925
256,100,25220.723124706135,22657.026405086697,1.1131523913943036
128,400,88389.88212500312,65575.75754197258,1.3479048574990244
256,1000,113372.80518487889,59303.79193163881,1.9117294441402162
512,300,31015.246251722754,30136.71866331647,1.0291514015915628
128,700,130014.96348959063,80281.32480017202,1.6194920028189674
512,900,49795.96011961024,28000.950357785674,1.7783667869603024
128,1000,168454.91647360043,103156.1218404,1.6330093984555636
2048,1000,86205.71645145744,86205.71645145744,1.0
256,100,73114.93433516125,72899.20165737675,1.00295932839976
1024,700,110979.70474868041,110859.18311471,1.0010871596793718
128,400,61879.624397548585,37234.73001022396,1.6618792288961837
4096,500,36087.53642193955,32672.0883644722,1.1045371822996575
512,500,29203.805426525014,18951.21109794996,1.540999426136102
256,1000,111981.91482671777,61544.84579607809,1.819517351587121
2048,600,38332.61620791499,29865.350306368007,1.283514702311781
512,1000,64243.09254190278,49861.11429733623,1.2884407708741257
512,600,54267.86200616484,42366.510409600676,1.2809141343363317
128,500,101088.59367819347,57751.23288601085,1.7504144695529138
1024,700,39770.35801706906,36367.46158537439,1.0935698089267574
256,700,75686.8874685748,36804.73990335795,2.056444025071601
128,600,119442.948868893,66694.55216133053,1.790895133083238
256,500,75330.17750304347,36276.16196639806,2.0765751782898207
2048,200,21053.7369850466,18018.92824454402,1.1684233767577987
128,500,96735.40538892939,67322.36886313646,1.4368984190914076
8192,500,25394.86628937575,25394.86628937575,1.0
4096,300,20366.163083435094,20366.163083435094,1.0
128,1000,212360.40258254326,118390.41659287378,1.7937296674342962
256,200,23912.276779954213,17417.097389354636,1.3729197377382436
1024,1000,127038.91083540334,126915.44900670389,1.00097278802278
1024,100,9719.306867957976,9719.306867957976,1.0
256,200,24131.890959009663,12853.18145079113,1.8775033287594578
2048,200,25426.88271516837,24576.88970803912,1.034585051942159
8192,400,20996.02711748582,20821.733470226685,1.0083707558502928
4096,1000,121947.13421199135,119739.81211684954,1.0184343206834814
128,200,45310.030842468885,38161.73671411596,1.1873157446136036
1024,1000,82901.2518245698,71753.33995595953,1.1553643617907208
256,1000,112737.75785632237,60202.342442558154,1.8726473635787626
4096,1000,121905.96704247322,120557.43492411824,1.0111858063271153
1024,700,36045.97895362736,27791.12101437876,1.2970322044575908
512,600,42589.8287194994,39588.435453367885,1.0758148997746304
1024,300,48200.266243827406,45111.95494347674,1.0684588221508065
512,800,219238.6222704445,205909.12032910428,1.0647348787661066
512,300,25627.54273294771,17754.018043071766,1.4434784661576068
>>>>>>> a2683253b43fac3e70a11df0799a71278281a7a7
4096,300,40149.01121804975,27038.37020234757,1.484890210378282
4096,600,109463.22251769836,94912.1411777341,1.1533110638892412
4096,900,144283.235105093,140681.77176184164,1.0256000709839526
8192,300,22793.463249481996,22793.463249481996,1.0
4096,300,84396.74424018276,84396.74424018276,1.0
<<<<<<< HEAD
4096,200,25048.57737743923,22891.533499154106,1.0942288937682934
256,1000,260843.5954778835,185455.41127141757,1.4065030170305135
256,600,82558.66274138285,60947.46333963169,1.3545873481447794
1024,100,25357.935069268617,22966.616877245033,1.1041214822716385
512,600,57562.28820366997,45650.69479994113,1.2609290714178616
=======
4096,200,25047.251795855973,22891.533499154106,1.0941709867004552
256,1000,259022.07512755148,185455.41127141757,1.3966811394274588
256,600,84917.60098225476,60947.46333963169,1.3932918013182716
1024,100,25357.935069268617,22966.616877245033,1.1041214822716385
512,600,57579.15871871057,45650.69479994113,1.2612986280065297
>>>>>>> a2683253b43fac3e70a11df0799a71278281a7a7
2048,800,326585.7313649922,326585.71281524695,1.0000000567990104
4096,400,31869.395781747382,23356.891524972118,1.3644536451982099
2048,100,15423.483362375071,15423.483362375071,1.0
4096,1000,209151.8103052296,206016.54078620241,1.0152185329734318
<<<<<<< HEAD
4096,600,39589.99517087296,39588.435453367885,1.0000393983113303
8192,400,62025.547349404296,51713.80244658222,1.1994002454852086
8192,100,10046.708265968835,10046.708265968835,1.0
512,500,50821.860883078596,49634.30850272633,1.0239260385845212
2048,400,65093.08835076349,65093.08835076349,1.0
2048,200,29139.908868514107,18668.090115124316,1.560947514652602
2048,600,25552.185793074328,21988.935751463338,1.162047407927592
1024,500,20670.779912848455,18951.21109794996,1.090736618678925
512,700,50205.39249106191,45768.474478069315,1.0969426677115623
1024,800,83023.1287585648,73049.88481197703,1.1365264842272904
256,300,90899.14751170944,84846.08854279631,1.071341638405169
128,200,39238.58691842967,27229.664207085396,1.4410235330121863
4096,400,119390.3076755318,119390.3076755318,1.0
2048,600,46438.828855901804,46223.89145421828,1.0046499200937333
2048,1000,46040.218657880556,39591.47510076323,1.1628821240104037
128,900,391377.5792783459,338702.04289260175,1.1555217557469735
256,800,104865.47792672324,83720.49717761383,1.2525663542614915
256,500,180990.3050689056,168436.94284215264,1.0745285565917515
8192,400,24898.237602795067,24898.237602795067,1.0
256,300,30462.705936332935,17418.244921114812,1.748896405711078
4096,1000,149810.49391361658,101937.33712569342,1.4696331897398238
1024,300,39197.35040523651,35881.381746181236,1.0924147426236779
8192,1000,71261.14520805598,71261.14520805598,1.0
1024,700,62864.89372633898,62690.77299864583,1.0027774538319525
8192,600,57412.70684815128,57412.70684815128,1.0
512,600,80474.89056298124,57983.443607786474,1.3878942945736743
256,1000,102317.06176513153,55640.122759479964,1.8389079083708302
1024,300,51792.89336175282,51521.92639179481,1.0052592554070563
1024,300,44752.498184276265,44731.78923694513,1.0004629581710098
8192,500,50705.354043764484,35523.310698868714,1.427382556586407
8192,200,8778.22964733385,8778.22964733385,1.0
256,800,89571.06188246183,46494.13725231726,1.9265022898773676
128,200,52082.58144793073,40631.50178593928,1.2818276253316865
1024,100,23653.167529953604,23406.310004142215,1.0105466229306415
256,900,119034.43880887699,109178.41073047477,1.0902745150113375
512,500,32861.825437813524,27177.07231873392,1.2091745958655356
512,500,91329.93175006325,83700.2145046859,1.091155289033939
4096,700,55637.18605184008,50507.556653425,1.1015616224244185
8192,900,26710.302526721316,26705.78819422772,1.0001690394779126
8192,200,25047.251795855973,22891.533499154106,1.0941709867004552
256,600,73347.93800756297,49150.780725377634,1.4923046373847693
256,700,76673.75498083269,38442.1107621229,1.994525104390977
512,700,125614.6070088288,117219.7735553616,1.0716161889657843
4096,400,71964.50192064916,61717.64616532399,1.1660279740396573
2048,300,62461.85801432151,60345.735579996704,1.035066644129635
256,200,20374.633616863553,11203.919044831486,1.81852738629548
256,700,111337.11252732642,91180.96638460988,1.2210565092905028
128,300,60175.21197409489,35497.12014444446,1.695213913952192
128,1000,200377.56614637547,117138.12384079055,1.710609318096307
2048,500,147480.780579358,147480.7458449727,1.0000002355181017
2048,1000,90521.88905135641,90498.72860811553,1.0002559200952001
128,700,154627.1419702237,85497.95080545712,1.8085479302546539
256,800,183676.4122881366,172736.1432098089,1.063335147323739
1024,100,19162.857591890384,17055.23313554162,1.1235764084606183
128,600,106966.12720785369,60795.15345049714,1.7594515538965054
256,900,112172.81222490134,67774.43745665345,1.6550902734772794
256,700,65795.396190948,41611.35817859911,1.5811883839154963
128,700,139467.09830313976,79467.31686824554,1.7550246289851723
512,400,208475.65885822006,206581.12796171213,1.0091708807827744
1024,500,105738.33203447686,96130.13367832509,1.0999499115262146
128,800,146597.6294781189,85356.69591600649,1.717470760845468
4096,700,54060.60321471926,52975.489317583066,1.0204833199487982
1024,400,26270.019615253674,25570.574939108395,1.0273534982225028
4096,800,55209.45612826473,42204.59269378442,1.308138584083423
512,600,91775.11642200168,86768.76873065204,1.0576975767270638
1024,400,165985.73904855567,165750.015347174,1.0014221639792187
1024,300,19321.125843164344,19296.06042391556,1.0012989915401447
4096,900,240351.63869457183,236191.38873228242,1.017613893481125
512,1000,63383.8483570567,41869.496402295794,1.5138431030563153
2048,500,35496.811911768345,35496.811911768345,1.0
2048,200,17264.052041610656,17264.052041610656,1.0
1024,600,370530.02784531395,370329.8703327854,1.0005404843858494
8192,100,42240.77972062386,42240.77972062386,1.0
2048,900,63145.649261714185,52808.3450619316,1.1957513379307645
2048,100,16755.433804020933,16755.433804020933,1.0
1024,600,65263.84349063626,65224.14081258479,1.0006087113997493
=======
4096,600,39590.932633242446,39588.435453367885,1.000063078518915
8192,400,62025.547349404296,51713.80244658222,1.1994002454852086
8192,100,10046.708265968835,10046.708265968835,1.0
512,500,51712.057036155384,49634.30850272633,1.0418611358978624
2048,400,65093.08835076349,65093.08835076349,1.0
2048,200,29139.908868514107,18668.090115124316,1.560947514652602
2048,600,25473.091629805283,21988.935751463338,1.1584504096843378
1024,500,20400.698354510514,18951.21109794996,1.0764852045111435
512,700,50608.90781823999,45768.474478069315,1.1057591146606829
1024,800,82955.2959262102,73049.88481197703,1.1355979018957894
256,300,90637.43448087343,84846.08854279631,1.0682570762841468
128,200,50381.49232719497,27229.664207085396,1.8502428801191482
4096,400,119390.3076755318,119390.3076755318,1.0
2048,600,46533.362455845076,46223.89145421828,1.006695044313465
2048,1000,45964.444025925324,39591.47510076323,1.1609682111854236
128,900,394370.7098536816,338702.04289260175,1.1643588166332133
256,800,108352.29014529557,83720.49717761383,1.2942146045242082
256,500,180375.35565985757,168436.94284215264,1.0708776389327654
8192,400,24907.943930872647,24898.237602795067,1.0003898399650781
256,300,33049.68488321007,17418.244921114812,1.8974176234682782
4096,1000,149810.49391361658,101937.33712569342,1.4696331897398238
1024,300,39124.43223528884,35881.381746181236,1.0903825419000972
8192,1000,71263.96500803792,71261.14520805598,1.0000395699504085
1024,700,62858.30838287287,62690.77299864583,1.0026724089720613
8192,600,57412.70684815128,57412.70684815128,1.0
512,600,79622.34181800166,57983.443607786474,1.3731909811460274
256,1000,101707.86251677311,55640.122759479964,1.8279589884521619
1024,300,51853.698446035436,51521.92639179481,1.0064394341880327
1024,300,44829.573278350814,44731.78923694513,1.0021860078274025
8192,500,50705.354043764484,35523.310698868714,1.427382556586407
8192,200,8778.22964733385,8778.22964733385,1.0
256,800,89892.90418873173,46494.13725231726,1.9334245025538457
128,200,49670.84557248292,40631.50178593928,1.2224713187852618
1024,100,23653.976553817087,23406.310004142215,1.0105811872794577
256,900,122163.76668954936,109178.41073047477,1.1189370304274817
512,500,35794.21528000437,27177.07231873392,1.3170739975302788
512,500,92370.4689477268,83700.2145046859,1.103587003860731
4096,700,55637.18605184008,50507.556653425,1.1015616224244185
8192,900,26705.78819422772,26705.78819422772,1.0
8192,200,25047.251795855973,22891.533499154106,1.0941709867004552
256,600,86687.84323156704,49150.780725377634,1.763712436551556
256,700,77663.26250635681,38442.1107621229,2.0202653019479513
512,700,125815.72377824275,117219.7735553616,1.0733319128860233
4096,400,71964.50192064916,61717.64616532399,1.1660279740396573
2048,300,62470.87152357129,60345.735579996704,1.035216008606895
256,200,22289.05794542168,11203.919044831486,1.9893983396554362
256,700,111825.93475839397,91180.96638460988,1.2264175210284751
128,300,59783.07642560517,35497.12014444446,1.684166946003974
128,1000,196741.12984209738,117138.12384079055,1.6795653147859877
2048,500,147480.780579358,147480.7458449727,1.0000002355181017
2048,1000,90538.4178425718,90498.72860811553,1.0004385612380051
128,700,146832.46730175253,85497.95080545712,1.7173799596186414
256,800,181543.5370660558,172736.1432098089,1.050987556469576
1024,100,19684.02365733455,17055.23313554162,1.15413395413017
128,600,108359.78885086258,60795.15345049714,1.7823754477253726
256,900,106726.67585253471,67774.43745665345,1.574733481495792
256,700,68389.5815708282,41611.35817859911,1.6435315876327545
128,700,140862.95303447064,79467.31686824554,1.7725897713146304
512,400,208475.65885822006,206581.12796171213,1.0091708807827744
1024,500,105738.33203447686,96130.13367832509,1.0999499115262146
128,800,146955.1091885922,85356.69591600649,1.7216588295920028
4096,700,54060.60321471926,52975.489317583066,1.0204833199487982
1024,400,26293.935572306676,25570.574939108395,1.028288790335017
4096,800,55209.45612826473,42204.59269378442,1.308138584083423
512,600,89476.61427489306,86768.76873065204,1.0312076059606967
1024,400,165994.67314012942,165750.015347174,1.0014760649791976
1024,300,19379.264042510476,19296.06042391556,1.0043119484893297
4096,900,240351.63869457183,236191.38873228242,1.017613893481125
512,1000,59532.31222335447,41869.496402295794,1.421854030708862
2048,500,35505.77229966692,35496.811911768345,1.000252427962287
2048,200,17264.052041610656,17264.052041610656,1.0
1024,600,370530.02784531395,370329.8703327854,1.0005404843858494
8192,100,42240.77972062386,42240.77972062386,1.0
2048,900,63157.49663143067,52808.3450619316,1.195975684474906
2048,100,16755.433804020933,16755.433804020933,1.0
1024,600,65270.66381535492,65224.14081258479,1.0007132788901554
>>>>>>> a2683253b43fac3e70a11df0799a71278281a7a7
8192,800,64186.63959957908,37633.65937538682,1.7055646637849533
8192,100,10684.936517822294,10684.936517822294,1.0
8192,400,33065.00032101046,33065.00032101046,1.0
4096,500,46851.32865794357,39732.50716487814,1.1791686958873357
<<<<<<< HEAD
256,100,23121.749832848476,21991.561029855697,1.0513919317259215
4096,500,177215.37734444547,168416.85806467704,1.0522425093359093
8192,700,31028.51572966078,27178.2605478337,1.1416667256924202
128,700,114003.05549353079,66112.1861711238,1.7243879244659521
1024,300,69843.82327612938,69759.15177939474,1.00121376901202
8192,500,29196.490937208662,25733.754935474775,1.1345600752947405
128,400,71861.98008176898,41136.22764878972,1.7469268377087868
4096,800,217796.08409256104,205904.23331794323,1.057754280147583
128,500,119234.03485609176,57987.80143842503,2.0561916799467164
128,500,242153.84608625312,221529.7019201307,1.093098776314691
4096,900,56592.911191311505,56582.92351860468,1.0001765139035903
2048,200,20330.555626091365,20330.555626091365,1.0
256,800,104988.19251707962,64365.04481652209,1.631136788863539
4096,600,109135.86023568563,90097.16084726775,1.21131297822683
4096,400,35053.10290940029,26546.468859735378,1.3204431479987695
8192,200,14764.440789441054,14764.440789441054,1.0
128,500,111022.48993182665,87204.24932258134,1.2731316512012865
512,100,17816.409856886505,17734.942567173664,1.0045936032442322
256,300,30866.01803758694,17384.468310224045,1.7754939344008702
1024,1000,53744.71371973286,52314.885183268474,1.0273311989781768
8192,600,37431.907055873475,37431.907055873475,1.0
128,500,98437.09641466255,58407.96924960856,1.6853367387930929
4096,300,26624.53624626503,26379.630010700643,1.0092839147275774
1024,300,21798.212745431767,20808.7058656712,1.0475525429667871
512,500,36819.40794244075,25985.590155750757,1.4169163648681808
128,100,33058.071340421906,26334.026394242417,1.2553367588197455
1024,200,12985.093641101299,12852.994725313132,1.0102776760289185
128,100,43411.66845812803,37075.777084129346,1.1708903190247852
512,100,17731.898369233237,17587.547381984677,1.0082075677815328
4096,700,26315.823442224202,18573.466244444164,1.4168504196192238
256,1000,225265.03794402455,209656.4276123502,1.074448518032246
8192,100,22145.94390660765,21991.561029855697,1.0070200963243292
1024,400,35511.361031439345,35230.280282919535,1.0079783852487851
1024,500,155930.8313861909,137454.56157220542,1.1344172910862607
128,600,123948.45166641806,68626.08174271135,1.8061420456892454
256,1000,170750.0863556209,162325.13891493177,1.0519016801526
8192,600,187251.6976331226,175112.73155290165,1.0693208653224267
512,300,81324.48516902086,81292.85491094316,1.0003890902602983
512,300,70170.27882558243,70018.5887807258,1.0021664253378724
2048,900,56893.91030751201,48708.8308539422,1.1680409755289243
8192,700,131022.17168535515,122288.61167366114,1.0714176070213337
128,900,184632.89918618547,109027.86800752781,1.6934468458416294
1024,600,145009.92166427837,144998.64652732457,1.000077760291036
=======
256,100,22228.556660186245,21991.561029855697,1.0107766624665162
4096,500,177215.37734444547,168416.85806467704,1.0522425093359093
8192,700,31025.81872338453,27178.2605478337,1.141567491737712
128,700,115674.50423308233,66112.1861711238,1.7496699312540076
1024,300,69874.63526097643,69759.15177939474,1.0016554599451968
8192,500,29204.087088394706,25733.754935474775,1.1348552576808746
128,400,69696.25173337679,41136.22764878972,1.6942791237063601
4096,800,217796.08409256104,205904.23331794323,1.057754280147583
128,500,120127.23251383197,57987.80143842503,2.0715948791642043
128,500,240261.22225959165,221529.7019201307,1.084555344845877
4096,900,56582.92351860468,56582.92351860468,1.0
2048,200,20332.68148783629,20330.555626091365,1.0001045648620737
256,800,106537.01463266081,64365.04481652209,1.655199882736871
4096,600,109135.86023568563,90097.16084726775,1.21131297822683
4096,400,35053.10290940029,26546.468859735378,1.3204431479987695
8192,200,14764.440789441054,14764.440789441054,1.0
128,500,113009.43479193076,87204.24932258134,1.2959166057825031
512,100,17816.409856886505,17734.942567173664,1.0045936032442322
256,300,34336.00355319951,17384.468310224045,1.9750965597841168
1024,1000,54773.58789643676,52314.885183268474,1.0469981479373414
8192,600,37431.907055873475,37431.907055873475,1.0
128,500,100693.58884633018,58407.96924960856,1.7239700359382895
4096,300,26624.53624626503,26379.630010700643,1.0092839147275774
1024,300,22320.288926187495,20808.7058656712,1.0726418581854245
512,500,47177.44398369431,25985.590155750757,1.815523284286606
128,100,33831.064200599314,26334.026394242417,1.2846901455219937
1024,200,12853.02181938754,12852.994725313132,1.0000021079970067
128,100,43411.66845812803,37075.777084129346,1.1708903190247852
512,100,17644.99672677787,17587.547381984677,1.0032664784660106
4096,700,26319.31564885244,18573.466244444164,1.4170384408847365
256,1000,227492.27486695608,209656.4276123502,1.0850717884384824
8192,100,22145.94390660765,21991.561029855697,1.0070200963243292
1024,400,35338.76946248683,35230.280282919535,1.0030794299306183
1024,500,155930.8313861909,137454.56157220542,1.1344172910862607
128,600,119866.96734655675,68626.08174271135,1.7466678018417916
256,1000,169066.75761059782,162325.13891493177,1.0415315750889274
8192,600,187251.6976331226,175112.73155290165,1.0693208653224267
512,300,81333.15592073991,81292.85491094316,1.0004957509468808
512,300,70037.03208948333,70018.5887807258,1.0002634058909026
2048,900,56941.99114120197,48708.8308539422,1.1690280826478394
8192,700,131022.17168535515,122288.61167366114,1.0714176070213337
128,900,197575.21642967174,109027.86800752781,1.812153351618599
1024,600,145008.63320452147,144998.64652732457,1.0000688742787334
>>>>>>> a2683253b43fac3e70a11df0799a71278281a7a7
8192,800,75864.44768908159,72564.30205494602,1.045478913745173
2048,600,88729.33441756957,77257.17482380915,1.1484931285660334
8192,900,81218.41684920517,62739.76887384828,1.2945284674623547
8192,500,44576.14394763512,44576.14394763512,1.0
<<<<<<< HEAD
512,800,100761.1918582733,76638.84971024984,1.314753447360227
128,300,59841.9672387655,33498.244300831684,1.7864210046757514
8192,500,194192.53228838427,194192.53228838427,1.0
8192,1000,59620.46966727884,55734.051128954416,1.0697314919622878
128,100,24458.935121287515,16571.57534387376,1.4759571503459739
2048,600,38890.77485295932,38888.55219463944,1.0000571545659185
8192,500,95840.79588635585,59644.592375848035,1.6068647981097577
512,400,21825.835069974888,20821.733470226685,1.0482237274424813
1024,300,28545.63539847057,27498.558447783562,1.0380775215062739
2048,1000,146820.60205634765,146820.54879419197,1.0000003627704441
512,400,49999.69891208557,43244.960742362484,1.1561971164678662
1024,800,67271.54412825507,48658.058952929256,1.382536533019784
8192,1000,131795.2356400754,131795.2356400754,1.0
4096,500,71233.84219990608,50105.57823296487,1.4216748855527777
2048,300,33356.887716256766,23136.448596413335,1.441746237641149
2048,300,36092.12445575482,22146.00515886802,1.6297352139513204
128,100,33902.6813579978,17055.23313554162,1.9878169409099171
1024,400,25443.379703040184,25217.910930007634,1.0089408188354039
512,700,210399.99505985004,185615.93158269516,1.1335233633547945
512,200,21441.735790314986,20395.27794022972,1.051308830070961
1024,500,67189.34993710172,66624.56129320196,1.0084771836832702
8192,300,30387.96483767547,25368.022265529136,1.1978846643858236
512,200,21285.553134171645,20983.392416218016,1.0143999936692834
4096,800,64364.434011798745,57706.6904436543,1.1153721261253957
2048,200,13425.033661097546,13077.143533780867,1.026602914192844
256,700,119791.44373687793,110869.26045606905,1.0804748155088868
128,1000,180787.51187537878,109034.07151832568,1.6580827383392107
4096,700,73696.69892425905,55459.99725740356,1.3288262273475142
4096,100,9732.32942883104,9732.32942883104,1.0
2048,100,30604.556396122767,30604.556396122767,1.0
4096,500,64104.47637605216,64104.02639356487,1.0000070195666733
2048,800,88785.41272319444,86685.18505562302,1.0242282192305845
128,400,70585.81461579094,43295.9730501957,1.6303090020394375
2048,400,64284.04050394998,60976.254062611086,1.0542471244288378
2048,600,145007.96428849755,144998.64652732457,1.0000642610217139
512,500,36092.0131035536,25759.53690717348,1.4011126532908575
2048,1000,96480.40423769936,83534.45135846849,1.1549774095441934
1024,900,40913.928933857525,40551.107961236245,1.0089472517734437
256,700,88311.84055191027,61540.66731447565,1.4350159724565983
512,600,37716.36083152017,27028.610176991602,1.3954236116671153
256,700,144991.2439718501,113100.77405254016,1.2819650898630939
128,600,122763.6492044666,72562.56792254497,1.6918316525885284
=======
512,800,100502.12478058903,76638.84971024984,1.3113730850679466
128,300,60358.93895757308,33498.244300831684,1.8018538050985111
8192,500,194192.53228838427,194192.53228838427,1.0
8192,1000,59620.46966727884,55734.051128954416,1.0697314919622878
128,100,26280.150088495873,16571.57534387376,1.58585708016053
2048,600,38895.40852007055,38888.55219463944,1.000176307037526
8192,500,95840.79588635585,59644.592375848035,1.6068647981097577
512,400,21275.435266005396,20821.733470226685,1.0217898186252103
1024,300,27506.378593477835,27498.558447783562,1.0002843838417612
2048,1000,146820.60205634765,146820.54879419197,1.0000003627704441
512,400,50341.894409916145,43244.960742362484,1.164110073074978
1024,800,67068.8702186194,48658.058952929256,1.3783712639154053
8192,1000,131795.2356400754,131795.2356400754,1.0
4096,500,71233.84219990608,50105.57823296487,1.4216748855527777
2048,300,33383.51147479652,23136.448596413335,1.4428969656117279
2048,300,36041.26169509662,22146.00515886802,1.6274385125691375
128,100,29503.388878328005,17055.23313554162,1.7298730919629302
1024,400,25739.833316713142,25217.910930007634,1.020696495762639
512,700,210096.8142515044,185615.93158269516,1.1318899862747103
512,200,21838.63681230083,20395.27794022972,1.0707692670970705
1024,500,67450.3997337063,66624.56129320196,1.0123954053051094
8192,300,30387.96483767547,25368.022265529136,1.1978846643858236
512,200,22172.427498832734,20983.392416218016,1.0566655314369338
4096,800,64364.434011798745,57706.6904436543,1.1153721261253957
2048,200,13425.033661097546,13077.143533780867,1.026602914192844
256,700,122437.16139029808,110869.26045606905,1.1043382168027782
128,1000,177593.0544795998,109034.07151832568,1.6287849477376548
4096,700,73696.69892425905,55459.99725740356,1.3288262273475142
4096,100,9732.32942883104,9732.32942883104,1.0
2048,100,30604.556396122767,30604.556396122767,1.0
4096,500,64104.02639356487,64104.02639356487,1.0
2048,800,88774.87936221369,86685.18505562302,1.0241067064141327
128,400,71067.08481901165,43295.9730501957,1.6414248211171782
2048,400,64284.04050394998,60976.254062611086,1.0542471244288378
2048,600,145007.96428849755,144998.64652732457,1.0000642610217139
512,500,39371.874353117964,25759.53690717348,1.5284387485302091
2048,1000,96483.10825722275,83534.45135846849,1.1550097796559187
1024,900,40660.00980589117,40551.107961236245,1.002685545479029
256,700,92434.53181510557,61540.66731447565,1.5020073042555884
512,600,40840.93936112289,27028.610176991602,1.5110262456590973
256,700,139043.8862838093,113100.77405254016,1.2293805011380157
128,600,118027.31738473073,72562.56792254497,1.6265592682816288
>>>>>>> a2683253b43fac3e70a11df0799a71278281a7a7
4096,100,22952.360678378518,22952.360678378518,1.0
