P,n,Algorithm Time,Optimal Time,Makespan Ratio
4096,600,19862.079529658768,18779.00655706,1.0576746682156934
256,400,56562.5627507817,43244.960742362484,1.3079573152525348
8192,800,47472.66892355978,46379.37991347244,1.0235727388362466
128,1000,194646.67031638965,119404.61005167404,1.6301436789764945
2048,600,121752.6593684584,111680.57587899217,1.0901865289482344
256,900,102144.45717651889,51518.201495127876,1.982686782770916
256,100,13691.920122697371,12924.548421892341,1.0593731924517542
4096,300,20446.92724821859,17279.41691731119,1.183311181509491
256,200,27661.366891171787,22891.533499154106,1.2083667043186048
2048,400,33308.596290948444,21733.26502109654,1.5326089411147243
8192,1000,60205.537836392105,60202.342442558154,1.0000530775664918
1024,500,81369.24832229374,53664.96732667876,1.516245185186989
256,600,93369.81566282861,58028.72573355824,1.6090275028878065
8192,900,52575.017380802,52575.017380802,1.0
8192,700,54692.88188405695,35360.41439156067,1.54672627075067
256,1000,109636.82045955001,58863.710166351215,1.8625536879974427
8192,900,149649.57060028278,149649.57060028278,1.0
2048,700,41630.99143737719,41611.35817859911,1.0004718245122837
1024,600,59160.8783842308,43965.34404781527,1.3456252797632917
4096,1000,34413.057383047904,33915.21825046568,1.014678930529229
2048,200,13856.523859667745,12441.910416424595,1.1136974464448575
512,800,60316.181749090865,54149.74440156318,1.1138774968501914
128,200,43582.88051973153,38939.521911435,1.1192453933784166
2048,800,88746.2064745657,71810.48771496736,1.2358390716801726
512,100,60772.00577985643,60573.79424177784,1.0032722324985528
1024,100,9641.96830944535,9640.921141579869,1.0001086169931381
512,900,62664.88562194088,46304.128599874144,1.353332575663916
256,800,118036.73385392847,86969.02217444926,1.3572273310968261
1024,100,30207.435502594955,20829.72320776272,1.45020820494328
1024,700,137041.57300145685,101971.47650017287,1.343920650214617
256,300,42905.33839203424,35896.699653227304,1.1952446549825597
1024,600,88130.83956959138,86765.25402755744,1.015738852578017
8192,200,21053.7369850466,18018.92824454402,1.1684233767577987
1024,300,18915.169295417185,18573.116360380285,1.018416561249062
4096,900,61673.705422389336,52757.84825268096,1.1689958454523457
512,900,64426.23193344067,53309.00486140186,1.2085431363977344
4096,100,60573.79424177784,60573.79424177784,1.0
8192,700,41707.977519806176,41694.171098573366,1.0003311355249196
1024,400,71124.16837658087,63377.543120814065,1.1222298131847699
256,700,68769.11149446876,38261.990551516115,1.7973218461250133
256,400,44993.37161254403,22632.151942540644,1.9880288770937422
512,500,109678.4390500284,62904.27191045394,1.743576957796425
256,900,92979.86461959181,47728.093563071816,1.9481160398062118
8192,500,84889.56492633495,84889.56492633495,1.0
8192,300,33351.02811527207,23136.448596413335,1.4414929748743817
1024,800,66570.1004774291,66116.18200423285,1.0068654671131372
4096,800,88746.2064745657,71810.48771496736,1.2358390716801726
4096,800,68754.6969842005,64362.85987349461,1.068235580571436
8192,500,66625.1587297458,66624.56129320196,1.0000089672116745
4096,700,137018.5543906216,101971.47650017287,1.3436949144341293
4096,800,43948.578664085064,43948.578664085064,1.0
4096,100,8321.239576006265,8321.239576006265,1.0
8192,600,60947.46333963169,60947.46333963169,1.0
8192,800,87137.91878214308,62102.16000225037,1.4031382930800715
<<<<<<< HEAD
512,300,51833.16686658383,51521.92639179481,1.0060409324065682
256,100,18592.088176181474,17954.53769414384,1.0355091561196577
128,600,119886.7774515845,70900.57950763027,1.6909139288301918
2048,900,129752.87775540326,129752.604791726,1.0000021037240654
8192,1000,30126.595158259835,28498.849543516073,1.0571161868221484
4096,300,18481.458954016285,18481.458954016285,1.0
256,500,76851.08575340097,66627.75825410518,1.1534394637788357
256,700,102672.13802138831,61827.216222082076,1.6606301285277365
128,500,93720.93936233528,53535.80791606614,1.7506215561231786
2048,700,88656.04345035662,69714.60276884174,1.2716997577153315
128,800,157632.0818456708,89245.39881899078,1.7662768493576142
512,300,25021.849589656864,25000.830378077444,1.0008407405378763
4096,200,53640.79281597229,53640.79281597229,1.0
4096,500,173165.7012270452,173165.7012270452,1.0
8192,1000,80580.04440710397,71753.33995595953,1.1230145447802438
128,900,176183.62637498573,103084.41806074536,1.7091198620451504
4096,300,19028.50780282153,19028.50780282153,1.0
4096,400,48786.97977664097,45126.38541333707,1.0811187142461007
128,900,173321.54529399786,103160.92321660006,1.6801085128919044
1024,400,27156.794852292187,26611.894241008282,1.0204758295801517
8192,600,26807.13199908461,18661.250273283804,1.4365131814057912
128,400,82417.72217087119,46532.57276323225,1.7711834372500808
4096,700,41663.71125395748,36793.786558940206,1.1323572578542878
8192,500,29587.00133662399,27177.07231873392,1.0886750783758572
256,900,104993.70696951987,51088.94408718974,2.055116010820949
8192,1000,132590.20560675484,94799.79607328854,1.3986338694679366
8192,600,19862.326151372123,18779.00655706,1.0576878010570183
4096,900,43605.8546570214,40761.55353335776,1.0697790166740326
8192,700,103650.17673083996,103650.17673083996,1.0
128,300,64903.72622194643,32755.432020731212,1.9814645149808519
4096,700,92388.85545586015,80356.03512507299,1.1497438283516384
256,100,14650.735080935345,14135.174116163842,1.0364736196763187
2048,500,36276.16196639806,36276.16196639806,1.0
512,600,41607.68115968647,30580.976963775065,1.3605739675672617
512,500,35694.13973247922,35496.811911768345,1.0055590293911847
512,400,39423.30283508831,34415.68964887445,1.1455037872930618
8192,1000,146820.54879419197,146820.54879419197,1.0
128,600,113799.07330408791,69365.62215019029,1.6405687684555097
2048,800,44866.471368337254,42695.059714644456,1.0508586161538498
8192,200,16319.454371522042,16319.454371522042,1.0
512,400,70689.94381566305,68462.06472805722,1.0325418039385073
1024,300,24911.951501151787,16760.521743464207,1.4863470172619324
1024,800,76852.10008890518,75591.86163784155,1.0166716154855584
1024,100,17347.873752067557,17347.873752067557,1.0
2048,200,27815.255661719853,27814.232772578187,1.000036775745354
256,100,22326.641369149384,18702.315368100946,1.1937902302316088
1024,700,57573.69302244991,42452.09110493904,1.3562039353993462
4096,800,52826.725032472896,44366.085532812314,1.1907006083149538
4096,800,78733.61137126268,78733.61137126268,1.0
8192,1000,58676.89014369309,45809.33523320091,1.2808937271188832
8192,700,64966.29240789171,57793.63501321383,1.1241080854844645
8192,1000,34363.77027208787,33915.21825046568,1.013225685835474
4096,900,32973.50944109399,32655.352187910106,1.0097428823107801
512,700,85510.70844914547,85438.48061711625,1.0008453782359836
=======
512,300,51873.7850191645,51521.92639179481,1.0068292987473721
256,100,18674.89172890969,17954.53769414384,1.0401210015561027
128,600,118893.79384151056,70900.57950763027,1.6769086327244376
2048,900,129752.87775540326,129752.604791726,1.0000021037240654
8192,1000,30196.762620240646,28498.849543516073,1.0595783024199612
4096,300,18482.584794619543,18481.458954016285,1.0000609173012833
256,500,73402.13841609274,66627.75825410518,1.1016750426474113
256,700,97950.0075220711,61827.216222082076,1.5842538853801327
128,500,100861.28005461811,53535.80791606614,1.8839965992994674
2048,700,88656.04345035662,69714.60276884174,1.2716997577153315
128,800,155640.7029249136,89245.39881899078,1.7439633301497934
512,300,26391.015943333878,25000.830378077444,1.0556055756642166
4096,200,53640.79281597229,53640.79281597229,1.0
4096,500,173165.7012270452,173165.7012270452,1.0
8192,1000,80580.04440710397,71753.33995595953,1.1230145447802438
128,900,177250.58849967632,103084.41806074536,1.719470234533666
4096,300,19028.50780282153,19028.50780282153,1.0
4096,400,48786.97977664097,45126.38541333707,1.0811187142461007
128,900,177426.81830003348,103160.92321660006,1.719903358440311
1024,400,26750.91375360555,26611.894241008282,1.005223961561633
8192,600,26765.49781642046,18661.250273283804,1.4342821313928265
128,400,81631.71541801625,46532.57276323225,1.754291898566967
4096,700,41663.71125395748,36793.786558940206,1.1323572578542878
8192,500,29587.00133662399,27177.07231873392,1.0886750783758572
256,900,98984.27464596434,51088.94408718974,1.9374891459301873
8192,1000,132590.20560675484,94799.79607328854,1.3986338694679366
8192,600,19860.463881479434,18779.00655706,1.0575886334100488
4096,900,43599.54587968551,40761.55353335776,1.0696242439338148
8192,700,103650.17673083996,103650.17673083996,1.0
128,300,60965.03561294322,32755.432020731212,1.8612190971670863
4096,700,92388.85545586015,80356.03512507299,1.1497438283516384
256,100,14570.753815648215,14135.174116163842,1.0308153048490771
2048,500,36285.27056446307,36276.16196639806,1.0002510904564117
512,600,40814.821262522506,30580.976963775065,1.3346473956953704
512,500,35596.10188130268,35496.811911768345,1.0027971517493215
512,400,39992.27749100719,34415.68964887445,1.1620362078757622
8192,1000,146820.54879419197,146820.54879419197,1.0
128,600,115402.95543626927,69365.62215019029,1.6636909157449644
2048,800,44823.05223294762,42695.059714644456,1.0498416569159468
8192,200,16319.454371522042,16319.454371522042,1.0
512,400,70483.6741361946,68462.06472805722,1.0295288991964755
1024,300,25172.098607699467,16760.521743464207,1.5018684378077531
1024,800,76786.04436815852,75591.86163784155,1.0157977684957444
1024,100,17347.873752067557,17347.873752067557,1.0
2048,200,27814.232772578187,27814.232772578187,1.0
256,100,22180.743431725445,18702.315368100946,1.1859891673924703
1024,700,57709.8884372212,42452.09110493904,1.359412149911904
4096,800,52850.067765633175,44366.085532812314,1.1912267474340568
4096,800,78733.61137126268,78733.61137126268,1.0
8192,1000,58676.89014369309,45809.33523320091,1.2808937271188832
8192,700,64966.29240789171,57793.63501321383,1.1241080854844645
8192,1000,34374.02885298549,33915.21825046568,1.0135281630544573
4096,900,33021.66995530901,32655.352187910106,1.0112176945846727
512,700,86517.39045408335,85438.48061711625,1.0126279146021115
>>>>>>> a2683253b43fac3e70a11df0799a71278281a7a7
1024,200,39819.55529994364,39819.40708715139,1.000003722124539
4096,700,144777.19944699187,132452.11299022113,1.0930531508974923
2048,700,99709.10047089912,91119.24221630921,1.0942705189996897
8192,300,19674.24141386905,19674.24141386905,1.0
8192,500,75288.1433121715,53378.57096652857,1.4104563301138482
<<<<<<< HEAD
8192,700,57385.630059631025,49777.7756414471,1.1528363676389208
256,1000,106585.49590645818,90498.72860811553,1.1777568320103455
2048,100,34300.968848800694,34300.968848800694,1.0
4096,700,91526.83913463607,82072.46511123,1.1151954435704212
1024,800,102246.03622578178,101845.3758611526,1.0039340064410525
1024,400,193674.0701051157,193515.84305327947,1.0008176439165897
256,100,17603.388103045385,17587.547381984677,1.0009006782308336
128,900,159974.59882743884,96720.06020199122,1.653996063415864
512,900,81584.96186231305,72227.30001714897,1.1295585165573445
4096,1000,90499.33385927406,90498.72860811553,1.0000066879520613
8192,300,32671.02721643224,25922.78608210399,1.26032082789847
512,500,91554.42887988809,86843.01321389293,1.0542520980287846
128,800,139707.6305755431,79920.49096406845,1.7480827368584912
128,100,25515.683222428066,22982.09428187623,1.110241865231135
2048,200,24337.522142430917,21228.428234486382,1.146458978196685
4096,500,97935.06095418494,97935.06095418494,1.0
128,400,86699.94066065058,48772.78954290394,1.7776293189952417
1024,700,112131.97635413516,107260.20847207752,1.0454200858963079
128,300,67439.40943793792,36726.85726982461,1.8362423156023002
4096,500,97704.51114863665,71401.30747796739,1.3683854623920684
256,500,73785.52845599494,49937.16420129462,1.4775674517393211
512,500,149454.998019101,147481.94731846493,1.0133782522980632
128,800,175939.44846706538,97370.5352483193,1.806906452946732
128,400,156484.5768303741,125078.80246001596,1.2510879042066114
2048,600,69810.88306363206,51282.51062023954,1.3613000264476127
4096,100,22656.454190491233,22656.454190491233,1.0
256,900,202720.82182831952,184098.91857787647,1.1011516167193873
2048,500,37498.69109117846,37441.44378906292,1.0015289822272362
1024,500,44652.09121738147,44576.14394763512,1.0017037649069773
128,200,38222.44172222507,27723.977542298137,1.3786781375042436
8192,200,67151.768032449,67151.768032449,1.0
2048,800,102177.1686656077,101845.3758611526,1.00325780921961
512,800,71648.21573957212,52828.81053104514,1.3562337485805713
512,800,86235.64573325413,76577.73322810722,1.1261190701006811
1024,600,67301.47482001137,48408.82573041455,1.3902728232824462
128,200,41479.58267179615,24735.736732623263,1.6769091262638605
2048,600,30581.42150765553,30580.976963775065,1.000014536614739
8192,500,28469.146325251975,19560.487282935454,1.4554415702152996
512,300,41802.13512965753,33160.64237859692,1.260594853754647
512,600,74331.22570960762,44462.8864987731,1.6717588884306624
4096,300,77306.4040908596,77306.4040908596,1.0
2048,200,10042.434298486689,10040.691196847953,1.0001736037494395
512,800,65063.560528488226,50772.066671360866,1.2814833981376772
128,500,191993.59067573055,173629.6110728368,1.1057652521907115
4096,600,79716.44372053785,72740.10717064606,1.0959077023838515
8192,400,48786.97977664097,45126.38541333707,1.0811187142461007
256,100,24058.39308288251,22363.056566867846,1.0758096958233518
2048,1000,44720.066322352475,28109.406843986402,1.5909288506356256
2048,500,106470.18029386172,62891.775190494496,1.692911036003857
2048,1000,100630.40879092847,75796.72432283711,1.327635325800077
1024,600,19956.026959030918,18779.00655706,1.0626774583838896
1024,800,112736.50444566678,112592.55358879731,1.0012785113427234
128,200,40778.996165396675,22186.36413155776,1.83802068349689
512,100,12506.156799285585,12506.156799285585,1.0
4096,900,86403.69109200682,85663.51049156082,1.008640558812015
8192,900,115414.78727487197,114082.80036744605,1.011675615457683
8192,300,34502.74586232038,24597.69281353905,1.40268219966262
4096,1000,109433.29774208395,97058.77161015228,1.1274951859233844
128,200,50104.496292664335,34129.72158000343,1.4680605048363626
4096,200,39531.928160618925,38939.460754354994,1.0152150901626873
8192,600,104029.86993284992,85848.15788843864,1.2117891925886024
4096,800,60651.10129694954,60650.662845165505,1.0000072291342497
2048,500,50705.354043764484,35523.310698868714,1.427382556586407
128,300,71215.38285290026,42868.394179046576,1.6612561355915978
128,100,30396.694420902677,17899.559780833548,1.6981811169149972
128,400,89769.34830656338,47063.4505065966,1.9074111086262353
4096,1000,38965.349795981085,30918.141407431434,1.260274648547129
2048,800,50763.481713515124,50763.481713515124,1.0
2048,100,21949.84902967429,21949.84902967429,1.0
128,900,178162.05119787343,102028.33792508653,1.7462016418290325
8192,700,32144.84089134162,31684.037608755014,1.0145437045706345
1024,700,75392.90157172293,66320.27242801076,1.1368002393771877
512,700,76331.91818399724,61346.24441089266,1.2442802149831966
8192,1000,544585.7100480688,544585.7100480688,1.0
8192,1000,52369.24178413961,52314.885183268474,1.0010390274332193
1024,100,32453.21018226745,31319.451246236975,1.0361998339982632
8192,1000,121905.96704247322,120557.43492411824,1.0111858063271153
4096,900,31670.378154018996,31640.39833817212,1.0009475170168989
8192,600,122634.8967329771,122634.8967329771,1.0
8192,1000,49557.77241888677,49557.77241888677,1.0
2048,100,23289.9839332401,23097.256435111492,1.0083441727665814
512,800,58754.70405564305,38336.594525084816,1.5326010247779842
2048,200,37968.6693478987,37946.30536557415,1.0005893586242216
2048,600,47545.10726752024,33916.34753113008,1.401834534920985
1024,100,30820.38022540123,29554.958545859663,1.0428158840953217
256,700,85939.71574720445,47523.960799855195,1.8083449758982695
128,1000,219470.3878240061,111804.66682439692,1.962980562955494
1024,800,47532.33259587985,40421.19798120487,1.1759258747843528
1024,800,37094.800973498976,34904.751507598776,1.062743591382492
1024,1000,61086.67225608522,55735.236402641,1.0960153073503542
8192,600,60304.7350232043,60144.36411673883,1.0026664328207744
4096,200,16397.45685213153,15726.677746397436,1.0426523081702843
1024,700,145882.58130732228,132452.11299022113,1.1013986716700603
8192,800,120712.62684671115,107232.14310089932,1.1257130871023202
128,1000,186687.67600198078,109237.63657662571,1.7090050815135227
2048,1000,80418.51297313276,56446.32882143322,1.4246898718167313
1024,1000,96768.11853849587,70250.77350904822,1.377466947407095
2048,900,94855.23056084359,82690.26725018611,1.1471148142967225
512,600,56984.35899096153,28950.864730709705,1.968312847336654
1024,700,30476.817936869826,29025.881672657724,1.0499876724013135
1024,100,17426.09101355068,17402.954696611207,1.0013294476336239
4096,100,17809.6328420409,17809.6328420409,1.0
128,700,142659.10134485862,83214.36890509089,1.7143565855503475
128,300,55552.326792419095,34512.68583773153,1.609620504576484
2048,1000,71312.23350321891,71261.14520805598,1.0007169165611045
256,500,59163.488780090105,35523.310698868714,1.6654835266233854
128,500,92706.16146555998,56026.380959696515,1.6546876645887527
2048,400,32985.97072485456,30788.555312709123,1.0713711763941836
128,900,175646.4494885728,103152.02937065497,1.702791991201884
128,300,51497.25427495436,30815.59640870832,1.671142547168145
4096,200,29262.956466577773,28939.495392742734,1.0111771497548694
128,500,107461.29777865855,62386.64500506909,1.7225048368914055
256,200,40643.70550322711,34123.56738045935,1.1910743402080954
1024,300,20657.03618256442,20366.163083435094,1.014282174700148
=======
8192,700,57387.34596546057,49777.7756414471,1.1528708389628688
256,1000,104480.36149814994,90498.72860811553,1.154495351537796
2048,100,34300.968848800694,34300.968848800694,1.0
4096,700,91526.83913463607,82072.46511123,1.1151954435704212
1024,800,105683.96812303612,101845.3758611526,1.0376903932007353
1024,400,193674.0701051157,193515.84305327947,1.0008176439165897
256,100,17674.0352121757,17587.547381984677,1.004917560607661
128,900,164862.24298072213,96720.06020199122,1.704529987227283
512,900,81872.45700974019,72227.30001714897,1.1335389387433998
4096,1000,90499.33385927406,90498.72860811553,1.0000066879520613
8192,300,32671.02721643224,25922.78608210399,1.26032082789847
512,500,90174.94216126749,86843.01321389293,1.0383672655296756
128,800,135778.47301619253,79920.49096406845,1.6989194057533672
128,100,25736.81105337232,22982.09428187623,1.1198636093695111
2048,200,24337.522142430917,21228.428234486382,1.146458978196685
4096,500,98078.50380629409,97935.06095418494,1.0014646731284136
128,400,84441.11242483597,48772.78954290394,1.7313160312586937
1024,700,112722.986526457,107260.20847207752,1.0509301457846931
128,300,66843.72967885617,36726.85726982461,1.8200231287901691
4096,500,97704.51114863665,71401.30747796739,1.3683854623920684
256,500,65982.64533975557,49937.16420129462,1.321313422479945
512,500,149333.48313939563,147481.94731846493,1.0125543217634128
128,800,171970.23252333057,97370.5352483193,1.7661424175677307
128,400,154570.51088069414,125078.80246001596,1.2357850238461134
2048,600,69810.88306363206,51282.51062023954,1.3613000264476127
4096,100,22656.454190491233,22656.454190491233,1.0
256,900,205044.84907199096,184098.91857787647,1.1137754130003434
2048,500,37600.19413913788,37441.44378906292,1.0042399633670465
1024,500,44652.09121738147,44576.14394763512,1.0017037649069773
128,200,41221.577961345545,27723.977542298137,1.4868565630041461
8192,200,67151.768032449,67151.768032449,1.0
2048,800,102111.379152272,101845.3758611526,1.0026118347433077
512,800,69768.82627638042,52828.81053104514,1.3206586628593575
512,800,86252.86173020341,76577.73322810722,1.1263438873709704
1024,600,67293.2031554284,48408.82573041455,1.3901019522799347
128,200,41043.06718433112,24735.736732623263,1.6592619669257953
2048,600,30582.079431242688,30580.976963775065,1.0000360507602137
8192,500,28469.146325251975,19560.487282935454,1.4554415702152996
512,300,42465.47440675462,33160.64237859692,1.2805986663926445
512,600,73694.3513742869,44462.8864987731,1.6574351594631718
4096,300,77306.4040908596,77306.4040908596,1.0
2048,200,10045.120200797857,10040.691196847953,1.0004411054839826
512,800,65631.02602888769,50772.066671360866,1.2926601245859537
128,500,193268.51407207447,173629.6110728368,1.113108028509027
4096,600,79716.44372053785,72740.10717064606,1.0959077023838515
8192,400,48786.97977664097,45126.38541333707,1.0811187142461007
256,100,24261.11203721934,22363.056566867846,1.0848745995287412
2048,1000,44719.46841268875,28109.406843986402,1.5909075798323304
2048,500,106470.18029386172,62891.775190494496,1.692911036003857
2048,1000,100630.40879092847,75796.72432283711,1.327635325800077
1024,600,20436.410700616667,18779.00655706,1.0882583505427001
1024,800,112640.17395369186,112592.55358879731,1.0004229441768278
128,200,41905.693620254315,22186.36413155776,1.8888040136620625
512,100,12509.937461482057,12506.156799285585,1.0003023040776753
4096,900,86414.56519167763,85663.51049156082,1.0087674985044046
8192,900,115414.78727487197,114082.80036744605,1.011675615457683
8192,300,34502.74586232038,24597.69281353905,1.40268219966262
4096,1000,109432.411547284,97058.77161015228,1.127486055426622
128,200,50055.03089485607,34129.72158000343,1.4666111699013467
4096,200,39531.928160618925,38939.460754354994,1.0152150901626873
8192,600,104029.86993284992,85848.15788843864,1.2117891925886024
4096,800,60650.662845165505,60650.662845165505,1.0
2048,500,50705.354043764484,35523.310698868714,1.427382556586407
128,300,75180.60499168029,42868.394179046576,1.7537537020322407
128,100,25113.786520777747,17899.559780833548,1.403039338859553
128,400,87673.66566880712,47063.4505065966,1.8628822307985777
4096,1000,38980.18862901885,30918.141407431434,1.2607545879083675
2048,800,50763.481713515124,50763.481713515124,1.0
2048,100,21949.84902967429,21949.84902967429,1.0
128,900,173752.66362200785,102028.33792508653,1.7029843586159792
8192,700,32133.12110881687,31684.037608755014,1.0141738090835293
1024,700,75411.60598777041,66320.27242801076,1.1370822710299946
512,700,74900.39914191663,61346.24441089266,1.2209451427904736
8192,1000,544585.7100480688,544585.7100480688,1.0
8192,1000,52342.92934087619,52314.885183268474,1.000536064592505
1024,100,32343.442268045947,31319.451246236975,1.0326950499150909
8192,1000,121905.96704247322,120557.43492411824,1.0111858063271153
4096,900,31658.572150126238,31640.39833817212,1.0005743863196626
8192,600,122634.8967329771,122634.8967329771,1.0
8192,1000,49557.77241888677,49557.77241888677,1.0
2048,100,23289.9839332401,23097.256435111492,1.0083441727665814
512,800,55214.893536435964,38336.594525084816,1.4402659970307785
2048,200,37949.92161277702,37946.30536557415,1.000095299059237
2048,600,47605.80001172237,33916.34753113008,1.4036240184184763
1024,100,30820.38022540123,29554.958545859663,1.0428158840953217
256,700,87831.32942155203,47523.960799855195,1.84814834334725
128,1000,212043.35230524914,111804.66682439692,1.8965518911503891
1024,800,47782.115997571644,40421.19798120487,1.1821053898449392
1024,800,35982.77993655939,34904.751507598776,1.030884861871196
1024,1000,61047.01657782272,55735.236402641,1.095303806317578
8192,600,60304.7350232043,60144.36411673883,1.0026664328207744
4096,200,16397.45685213153,15726.677746397436,1.0426523081702843
1024,700,145428.41669082208,132452.11299022113,1.0979697749446926
8192,800,120712.62684671115,107232.14310089932,1.1257130871023202
128,1000,201713.7999121936,109237.63657662571,1.8465595396756835
2048,1000,80418.51297313276,56446.32882143322,1.4246898718167313
1024,1000,97146.67399832104,70250.77350904822,1.3828555778935112
2048,900,94705.42658694458,82690.26725018611,1.1453031866544297
512,600,59911.071728652976,28950.864730709705,2.069405259080298
1024,700,33736.48542276587,29025.881672657724,1.1622897730801929
1024,100,17402.954696611207,17402.954696611207,1.0
4096,100,17809.6328420409,17809.6328420409,1.0
128,700,143995.5241445043,83214.36890509089,1.7304165859713077
128,300,57209.44836538582,34512.68583773153,1.6576353586147359
2048,1000,71266.3495906176,71261.14520805598,1.0000730325417366
256,500,64468.714332484284,35523.310698868714,1.8148284341790635
128,500,100368.97349395057,56026.380959696515,1.7914591621784854
2048,400,32986.90455241711,30788.555312709123,1.071401506741063
128,900,176370.83031365107,103152.02937065497,1.7098144495044285
128,300,51482.37502507825,30815.59640870832,1.670659699142789
4096,200,29262.956466577773,28939.495392742734,1.0111771497548694
128,500,102684.48108158479,62386.64500506909,1.6459369000086699
256,200,40588.092651361345,34123.56738045935,1.1894445911479894
1024,300,20393.186917339062,20366.163083435094,1.0013268986305008
>>>>>>> a2683253b43fac3e70a11df0799a71278281a7a7
2048,200,61372.60518345501,61372.60518345501,1.0
4096,500,114981.83515243819,114521.14245494771,1.0040227742023418
8192,100,14996.978704083662,12056.98525864028,1.2438415061788786
4096,700,57520.205103725944,42452.09110493904,1.354943975822991
<<<<<<< HEAD
1024,500,38489.96324116089,38397.17028659358,1.002416661276722
2048,1000,91444.40369284562,90612.693267471,1.0091787408075332
8192,1000,162392.86932151654,162392.86932151654,1.0
2048,1000,60587.97414313024,60543.78817954,1.000729818283904
8192,400,32120.436929723935,30165.425795839306,1.0648096647836571
128,700,126713.12008328902,75809.96321061933,1.671457348307211
128,1000,355901.09511455626,288023.0601366038,1.2356687514734384
2048,900,53647.04557790329,42076.23356110103,1.2749963824589885
4096,200,26168.682166838385,18050.62303154285,1.4497384451001776
2048,300,48198.78486748399,45111.95494347674,1.0684259843732091
128,100,29124.057007694482,14446.766271911083,2.015956821030636
128,1000,228659.0238869934,110076.46947736123,2.077274325499878
4096,300,20570.96909448887,20570.96909448887,1.0
256,200,28189.072968445274,27723.977542298137,1.0167759270991166
4096,400,66926.42590403692,66926.42590403692,1.0
2048,200,32540.902931029297,32540.902931029297,1.0
256,1000,201305.12625540228,194547.19755313522,1.0347367054743686
4096,600,57412.70684815128,57412.70684815128,1.0
256,500,115209.95957417932,73196.94614990943,1.5739722165215204
256,400,62489.38456253458,45126.42140747785,1.3847626869916065
512,500,116234.26326190379,114523.64185050332,1.0149368408457835
2048,900,61672.66649060858,52757.84825268096,1.1689761529930214
8192,300,84396.74424018276,84396.74424018276,1.0
512,900,151810.7659119772,149649.57060028278,1.014441707403672
2048,600,36917.41880766388,32874.997452313044,1.1229633967642
256,700,89736.2036672123,51196.085489777375,1.7527942382456265
128,300,52616.413797110814,27253.416999670506,1.9306354794977432
128,300,61221.391980700784,33300.695014947356,1.8384418689526132
1024,700,51561.888596216806,49201.53957608187,1.0479730723971565
256,800,93364.90373545379,57826.93902776309,1.6145572514330855
1024,1000,36464.90577579041,30928.88515915138,1.1789919225394714
4096,900,49098.806797007725,42308.40617125458,1.1604976703274328
512,600,35352.2385896784,21988.935751463338,1.607728495333193
2048,700,110870.38928293102,110859.18311471,1.000101084708602
256,400,72902.67894394898,53259.20525974124,1.3688277657995076
2048,500,66649.98421355653,66624.56129320196,1.0003815848068807
128,800,156460.119193401,92351.37447544445,1.6941828974619388
512,200,29674.45065653877,23117.237029627373,1.2836504041770902
128,900,166761.9024967235,94518.05570423097,1.764339112291522
512,300,33152.711700804946,32331.936268961428,1.0253859040490396
8192,400,34318.891360832946,33618.972390895855,1.0208191660886885
8192,500,31854.821425066075,30238.042864909574,1.0534683599523806
128,400,86839.87653988597,48720.51320368562,1.7824089039627908
512,400,186885.88054088491,186703.3320474569,1.000977746307075
8192,700,21808.592986442516,21733.392272247234,1.0034601461775166
8192,400,35053.10290940029,26546.468859735378,1.3204431479987695
1024,600,38434.35126792783,29865.350306368007,1.2869211602628583
512,700,46116.39414417252,29025.881672657724,1.5888025268019332
4096,400,39061.83981101695,36227.84755042349,1.0782269014643773
8192,300,30746.90512885161,27248.226586824265,1.1284002293095696
512,200,20515.485822045546,20330.555626091365,1.0090961702845371
2048,500,150425.0517802286,150425.0517802286,1.0
128,400,82591.19170155552,42797.12681057494,1.9298302913444105
2048,400,19109.337999903033,17742.443550288524,1.0770409355250439
4096,400,27724.391935842763,27155.933418576842,1.0209331238408859
8192,800,48600.44480731025,48235.14390825591,1.0075733349059588
1024,900,86414.32838276208,85663.51049156082,1.0087647340961496
512,700,94150.97821363708,80357.08323268619,1.1716574871316392
256,1000,148433.50188738378,95719.83817352499,1.5507078231609337
256,700,85910.2253982107,66354.8129063725,1.2947097826864666
256,500,116115.44756876184,63127.950965255164,1.8393666481060083
8192,700,95854.95894721552,73742.01759573007,1.2998689495141489
128,500,94351.31971683464,55659.95529531376,1.6951382590272843
2048,900,47144.29704189259,47139.992713958745,1.000091309473889
128,200,52829.04683544951,42776.4318576044,1.2350035882213968
4096,400,66503.6244481076,66503.6244481076,1.0
2048,400,25810.603068699493,23700.07824770922,1.0890513861992952
2048,100,9516.14337669928,9516.14337669928,1.0
256,300,31006.620104581532,16760.521743464207,1.8499794087062125
1024,800,36568.99313298335,35597.83621265971,1.0272813469482245
128,900,207042.66835196377,110304.68081578685,1.877007093631259
1024,900,75537.60420922277,75449.13454700036,1.00117257358555
2048,400,23344.740664976227,19252.6280861351,1.2125482588939682
8192,900,33317.21624203242,33158.57017036733,1.0047844666054648
256,500,89920.09091137076,84910.77897470127,1.058995006254294
512,100,11384.221460230954,9011.915100790524,1.2632410905904263
2048,400,32407.670446810047,32352.598258555856,1.0017022493159302
128,700,266170.7519001085,237800.98990500558,1.1193004369175914
2048,400,78360.88806338026,50876.400696790595,1.5402207504888108
4096,1000,281398.91676139703,281398.91676139703,1.0
4096,800,120712.62684671115,107232.14310089932,1.1257130871023202
128,1000,212229.32302682174,163336.4654407616,1.2993382858758658
128,1000,203077.52258405025,115948.15552755489,1.7514510831161019
128,600,110003.97755375631,64016.28039679616,1.7183750269761333
1024,400,21201.994392172113,18307.43976342798,1.1581081061113998
512,600,110393.02206973148,90097.16084726775,1.2252663794463976
128,700,208502.01674671058,142838.5537233773,1.4597040596651367
256,1000,334987.903894703,320464.419199229,1.0453201161357166
4096,700,112106.62893233435,107260.20847207752,1.0451837687926784
8192,700,40107.32466134114,40106.49652901174,1.0000206483338379
512,400,59438.87891526916,52638.32287426997,1.1291940105546818
256,400,74916.79766526727,60987.569802147,1.2283945385643142
8192,600,154139.23729344973,127907.92965534359,1.2050796045936178
8192,900,183126.6918346876,183126.6918346876,1.0
4096,800,46244.25978123434,36672.2149998591,1.2610162702583418
512,500,87387.93821748132,62600.06932840837,1.3959719079388309
8192,800,148024.03103293112,148024.03103293112,1.0
2048,200,13337.35876144625,13337.35876144625,1.0
1024,200,30131.327300548455,26688.32812098575,1.1290076757133163
8192,500,48021.98700860474,41189.47869015632,1.165879941570644
256,500,72891.4831626441,64106.45222511053,1.1370381706147898
1024,100,7358.038430706694,7152.901243328333,1.028678878737449
1024,300,24131.374713768608,24078.953359370287,1.0021770611710545
512,900,267630.65975363675,229800.42209317343,1.1646221417518758
256,100,27664.67837389531,25440.224664257337,1.0874384459647974
128,700,154788.53165835905,92417.89181801837,1.6748762454261104
128,1000,234916.54414815543,155765.44053451647,1.5081429060389018
2048,700,26089.188503083205,26067.12107591305,1.0008465617321487
2048,800,106112.60688901419,82940.54724397566,1.2793815620347455
8192,1000,172594.03018481666,111577.13934558528,1.546858354651352
2048,700,27254.448760769264,25871.051952994367,1.0534727698853692
256,1000,112897.79311139534,58569.061920395274,1.927601184134407
4096,700,66582.97055012165,60285.399819468286,1.1044626186358917
128,200,41030.28884031329,21601.854967306153,1.8993872934713971
8192,800,78175.44132986665,48425.21287150835,1.6143541079994355
2048,1000,60343.81635902656,60202.342442558154,1.0023499736177772
1024,700,58997.52439194183,58796.06304945136,1.0034264427249326
512,900,73292.76489865627,63466.880684134354,1.1548190821512712
128,300,66637.5591430621,34119.012930735975,1.9530916465356454
4096,900,68817.41819972453,68817.41819972453,1.0
4096,200,28779.18209724736,23681.10697554874,1.2152802707644745
256,900,260622.17347259528,253651.7844619295,1.0274801497078054
1024,500,68164.6243570432,62373.284305942194,1.0928496890222161
256,900,156040.15651225782,132038.8394742635,1.1817746742818998
1024,700,117334.61840295847,116488.33981442524,1.0072649210202618
128,700,132395.6091735754,78479.10754470208,1.687017262500879
1024,900,52597.3565330702,52575.017380802,1.0004249005208385
256,300,38132.25168276234,21515.230474413613,1.7723375879291674
1024,700,127878.73918230736,85672.54241504308,1.4926455498751883
1024,800,93491.21430876055,83711.93042021694,1.116820671073449
256,300,35479.366101854015,22793.463249481996,1.5565588130913066
1024,800,57901.86554545053,53281.95779009162,1.0867067943253772
2048,700,20852.148688386344,20241.050244316226,1.0301910442735904
1024,200,24337.522142430917,21228.428234486382,1.146458978196685
8192,900,51151.844025608865,51151.844025608865,1.0
256,300,82054.23117498081,80517.55870716526,1.0190849361616177
512,100,14399.056084570133,12228.569679313945,1.1774930725486088
2048,700,39700.46066636565,37075.37110490693,1.0708041344759807
1024,800,87178.51617191428,62102.16000225037,1.4037920125283119
128,700,147294.22080651048,91940.15576527944,1.6020662525583311
128,100,35928.93812492958,31016.524467410036,1.1583805323733534
1024,900,262672.7586368464,255315.3157889041,1.028817083789934
2048,300,25151.588631091337,24009.73900443229,1.0475577692222418
2048,900,115416.29428044993,114082.80036744605,1.0116888252103635
512,800,70670.49446597455,48658.058952929256,1.4523903334150596
512,400,32937.044433204035,28824.379087289086,1.1426801019186061
1024,500,27613.12355487714,27319.151569382047,1.0107606557527418
2048,400,71974.06743874023,61717.64616532399,1.1661829624211884
512,800,75823.65422681675,64362.85987349461,1.1780653373055263
2048,300,18908.50631716676,18573.116360380285,1.018057818100032
512,400,48946.17465990515,46346.74140253926,1.0560866455483637
1024,1000,319278.8366645242,318823.5863822797,1.0014279065341756
1024,700,92027.59731794588,82072.46511123,1.1212968587360455
2048,200,16329.790219371502,16319.454371522042,1.0006333451850875
128,600,144969.396707903,102083.55250788486,1.4201053269252721
256,200,50315.21750642361,44503.178337827754,1.1305982940021975
256,300,37182.01518852683,25925.04840988032,1.4342119868272398
8192,400,62641.756947637405,43214.48493372207,1.449554635296727
2048,900,53317.469815078664,53309.00486140186,1.0001587903150473
2048,800,53080.523224658966,50851.16746299596,1.0438407980167868
8192,1000,38515.79486863967,38513.66294334092,1.0000553550385973
4096,100,14384.95796845455,12228.569679313945,1.1763401890564837
128,800,168139.94384339033,89210.20923574897,1.884761231744898
256,400,45761.801453456996,26808.94972573375,1.7069598742814798
256,500,52946.77432532086,29868.4267369777,1.772666996878403
8192,300,62461.85801432151,60345.735579996704,1.035066644129635
8192,300,80360.55407407164,80360.55407407164,1.0
4096,800,112759.44110463203,77768.99443358157,1.4499279812719448
256,400,33487.703856993656,16466.24380733385,2.0337184514466298
8192,900,72933.47013669772,72933.47013669772,1.0
128,300,55464.930202290365,32718.346740617188,1.6952241090297857
1024,500,78453.17678019656,57888.8463754861,1.3552382141340915
256,200,40446.86926500927,39820.04492620314,1.0157414272125458
1024,200,24028.42081261518,24000.475759263372,1.0011643541416475
128,200,49960.656266376296,25552.63257851312,1.9552058330141517
8192,400,76270.46612357127,43737.033632128354,1.7438417695420594
512,600,55182.708121486416,53722.666447453994,1.0271773865777956
2048,900,104439.39514295681,81048.18639186893,1.2886086634683114
2048,900,140197.73271256403,113578.57949298169,1.2343677244284184
1024,500,37304.71487080686,36276.16196639806,1.0283534103018266
256,1000,206608.61667786003,178404.20743107868,1.1580927358884028
256,600,67137.05858523595,37319.166647534046,1.7989967251766645
8192,600,44246.76988634618,44245.02565111483,1.000039422176972
8192,700,112840.09344125881,112840.09344125881,1.0
512,200,17491.634016013766,17465.341889253814,1.0015053886105791
128,300,49835.18725319743,29869.66446699064,1.6684213948325717
256,800,81164.57085767899,44884.135805066064,1.8083131022101124
2048,700,26804.85446652044,18573.466244444164,1.4431799704881962
1024,700,57451.751539031815,35819.1385364328,1.603940069094509
8192,300,23670.10054418794,21519.631696399152,1.0999305600638427
2048,1000,52748.24214803752,52314.885183268474,1.0082836264143735
512,700,51765.55511892093,26960.090062369884,1.9200809418353464
8192,800,47410.138589706905,40421.19798120487,1.172902856856241
512,800,47661.0801733478,45863.92468154658,1.039184511667496
1024,600,57780.49941886577,57234.00896316298,1.0095483518558785
256,200,25993.14450783817,21352.04078691819,1.2173611303591858
8192,700,72502.0685654886,61816.893419918626,1.1728520240088125
256,800,126160.44200336399,101772.97572271765,1.239626149353149
1024,100,25440.224664257337,25440.224664257337,1.0
1024,300,25391.254334321966,24009.73900443229,1.0575397895676686
8192,800,52807.69621151402,44366.085532812314,1.1902717036520711
4096,200,97563.39295797232,97563.39295797232,1.0
2048,700,45850.7592641033,36017.436572769824,1.2730156176291496
1024,200,27187.477702723772,25552.63257851312,1.0639795183211522
128,600,116431.67315977479,68959.49422032459,1.6884067158001084
512,600,105801.04270343312,85860.7325228005,1.2322401590894583
2048,900,147582.43789985505,119327.18954102685,1.2367880150995556
512,900,107844.64045610724,101546.8599937516,1.0620184657875502
8192,1000,125673.09932425611,109603.29142325721,1.1466179317456973
256,300,38187.9004157481,24009.73900443229,1.590517098444863
512,400,36555.388064587314,33618.972390895855,1.0873440044374068
8192,800,99630.49994718055,77475.65594337959,1.2859587793615075
128,800,174169.07960124942,92675.16199414137,1.8793501500678234
128,100,75406.56519845496,72967.22941615328,1.0334305660475258
4096,1000,180084.44376155233,177234.74373613778,1.0160786760278622
512,300,37738.85080937318,22146.00515886802,1.7040929295666332
4096,500,84889.56492633495,84889.56492633495,1.0
512,1000,322558.8100924471,318872.8660565887,1.0115592903260833
4096,400,24910.88108204686,24898.237602795067,1.0005078061930928
512,200,20204.857763880937,18786.158172106803,1.0755183459426303
4096,600,86765.25402755744,86765.25402755744,1.0
2048,900,38773.95122637488,38773.95122637488,1.0
4096,700,86850.71812021882,83768.6586116748,1.0367925135680098
256,400,113615.12407487682,108365.40803212737,1.048444574131932
2048,400,23938.149079153907,22105.08631748286,1.0829249311829776
2048,100,17347.873752067557,17347.873752067557,1.0
128,1000,213290.46516934482,115440.97043804495,1.8476149703177858
256,600,59522.44417302966,32190.559785344685,1.8490652094881648
2048,500,27370.348168381097,27319.151569382047,1.0018740186300819
512,400,74682.57673646064,60333.80288876994,1.2378231299980176
1024,1000,172867.12403047175,111577.13934558528,1.549305933494624
4096,800,67864.85909306852,62454.88761199475,1.086622067350174
4096,300,30387.96483767547,25368.022265529136,1.1978846643858236
2048,300,23670.10054418794,21519.631696399152,1.0999305600638427
512,400,27106.456682194636,18378.334353517806,1.4749136761137538
256,200,23660.99180286162,12441.910416424595,1.9017169398380083
8192,400,28825.188424463282,28824.379087289086,1.0000280782171143
4096,1000,96208.32333750869,93286.52965676959,1.0313206385904727
512,100,11133.270555105813,9574.086555025397,1.1628545962185821
4096,200,22703.64482373528,16584.68314295091,1.3689525828164615
512,200,48551.56186608698,48339.89611714323,1.0043786968104114
512,1000,152958.05479493082,101940.34443496184,1.5004663329592574
8192,500,82266.25824208425,79358.12801462926,1.036645650549102
128,700,144640.68659719822,80381.02878996897,1.799438110889773
8192,600,57066.6499738179,46448.9967564828,1.2285873529841786
1024,800,93394.43621724253,75114.39828637919,1.2433626354985812
1024,100,33641.93709583374,33641.93709583374,1.0
2048,1000,139683.0462696234,121618.88196705427,1.1485309189691661
1024,300,86346.97441134191,86170.66124077488,1.0020460928119652
2048,300,42007.74784846237,31364.460634147326,1.3393422682591076
8192,400,78467.90727403564,78467.90727403564,1.0
256,500,100696.63299155887,83700.23600340706,1.2030627128394233
128,200,48662.38614344947,36595.856922978,1.3297239150832694
1024,500,147488.08430600236,147480.7458449727,1.0000497587735104
256,600,71198.9772645465,42749.93105715173,1.665475838296948
4096,400,77180.08129136279,31325.655831794265,2.4637977798705224
128,500,108887.94743425139,60599.398399554455,1.7968486537822126
256,100,25215.914151057164,17055.23313554162,1.4784854566724974
256,200,22998.831490077024,15726.677746397436,1.4624087719572842
8192,900,68186.15135445092,42142.405953476984,1.6179937953643386
256,500,103709.71323108781,75650.02876185662,1.3709143926112968
4096,900,38611.781354489096,36333.36856705928,1.0627085480176335
1024,1000,31548.79605973966,23682.09487621599,1.3321792782539785
2048,600,170029.76887403624,160778.42770955205,1.0575409356608265
1024,900,93901.27148461346,85706.05508068645,1.0956200398701326
1024,400,20751.362551400827,20429.860901844946,1.0157368496584744
128,200,36253.09819649583,28980.424713004046,1.250951238828063
2048,400,35679.915029422824,32093.024154301882,1.1117654371827137
2048,800,52910.51154325249,44366.085532812314,1.1925891344216266
128,900,283478.0316185865,164211.80971601093,1.7262950338884604
8192,600,103020.0017173615,97724.37299561259,1.0541894366719209
128,700,127136.31454953228,76932.73817319293,1.6525645332331702
1024,600,39602.714199343594,39588.435453367885,1.0003606797240707
2048,300,46527.39313765369,42876.67356603513,1.085144654843525
8192,900,104439.39514295681,81048.18639186893,1.2886086634683114
4096,900,93130.9914327715,85706.05508068645,1.086632576252576
4096,800,43168.04571068439,39511.64899287421,1.0925397145148157
128,700,121964.46784773313,68977.11224126474,1.7681875028506824
128,400,102088.62041670365,49027.35786518295,2.082278647310147
2048,200,45587.1976776367,44311.444499564175,1.0287906023484537
1024,600,54895.364251648556,54360.02424755477,1.0098480457193295
128,300,54613.03980539115,31753.51478726137,1.7199053450076773
128,900,160655.67797492188,100393.00888181973,1.6002675860033435
1024,600,37086.62161550413,32874.997452313044,1.1281102506334875
256,300,40276.0323413079,22337.66806533914,1.803054473882317
4096,200,17447.445451633095,17444.605877280243,1.0001627766412626
1024,800,64551.33903147155,57706.6904436543,1.1186110056770708
4096,100,20007.909292777418,18096.624174953435,1.1056155611867815
128,400,91497.3325415523,50363.62225938312,1.816734548407222
256,400,66241.7752727003,58595.613062953016,1.1304903526059624
128,700,169411.90408467496,86538.92833380034,1.9576381097673718
1024,500,86107.69846961182,62598.35627795712,1.375558458552259
4096,800,76714.89423435816,75591.86163784155,1.014856527834928
2048,100,14393.851728196489,12228.569679313945,1.1770674825973615
8192,200,30131.327300548455,26688.32812098575,1.1290076757133163
128,100,13984.913790192948,12506.156799285585,1.1182423197342157
512,800,60035.78050859983,44366.085532812314,1.3531908390745564
1024,700,124865.05340700524,117219.7735553616,1.0652217592625945
4096,100,20722.565533660163,20722.565533660163,1.0
512,300,88054.59628251655,86191.01916507911,1.0216214767558112
4096,200,16319.953660410909,16319.454371522042,1.0000305947047923
1024,400,26827.494958267187,19252.6280861351,1.3934458629877744
1024,400,38307.5854538155,32569.65752594252,1.1761740332486637
4096,700,170514.54536366955,170514.54536366955,1.0
8192,1000,28021.111233291776,28003.028411344018,1.0006457452273423
128,400,76563.59124581903,42723.60226027847,1.7920677844387363
128,300,59566.331678174894,33207.329205691334,1.7937706254306638
256,600,114008.93329534061,94961.903825476,1.2005754802986033
256,400,41795.876337974376,26944.926090923545,1.551159435247195
8192,400,20436.12788239088,20429.860901844946,1.0003067559087182
8192,300,25082.781938649972,25080.65034537924,1.0000849895533561
4096,400,48940.921402939224,38819.630796565834,1.26072609137923
8192,200,53640.79281597229,53640.79281597229,1.0
256,200,22605.483140434386,18620.644394921266,1.214001119456423
8192,500,44987.9302988407,43236.65246550346,1.040504473252977
512,1000,138636.700966997,94799.91351609524,1.4624137915849376
1024,100,17604.71125746263,16761.07212005239,1.0503332442798177
128,500,107523.59419249465,62235.40719591476,1.7276916635897368
4096,200,17740.67758730927,17740.67758730927,1.0
8192,900,162746.95902597156,162744.67958603505,1.0000140062332132
512,600,111115.78993518472,94912.1411777341,1.1707226131070776
2048,700,137018.5792487457,101971.47650017287,1.343695158209398
128,200,37294.35358024681,22407.83808966297,1.6643441206160439
2048,300,25049.299943928527,21245.29525451237,1.1790516273765699
128,500,120845.80778311491,76617.57157086262,1.5772596978141777
4096,900,235023.16966618467,212427.5200802827,1.1063687491025758
4096,900,65344.052303682205,60097.90469262115,1.0872933530360698
512,300,53053.69562510519,42586.891465992514,1.2457752561600057
128,500,102755.19417153044,59301.683299989054,1.7327534136210498
256,800,127648.75595331202,112709.77703380244,1.132543771380448
4096,500,33767.48503757228,25362.56656300998,1.3313906916195324
8192,400,56781.930622412154,56772.7824606574,1.0001611363994902
1024,800,117508.67362485098,101772.97572271765,1.1546156805418124
512,1000,61790.610368728536,31152.82778783593,1.9834671442845895
128,900,162878.74280968626,92800.87521868643,1.7551423133225894
128,100,25991.774091406875,13798.527712172872,1.8836628540070466
2048,200,14764.441624399278,14764.440789441054,1.0000000565519709
512,300,37415.34814436456,24597.69281353905,1.5210917718173316
4096,900,104439.39514295681,81048.18639186893,1.2886086634683114
8192,300,73079.30981278289,71342.42663188108,1.024345726139425
2048,300,20758.804641088478,19887.38962467144,1.0438174658848136
2048,600,27178.194852512825,26424.606119149255,1.0285184471611655
512,100,21977.798289269267,21561.33909716274,1.0193150893935585
256,400,35547.979265893984,20821.733470226685,1.707253592344969
128,1000,194567.75990001677,108573.46405908014,1.7920378757938764
8192,600,25082.002754245368,22032.708212275476,1.1383985351501629
2048,1000,59682.714076397235,55734.051128954416,1.0708483031012157
8192,900,253619.1459229753,253619.1459229753,1.0
256,1000,122654.66282760087,71828.30656007184,1.707609001265005
8192,100,17253.430595013517,16761.07212005239,1.0293751182164586
128,1000,205403.04967977267,112758.77583353377,1.8216147538086969
8192,200,29139.89239002461,18668.090115124316,1.560946631943691
2048,500,177215.37734444547,168416.85806467704,1.0522425093359093
1024,700,208686.6731063657,185588.29528429307,1.1244603157041204
2048,100,20721.11432278907,16561.60268801602,1.2511539319671565
128,1000,205820.26050553608,105648.99440198131,1.9481516286129097
1024,200,27032.302713702175,27032.28717728225,1.0000005747356788
4096,600,93830.21843648735,63281.703420590464,1.482738506782311
512,300,41176.46993357247,34690.24422950583,1.186975498389538
256,300,50581.50343433652,22146.00515886802,2.2840012485990933
8192,700,137018.5543906216,101971.47650017287,1.3436949144341293
128,200,39368.70838397596,22557.733121605976,1.7452422267673828
128,500,94778.49137684847,56208.21260609286,1.6862036165614467
1024,300,19583.673969984557,19555.262961639615,1.0014528573919295
8192,1000,154192.8048722063,154192.8048722063,1.0
1024,100,11987.092413323628,11936.420001605858,1.0042451934257468
512,1000,69699.59603934477,40844.58099378827,1.7064588335462378
8192,600,24529.032401041997,20442.695272351662,1.1998922878930267
2048,900,240354.51235418237,236191.38873228242,1.0176260601381144
128,600,105180.99461127569,61581.31829191577,1.7080016720766364
2048,100,9169.349964976815,9169.349964976815,1.0
8192,500,30666.80462561862,20558.185404494525,1.491707756410938
8192,100,25440.224664257337,25440.224664257337,1.0
4096,500,56265.69165701632,30807.185918026305,1.8263820592614854
1024,600,31896.034002548404,20442.695272351662,1.5602655901096933
2048,900,40366.36084463767,38891.783213405324,1.037914888683327
512,900,105604.84865678608,91856.52223014132,1.1496717499515072
512,900,101360.51725464058,96310.49967324318,1.0524347563197245
1024,600,45433.76644004859,37315.749872411354,1.2175493349428608
512,100,15325.01627141876,15312.764243852314,1.0008001186050628
256,600,120868.62062849701,82210.52420515442,1.4702329391170432
128,800,165949.6020563536,88007.77202189426,1.885624397071082
256,1000,153117.81699241247,117216.61555814055,1.3062808225892224
128,300,54802.43217499256,34152.10038414554,1.6046577387209116
8192,1000,82404.30443125752,81704.81311790232,1.0085612008235771
8192,300,69759.15177939474,69759.15177939474,1.0
1024,300,23692.437198229018,21519.631696399152,1.1009685264359537
8192,800,202129.88973115865,178142.21764117235,1.134654617011135
512,100,17682.80441468764,17402.954696611207,1.0160805864840254
2048,100,18595.337664656734,18595.337664656734,1.0
1024,600,57220.015634021656,46448.9967564828,1.2318891607930276
256,300,84212.57605943148,81301.47690523788,1.0358062272052777
128,1000,194006.34085819332,108467.36333138205,1.7886148874613874
2048,900,109079.15272347725,81142.94619253738,1.3442838575845195
2048,200,58667.68283716659,58164.57654757025,1.0086497026104002
512,100,19535.83295429763,16761.07212005239,1.1655479323978093
1024,300,73093.21554640139,71342.42663188108,1.0245406414832816
128,400,118016.3581808284,93117.14843824577,1.267396609112182
2048,1000,58681.41655253437,45809.33523320091,1.2809925368662467
1024,500,36233.53922900304,31663.06987732136,1.1443470064459946
4096,1000,318823.5863822797,318823.5863822797,1.0
128,600,105841.67450739206,55871.60268351879,1.8943733385799872
1024,300,30746.90512885161,27248.226586824265,1.1284002293095696
2048,800,103059.5391238463,86811.4173682552,1.187165723682017
2048,600,370329.99013737525,370329.8703327854,1.0000003235077681
4096,400,32984.071483653934,30788.555312709123,1.0713094897972861
1024,100,20769.26204959299,20722.565533660163,1.0022534138380201
8192,300,148542.84856807854,148542.84856807854,1.0
256,700,69460.80107761682,36575.40564901358,1.8991122543979262
512,400,29726.106354298176,28990.714279328946,1.0253664696869362
256,200,33386.21985948732,22182.883245990513,1.5050442040946943
4096,300,23670.10054418794,21519.631696399152,1.0999305600638427
1024,700,20344.06179824925,20241.050244316226,1.0050892395745104
1024,200,40391.504030824755,34123.56738045935,1.1836835105919992
512,100,13344.194099298318,13344.194099298318,1.0
2048,200,24882.517172980835,24882.517172980835,1.0
1024,900,47488.52504830927,47268.417986599445,1.004656535401126
8192,400,206533.6195535207,206533.6195535207,1.0
256,500,138041.7984306074,118964.10663554122,1.1603651078851258
4096,500,34446.02228958266,34433.87820574358,1.000352678364212
1024,200,25804.01655571428,25789.8571929023,1.0005490283527385
128,800,235601.79804834697,205600.62385254813,1.1459196651918477
1024,400,19182.696165371726,17742.443550288524,1.0811755500870555
4096,600,102007.14592153949,102007.14592153949,1.0
256,400,48746.11784270977,30799.159109877237,1.5827093742659024
8192,800,34002.287907534934,34002.287907534934,1.0
256,900,273966.94566470716,230159.98859425177,1.1903326348685328
1024,500,33841.72244864831,25362.56656300998,1.334317738095353
4096,700,27262.238715622807,25871.051952994367,1.0537738768858766
2048,300,19296.06042391556,19296.06042391556,1.0
128,400,85701.25830169111,57575.34732942383,1.4885061450231767
128,500,101116.85783851781,58198.746717059876,1.7374404698113077
512,200,21307.794896978015,20173.677302438762,1.0562176928646594
128,300,79811.32548161919,42886.675174210075,1.8609818820744999
512,700,115412.62031567616,107262.5973375693,1.0759819655723764
4096,700,85438.44490528817,85438.44490528817,1.0
2048,400,49285.71875470693,43244.960742362484,1.1396869810642922
8192,400,126599.04493294522,123287.74065024371,1.0268583418370476
8192,500,90247.07798795842,83700.2145046859,1.0782180012562095
256,900,94965.33027669149,48142.95380320393,1.9725696654360978
512,800,79795.43237739886,72564.78502388351,1.0996440263846368
512,900,153844.10252208816,107835.44573164219,1.4266561563156375
2048,700,96411.94825041256,84599.65574644411,1.1396257750666432
256,600,80401.46764205293,54695.76403720911,1.469976131741325
1024,200,8778.22964733385,8778.22964733385,1.0
8192,100,27048.854495395608,26872.954657817776,1.006545608393927
512,300,34085.92232235519,25922.78608210399,1.3149019636391124
512,600,92464.05343323131,77283.67991443432,1.1964240514375628
512,200,41956.65296271221,36722.781297896625,1.1425238361538634
8192,500,107204.63278326692,73187.77810821602,1.4647887332329355
2048,100,15982.980607392092,15982.980607392092,1.0
=======
1024,500,38400.587624674794,38397.17028659358,1.0000889997376292
2048,1000,91040.69240185666,90612.693267471,1.0047233904980872
8192,1000,162392.86932151654,162392.86932151654,1.0
2048,1000,60589.78342698226,60543.78817954,1.0007597021730101
8192,400,32120.436929723935,30165.425795839306,1.0648096647836571
128,700,131587.0272035608,75809.96321061933,1.7357484640637355
128,1000,354051.30746496876,288023.0601366038,1.2292463919279555
2048,900,53710.30705831438,42076.23356110103,1.2764998792089821
4096,200,26168.682166838385,18050.62303154285,1.4497384451001776
2048,300,48198.78486748399,45111.95494347674,1.0684259843732091
128,100,26438.821258707958,14446.766271911083,1.830085761829835
128,1000,226362.81075659808,110076.46947736123,2.0564141621852503
4096,300,20571.997170137052,20570.96909448887,1.000049977015835
256,200,32198.57408931338,27723.977542298137,1.1613980728482558
4096,400,66926.42590403692,66926.42590403692,1.0
2048,200,32540.902931029297,32540.902931029297,1.0
256,1000,198449.61286246154,194547.19755313522,1.0200589643973694
4096,600,57412.70684815128,57412.70684815128,1.0
256,500,116771.1433896074,73196.94614990943,1.5953007540841495
256,400,57544.78653466727,45126.42140747785,1.2751905588758161
512,500,115595.52161591906,114523.64185050332,1.0093594627982136
2048,900,61677.836842427234,52757.84825268096,1.169074154560369
8192,300,84396.74424018276,84396.74424018276,1.0
512,900,151684.57141378042,149649.57060028278,1.013598440712758
2048,600,36812.81167359563,32874.997452313044,1.1197814304623017
256,700,87810.26280398587,51196.085489777375,1.7151753295966243
128,300,52228.35017375462,27253.416999670506,1.9163963980878456
128,300,62439.9785145652,33300.695014947356,1.8750352954056477
1024,700,49227.41148291451,49201.53957608187,1.000525835310349
256,800,86497.24476780699,57826.93902776309,1.495794974143091
1024,1000,37882.27374966022,30928.88515915138,1.2248185977195314
4096,900,49093.38501527399,42308.40617125458,1.160369521285094
512,600,33857.07286190955,21988.935751463338,1.539732220085113
2048,700,110861.64149715393,110859.18311471,1.0000221757221626
256,400,63200.93642689273,53259.20525974124,1.1866669079770604
2048,500,66636.04405725094,66624.56129320196,1.0001723503138498
128,800,164034.8811567582,92351.37447544445,1.7762040044176481
512,200,29681.86676071296,23117.237029627373,1.2839712082664665
128,900,168858.16369126015,94518.05570423097,1.7865175329003458
512,300,32811.32260132273,32331.936268961428,1.0148270220618216
8192,400,34318.891360832946,33618.972390895855,1.0208191660886885
8192,500,31854.501985315517,30238.042864909574,1.053457795784852
128,400,87522.1628864825,48720.51320368562,1.7964129918044789
512,400,186915.76701016387,186703.3320474569,1.0011378209503672
8192,700,21736.9507312771,21733.392272247234,1.0001637323334198
8192,400,35053.10290940029,26546.468859735378,1.3204431479987695
1024,600,38386.54753247926,29865.350306368007,1.2853205182158647
512,700,45960.2315338566,29025.881672657724,1.5834224108048705
4096,400,39061.85363169099,36227.84755042349,1.078227282957482
8192,300,30746.90512885161,27248.226586824265,1.1284002293095696
512,200,20374.428256825864,20330.555626091365,1.0021579651604895
2048,500,150425.0517802286,150425.0517802286,1.0
128,400,80539.32640347489,42797.12681057494,1.8818862948429065
2048,400,19109.337999903033,17742.443550288524,1.0770409355250439
4096,400,27724.391935842763,27155.933418576842,1.0209331238408859
8192,800,48600.44480731025,48235.14390825591,1.0075733349059588
1024,900,86437.9084983873,85663.51049156082,1.0090399985055805
512,700,94828.91556497334,80357.08323268619,1.1800940470970276
256,1000,152993.86687747625,95719.83817352499,1.5983506637372544
256,700,88142.98759978729,66354.8129063725,1.328358618449549
256,500,117906.23324953108,63127.950965255164,1.8677342040521037
8192,700,95854.95894721552,73742.01759573007,1.2998689495141489
128,500,93927.60540586461,55659.95529531376,1.6875257069021175
2048,900,47162.86565124685,47139.992713958745,1.0004852130000719
128,200,52727.972679214756,42776.4318576044,1.2326407413955744
4096,400,66503.6244481076,66503.6244481076,1.0
2048,400,25810.603068699493,23700.07824770922,1.0890513861992952
2048,100,9521.39966976296,9516.14337669928,1.0005523553876405
256,300,35368.999275911985,16760.521743464207,2.110256459629855
1024,800,36503.655415542635,35597.83621265971,1.0254459062475483
128,900,203656.94718568542,110304.68081578685,1.846312828063938
1024,900,75596.54679663,75449.13454700036,1.0019537964287426
2048,400,23344.740664976227,19252.6280861351,1.2125482588939682
8192,900,33318.98028669295,33158.57017036733,1.004837666868669
256,500,90178.12932488686,84910.77897470127,1.0620339421424336
512,100,11396.263070054743,9011.915100790524,1.264577278258543
2048,400,32373.8519244639,32352.598258555856,1.0006569384547785
128,700,269466.0760573247,237800.98990500558,1.1331579240480385
2048,400,78360.88806338026,50876.400696790595,1.5402207504888108
4096,1000,281398.91676139703,281398.91676139703,1.0
4096,800,120712.62684671115,107232.14310089932,1.1257130871023202
128,1000,214776.0535794344,163336.4654407616,1.314930214755558
128,1000,200102.2072117405,115948.15552755489,1.725790343979957
128,600,107538.91649945785,64016.28039679616,1.6798682434045304
1024,400,21105.804584160156,18307.43976342798,1.1528539684900316
512,600,111130.04923581162,90097.16084726775,1.233446738951061
128,700,205771.4152739052,142838.5537233773,1.440587361815525
256,1000,335819.47481217806,320464.419199229,1.0479150092584943
4096,700,112106.62893233435,107260.20847207752,1.0451837687926784
8192,700,40109.57075379248,40106.49652901174,1.000076651541441
512,400,59414.09608562037,52638.32287426997,1.1287231971188514
256,400,73003.03886788429,60987.569802147,1.1970150492094915
8192,600,154139.23729344973,127907.92965534359,1.2050796045936178
8192,900,183126.6918346876,183126.6918346876,1.0
4096,800,46249.22610135258,36672.2149998591,1.2611516948602717
512,500,87251.56956355508,62600.06932840837,1.393793497349366
8192,800,148024.03103293112,148024.03103293112,1.0
2048,200,13346.32097606308,13337.35876144625,1.0006719632257877
1024,200,30136.81781120038,26688.32812098575,1.1292134027497582
8192,500,48021.98700860474,41189.47869015632,1.165879941570644
256,500,71514.85532945076,64106.45222511053,1.1155640789218149
1024,100,7348.806094934624,7152.901243328333,1.0273881666951596
1024,300,24078.953359370287,24078.953359370287,1.0
512,900,267720.6734957084,229800.42209317343,1.1650138457411539
256,100,30872.53942169124,25440.224664257337,1.2135324993833927
128,700,159125.37455613734,92417.89181801837,1.7218026880495587
128,1000,236272.19404458103,155765.44053451647,1.5168460554138443
2048,700,26076.551726042228,26067.12107591305,1.0003617833400824
2048,800,106120.60635907578,82940.54724397566,1.2794780102778234
8192,1000,172594.03018481666,111577.13934558528,1.546858354651352
2048,700,27317.254680452512,25871.051952994367,1.0559004222203945
256,1000,114476.04426239288,58569.061920395274,1.9545480243133164
4096,700,66582.97055012165,60285.399819468286,1.1044626186358917
128,200,44198.21677173695,21601.854967306153,2.0460380295409726
8192,800,78175.44132986665,48425.21287150835,1.6143541079994355
2048,1000,60391.40026258539,60202.342442558154,1.0031403731542112
1024,700,58797.43150254856,58796.06304945136,1.0000232745702047
512,900,73825.81546897814,63466.880684134354,1.1632179598742016
128,300,64379.970034520324,34119.012930735975,1.8869235802693427
4096,900,68817.41819972453,68817.41819972453,1.0
4096,200,28779.18209724736,23681.10697554874,1.2152802707644745
256,900,261779.9560540689,253651.7844619295,1.0320446063858044
1024,500,68171.9045782715,62373.284305942194,1.0929664092063351
256,900,162920.4132921156,132038.8394742635,1.233882499579765
1024,700,117285.27782246927,116488.33981442524,1.006841354330516
128,700,137500.1169986559,78479.10754470208,1.7520601507902616
1024,900,52592.894119203615,52575.017380802,1.0003400234425437
256,300,38491.20896842361,21515.230474413613,1.789021456879033
1024,700,127878.73918230736,85672.54241504308,1.4926455498751883
1024,800,93508.24014196124,83711.93042021694,1.1170240570557721
256,300,33271.8217591959,22793.463249481996,1.4597089259769258
1024,800,57352.42597372971,53281.95779009162,1.076394868966227
2048,700,20349.752083392767,20241.050244316226,1.0053703655573438
1024,200,24337.522142430917,21228.428234486382,1.146458978196685
8192,900,51151.844025608865,51151.844025608865,1.0
256,300,81757.22842291012,80517.55870716526,1.0153962655556092
512,100,15276.157360527019,12228.569679313945,1.249218654440709
2048,700,39868.730835638424,37075.37110490693,1.0753427315084054
1024,800,87160.16691627576,62102.16000225037,1.403496543648681
128,700,146414.94526105953,91940.15576527944,1.5925026887582467
128,100,35068.82767186339,31016.524467410036,1.130649815672005
1024,900,262673.1147414426,255315.3157889041,1.0288184785538756
2048,300,25121.401194668673,24009.73900443229,1.0463004695732496
2048,900,115414.78727487197,114082.80036744605,1.011675615457683
512,800,69527.82099140882,48658.058952929256,1.4289065878823592
512,400,34820.17034206537,28824.379087289086,1.2080111157509823
1024,500,27319.151569382047,27319.151569382047,1.0
2048,400,71974.06743874023,61717.64616532399,1.1661829624211884
512,800,76706.1175619865,64362.85987349461,1.1917760912543753
2048,300,18908.84743022795,18573.116360380285,1.0180761840572883
512,400,48947.93574155718,46346.74140253926,1.0561246435089267
1024,1000,319278.8366645242,318823.5863822797,1.0014279065341756
1024,700,91548.4061250941,82072.46511123,1.1154582234251362
2048,200,16319.454371522042,16319.454371522042,1.0
128,600,143871.96438054272,102083.55250788486,1.4093549925139033
256,200,48178.848320439174,44503.178337827754,1.0825934263550587
256,300,39020.49649388767,25925.04840988032,1.5051272374487268
8192,400,62641.756947637405,43214.48493372207,1.449554635296727
2048,900,53426.181049871084,53309.00486140186,1.002198056196582
2048,800,53068.21112570632,50851.16746299596,1.0435986777358395
8192,1000,38513.66294334092,38513.66294334092,1.0
4096,100,14384.95796845455,12228.569679313945,1.1763401890564837
128,800,160192.9724764122,89210.20923574897,1.7956798201546924
256,400,43573.433036397764,26808.94972573375,1.6253315956861931
256,500,53924.45129692898,29868.4267369777,1.8053997879362507
8192,300,62461.85801432151,60345.735579996704,1.035066644129635
8192,300,80360.55407407164,80360.55407407164,1.0
4096,800,112760.1912972383,77768.99443358157,1.449937627694812
256,400,30808.80767160254,16466.24380733385,1.8710282704474896
8192,900,72933.47013669772,72933.47013669772,1.0
128,300,61062.95475011893,32718.346740617188,1.8663215239513982
1024,500,78232.87119704897,57888.8463754861,1.351432548674486
256,200,40451.487229591956,39820.04492620314,1.0158573980656989
1024,200,24117.083466248274,24000.475759263372,1.0048585581450358
128,200,41350.290928815106,25552.63257851312,1.6182399524495974
8192,400,76270.46612357127,43737.033632128354,1.7438417695420594
512,600,56632.257717415574,53722.666447453994,1.0541594723859704
2048,900,104439.39514295681,81048.18639186893,1.2886086634683114
2048,900,140197.73271256403,113578.57949298169,1.2343677244284184
1024,500,37393.42043484404,36276.16196639806,1.0307986955588322
256,1000,206645.8587839365,178404.20743107868,1.1583014871651396
256,600,69174.45340237426,37319.166647534046,1.8535905170579452
8192,600,44245.02565111483,44245.02565111483,1.0
8192,700,112840.09344125881,112840.09344125881,1.0
512,200,17491.634016013766,17465.341889253814,1.0015053886105791
128,300,49611.17502776865,29869.66446699064,1.6609217382603882
256,800,79938.16866623891,44884.135805066064,1.78098936812361
2048,700,26374.692827547708,18573.466244444164,1.4200199618333011
1024,700,57379.08291837961,35819.1385364328,1.601911303925344
8192,300,23670.10054418794,21519.631696399152,1.0999305600638427
2048,1000,52864.47852649307,52314.885183268474,1.010505486943138
512,700,52593.67906766155,26960.090062369884,1.950797602900826
8192,800,47410.138589706905,40421.19798120487,1.172902856856241
512,800,47718.92111787843,45863.92468154658,1.0404456541652707
1024,600,58190.62660341596,57234.00896316298,1.0167141470182297
256,200,29095.244747316134,21352.04078691819,1.362644678214646
8192,700,72502.0685654886,61816.893419918626,1.1728520240088125
256,800,125027.24669378914,101772.97572271765,1.2284916089554874
1024,100,25440.224664257337,25440.224664257337,1.0
1024,300,25403.63715361394,24009.73900443229,1.0580555310877946
8192,800,52807.69621151402,44366.085532812314,1.1902717036520711
4096,200,97563.39295797232,97563.39295797232,1.0
2048,700,46275.75393329856,36017.436572769824,1.2848153099347528
1024,200,27225.86694501448,25552.63257851312,1.0654818778988886
128,600,112016.27675693428,68959.49422032459,1.6243778760766994
512,600,106724.08864435722,85860.7325228005,1.2429906606726935
2048,900,147582.43789985505,119327.18954102685,1.2367880150995556
512,900,109304.75614301307,101546.8599937516,1.0763972037120482
8192,1000,125673.09932425611,109603.29142325721,1.1466179317456973
256,300,40905.87802386422,24009.73900443229,1.7037202285419613
512,400,34453.32412083194,33618.972390895855,1.0248178831950863
8192,800,99630.49994718055,77475.65594337959,1.2859587793615075
128,800,170985.60231045482,92675.16199414137,1.844999227746308
128,100,79777.52818525462,72967.22941615328,1.093333662571457
4096,1000,180084.44376155233,177234.74373613778,1.0160786760278622
512,300,37913.21058745661,22146.00515886802,1.7119661228054424
4096,500,84889.56492633495,84889.56492633495,1.0
512,1000,322540.8616601301,318872.8660565887,1.0115030032153642
4096,400,24937.54294682521,24898.237602795067,1.001578639607236
512,200,20122.773206398393,18786.158172106803,1.0711489290171186
4096,600,86765.25402755744,86765.25402755744,1.0
2048,900,38839.834502469224,38773.95122637488,1.001699163330291
4096,700,86849.19399913022,83768.6586116748,1.0367743191607715
256,400,112368.7006624563,108365.40803212737,1.0369425327051052
2048,400,23938.149079153907,22105.08631748286,1.0829249311829776
2048,100,17347.873752067557,17347.873752067557,1.0
128,1000,210128.71281998992,115440.97043804495,1.82022649344205
256,600,56720.27789610414,32190.559785344685,1.7620158914392983
2048,500,27341.51019632608,27319.151569382047,1.000818423181527
512,400,74797.94399082665,60333.80288876994,1.239735279553362
1024,1000,172875.05201137732,111577.13934558528,1.5493769873050378
4096,800,67864.85909306852,62454.88761199475,1.086622067350174
4096,300,30387.96483767547,25368.022265529136,1.1978846643858236
2048,300,23671.54847893284,21519.631696399152,1.0999978444284326
512,400,27004.007074675457,18378.334353517806,1.469339198821715
256,200,25194.452895001137,12441.910416424595,2.0249665888722266
8192,400,28824.379087289086,28824.379087289086,1.0
4096,1000,96205.86423048834,93286.52965676959,1.031294277796161
512,100,11587.873447214579,9574.086555025397,1.2103372348490158
4096,200,22703.64482373528,16584.68314295091,1.3689525828164615
512,200,48551.63518383038,48339.89611714323,1.0043802135232984
512,1000,152707.16506341597,101940.34443496184,1.4980051902889486
8192,500,82266.25824208425,79358.12801462926,1.036645650549102
128,700,136997.670214876,80381.02878996897,1.7043532818277691
8192,600,57069.18653298638,46448.9967564828,1.2286419625418787
1024,800,92986.39908802579,75114.39828637919,1.2379304262480846
1024,100,33641.93709583374,33641.93709583374,1.0
2048,1000,139683.0462696234,121618.88196705427,1.1485309189691661
1024,300,86293.90827089215,86170.66124077488,1.001430266732814
2048,300,42007.74784846237,31364.460634147326,1.3393422682591076
8192,400,78467.90727403564,78467.90727403564,1.0
256,500,99836.44761886976,83700.23600340706,1.1927857361693206
128,200,52875.612361994536,36595.856922978,1.4448524179466535
1024,500,147609.80232109487,147480.7458449727,1.0008750733892942
256,600,68964.09295258748,42749.93105715173,1.6131977583868018
4096,400,77180.08129136279,31325.655831794265,2.4637977798705224
128,500,111048.15829935476,60599.398399554455,1.832496051646797
256,100,20808.804274837486,17055.23313554162,1.2200832500772887
256,200,28349.279472194386,15726.677746397436,1.802623537491156
8192,900,68186.15135445092,42142.405953476984,1.6179937953643386
256,500,104835.76995509316,75650.02876185662,1.3857994725304352
4096,900,38611.781354489096,36333.36856705928,1.0627085480176335
1024,1000,37801.66713160725,23682.09487621599,1.5962129756338237
2048,600,170029.76887403624,160778.42770955205,1.0575409356608265
1024,900,94263.93192117878,85706.05508068645,1.0998514846172265
1024,400,21415.401757093983,20429.860901844946,1.0482402136746822
128,200,35622.01854311472,28980.424713004046,1.2291751724097566
2048,400,35679.915029422824,32093.024154301882,1.1117654371827137
2048,800,52849.71675302187,44366.085532812314,1.1912188357013203
128,900,282817.0370534271,164211.80971601093,1.7222697779321283
8192,600,103020.0017173615,97724.37299561259,1.0541894366719209
128,700,126654.79250589939,76932.73817319293,1.6463055327729386
1024,600,39651.222510879226,39588.435453367885,1.0015859949197865
2048,300,46527.39313765369,42876.67356603513,1.085144654843525
8192,900,104439.39514295681,81048.18639186893,1.2886086634683114
4096,900,93130.9914327715,85706.05508068645,1.086632576252576
4096,800,43190.31152232073,39511.64899287421,1.0931032397587344
128,700,115961.62722006843,68977.11224126474,1.6811609453069531
128,400,91103.56596564277,49027.35786518295,1.858218960445765
2048,200,45587.1976776367,44311.444499564175,1.0287906023484537
1024,600,54901.39981374163,54360.02424755477,1.0099590751417151
128,300,53105.71888951701,31753.51478726137,1.6724359254497885
128,900,169875.14522746115,100393.00888181973,1.692101343704462
1024,600,37419.89078834374,32874.997452313044,1.1382477167526268
256,300,43072.79558276702,22337.66806533914,1.9282583775878608
4096,200,17447.445451633095,17444.605877280243,1.0001627766412626
1024,800,67819.25869184411,57706.6904436543,1.1752408285840596
4096,100,20007.909292777418,18096.624174953435,1.1056155611867815
128,400,93137.52885725704,50363.62225938312,1.8493016323881435
256,400,69055.98083665122,58595.613062953016,1.1785179337992413
128,700,180945.1111871549,86538.92833380034,2.0909100062946053
1024,500,86107.69846961182,62598.35627795712,1.375558458552259
4096,800,76714.89423435816,75591.86163784155,1.014856527834928
2048,100,14384.95796845455,12228.569679313945,1.1763401890564837
8192,200,30131.327300548455,26688.32812098575,1.1290076757133163
128,100,15437.33340132091,12506.156799285585,1.2343786863605266
512,800,60539.54402268934,44366.085532812314,1.364545537332011
1024,700,124764.60241501946,117219.7735553616,1.0643648134680497
4096,100,20722.565533660163,20722.565533660163,1.0
512,300,87750.59725108523,86191.01916507911,1.0180944383894464
4096,200,16321.55324454519,16319.454371522042,1.0001286117155246
1024,400,25522.98625115882,19252.6280861351,1.3256884274173124
1024,400,38310.935694461805,32569.65752594252,1.1762768971072606
4096,700,170514.54536366955,170514.54536366955,1.0
8192,1000,28071.189104109693,28003.028411344018,1.0024340471953406
128,400,73368.41672727144,42723.60226027847,1.717280679665077
128,300,58057.55197704649,33207.329205691334,1.748335483935761
256,600,115974.18008176237,94961.903825476,1.2212705875706051
256,400,40934.781105952294,26944.926090923545,1.5192018329469925
8192,400,20436.95566040514,20429.860901844946,1.0003472739532726
8192,300,25080.65034537924,25080.65034537924,1.0
4096,400,48940.921402939224,38819.630796565834,1.26072609137923
8192,200,53640.79281597229,53640.79281597229,1.0
256,200,24104.321443655903,18620.644394921266,1.294494483243034
8192,500,44987.9302988407,43236.65246550346,1.040504473252977
512,1000,136923.51077143513,94799.91351609524,1.4443421485631218
1024,100,17307.25038559686,16761.07212005239,1.0325861175008633
128,500,103987.81838086147,62235.40719591476,1.6708787339257163
4096,200,17740.67758730927,17740.67758730927,1.0
8192,900,162744.67958603505,162744.67958603505,1.0
512,600,110423.07597144936,94912.1411777341,1.163424137325795
2048,700,137018.5792487457,101971.47650017287,1.343695158209398
128,200,36436.32982701671,22407.83808966297,1.6260528874414377
2048,300,25034.31056911836,21245.29525451237,1.1783460888264767
128,500,126515.98551793658,76617.57157086262,1.6512659292643275
4096,900,235023.16966618467,212427.5200802827,1.1063687491025758
4096,900,65344.052303682205,60097.90469262115,1.0872933530360698
512,300,52573.20273957041,42586.891465992514,1.2344926086364487
128,500,104659.86728742828,59301.683299989054,1.764871778731576
256,800,121393.99389554594,112709.77703380244,1.0770493659936797
4096,500,33755.60868362867,25362.56656300998,1.3309224285234413
8192,400,56781.930622412154,56772.7824606574,1.0001611363994902
1024,800,117551.9248384518,101772.97572271765,1.1550406579318677
512,1000,61791.35701841634,31152.82778783593,1.9834911116012288
128,900,159970.84441226235,92800.87521868643,1.7238074968074282
128,100,28120.275014645722,13798.527712172872,2.0379185084969897
2048,200,14764.441624399278,14764.440789441054,1.0000000565519709
512,300,39679.960857832746,24597.69281353905,1.613157833892133
4096,900,104439.39514295681,81048.18639186893,1.2886086634683114
8192,300,73079.30981278289,71342.42663188108,1.024345726139425
2048,300,20747.758773181948,19887.38962467144,1.0432620451828012
2048,600,27207.64287888588,26424.606119149255,1.0296328640134083
512,100,22002.72589853092,21561.33909716274,1.020471214676377
256,400,36372.31776336194,20821.733470226685,1.7468438838375908
128,1000,192255.66320807603,108573.46405908014,1.770742647609183
8192,600,25074.394501535673,22032.708212275476,1.1380532188759949
2048,1000,59622.72166274899,55734.051128954416,1.0697718980591808
8192,900,253619.1459229753,253619.1459229753,1.0
256,1000,124511.76682452661,71828.30656007184,1.733463766410729
8192,100,17253.430595013517,16761.07212005239,1.0293751182164586
128,1000,193412.32901277137,112758.77583353377,1.715275175550919
8192,200,29139.89239002461,18668.090115124316,1.560946631943691
2048,500,177215.37734444547,168416.85806467704,1.0522425093359093
1024,700,208758.01350425443,185588.29528429307,1.1248447170898837
2048,100,20721.11432278907,16561.60268801602,1.2511539319671565
128,1000,200962.0063481698,105648.99440198131,1.902166769174672
1024,200,27032.302713702175,27032.28717728225,1.0000005747356788
4096,600,93830.21843648735,63281.703420590464,1.482738506782311
512,300,41209.117646330924,34690.24422950583,1.1879166192574817
256,300,44677.98970663587,22146.00515886802,2.01742884940787
8192,700,137018.5543906216,101971.47650017287,1.3436949144341293
128,200,40297.885350271754,22557.733121605976,1.786433288000651
128,500,95614.00932156213,56208.21260609286,1.7010683117007313
1024,300,19555.474655752027,19555.262961639615,1.000010825429084
8192,1000,154192.8048722063,154192.8048722063,1.0
1024,100,11943.845361977195,11936.420001605858,1.0006220759968514
512,1000,74270.0553007779,40844.58099378827,1.8183576252642435
8192,600,24529.321679844117,20442.695272351662,1.1999064386103497
2048,900,240354.51235418237,236191.38873228242,1.0176260601381144
128,600,111170.90348322607,61581.31829191577,1.805269951452473
2048,100,9173.28877747724,9169.349964976815,1.0004295628932771
8192,500,30666.80462561862,20558.185404494525,1.491707756410938
8192,100,25440.224664257337,25440.224664257337,1.0
4096,500,56265.69165701632,30807.185918026305,1.8263820592614854
1024,600,33728.69961244444,20442.695272351662,1.6499145128901782
2048,900,40515.0023695356,38891.783213405324,1.0417368148748392
512,900,104993.45839935173,91856.52223014132,1.143015823484984
512,900,99347.93706437746,96310.49967324318,1.0315379673186156
1024,600,45433.76644004859,37315.749872411354,1.2175493349428608
512,100,15337.775543463757,15312.764243852314,1.0016333628085134
256,600,121986.39946921918,82210.52420515442,1.4838294810626071
128,800,170075.40508580397,88007.77202189426,1.9325043820390457
256,1000,151337.90080521937,117216.61555814055,1.2910959771753037
128,300,56791.55249554379,34152.10038414554,1.6629007251896044
8192,1000,82404.30443125752,81704.81311790232,1.0085612008235771
8192,300,69759.15177939474,69759.15177939474,1.0
1024,300,23670.10054418794,21519.631696399152,1.0999305600638427
8192,800,202129.88973115865,178142.21764117235,1.134654617011135
512,100,17424.556523908803,17402.954696611207,1.0012412735466008
2048,100,18595.337664656734,18595.337664656734,1.0
1024,600,57098.68356599482,46448.9967564828,1.2292770038790055
256,300,84136.5255818397,81301.47690523788,1.034870813969422
128,1000,190327.13958161525,108467.36333138205,1.7546949952138213
2048,900,109079.15272347725,81142.94619253738,1.3442838575845195
2048,200,58667.68283716659,58164.57654757025,1.0086497026104002
512,100,18140.8176943555,16761.07212005239,1.082318455789736
1024,300,73177.84665285112,71342.42663188108,1.0257269076427775
128,400,117759.86771628006,93117.14843824577,1.2646421168532351
2048,1000,58676.89014369309,45809.33523320091,1.2808937271188832
1024,500,35851.02125166987,31663.06987732136,1.1322661191910555
4096,1000,318823.5863822797,318823.5863822797,1.0
128,600,103297.18465178892,55871.60268351879,1.8488316012144737
1024,300,30746.90512885161,27248.226586824265,1.1284002293095696
2048,800,103059.5391238463,86811.4173682552,1.187165723682017
2048,600,370329.99013737525,370329.8703327854,1.0000003235077681
4096,400,32989.10186296241,30788.555312709123,1.0714728745114237
1024,100,20769.26204959299,20722.565533660163,1.0022534138380201
8192,300,148542.84856807854,148542.84856807854,1.0
256,700,69348.98108693026,36575.40564901358,1.8960550089975714
512,400,29385.69435839677,28990.714279328946,1.013624365210948
256,200,32899.04708198191,22182.883245990513,1.4830825514049581
4096,300,23670.10054418794,21519.631696399152,1.0999305600638427
1024,700,21548.896188313964,20241.050244316226,1.06461354169925
1024,200,40385.48433006315,34123.56738045935,1.1835071016985652
512,100,13344.194099298318,13344.194099298318,1.0
2048,200,24882.517172980835,24882.517172980835,1.0
1024,900,48600.19990474019,47268.417986599445,1.0281748781716855
8192,400,206533.6195535207,206533.6195535207,1.0
256,500,129287.08740036596,118964.10663554122,1.0867739106926617
4096,500,34433.87820574358,34433.87820574358,1.0
1024,200,25800.317600159786,25789.8571929023,1.0004056015967535
128,800,238792.86563734792,205600.62385254813,1.1614403748531643
1024,400,19127.19355720062,17742.443550288524,1.0780473108445976
4096,600,102007.14592153949,102007.14592153949,1.0
256,400,46893.536731030596,30799.159109877237,1.522558994670472
8192,800,34003.099076892955,34002.287907534934,1.0000238563169699
256,900,275569.0042486507,230159.98859425177,1.197293265140234
1024,500,33871.89125319431,25362.56656300998,1.3355072393420448
4096,700,27239.596863600687,25871.051952994367,1.0528986959282853
2048,300,19296.06042391556,19296.06042391556,1.0
128,400,83891.5169168243,57575.34732942383,1.457073570686939
128,500,100125.00239737969,58198.746717059876,1.7203979131054024
512,200,24462.10193925283,20173.677302438762,1.2125752569808206
128,300,74575.74335424376,42886.675174210075,1.738902422519569
512,700,115550.53704505968,107262.5973375693,1.077267751417646
4096,700,85440.3091746526,85438.44490528817,1.000021820029221
2048,400,49285.71875470693,43244.960742362484,1.1396869810642922
8192,400,126599.04493294522,123287.74065024371,1.0268583418370476
8192,500,90247.07798795842,83700.2145046859,1.0782180012562095
256,900,92525.7049656748,48142.95380320393,1.9218950574552653
512,800,78991.78159441173,72564.78502388351,1.0885690844176399
512,900,154940.5474798141,107835.44573164219,1.4368239165570569
2048,700,96411.94825041256,84599.65574644411,1.1396257750666432
256,600,76844.78817357312,54695.76403720911,1.4049495335926965
1024,200,8788.362600283966,8778.22964733385,1.0011543276215373
8192,100,27048.854495395608,26872.954657817776,1.006545608393927
512,300,33085.564251315154,25922.78608210399,1.2763120501988034
512,600,91899.64305616062,77283.67991443432,1.1891209522878383
512,200,41978.70203149902,36722.781297896625,1.143124255512298
8192,500,107204.63278326692,73187.77810821602,1.4647887332329355
2048,100,15985.37228043863,15982.980607392092,1.0001496387379356
>>>>>>> a2683253b43fac3e70a11df0799a71278281a7a7
8192,300,24280.001026100275,21017.690379287385,1.1552173710784057
8192,200,36645.349012206316,35921.64382160135,1.0201467726309832
8192,900,101158.61654056568,101158.61654056568,1.0
4096,1000,177645.49193167785,164826.80934945482,1.0777706165205547
<<<<<<< HEAD
256,300,36524.951818655405,17827.437375652476,2.048805504067497
2048,600,53749.99096130373,53722.666447453994,1.000508621698375
512,500,57142.382268555695,50986.98493784023,1.1207248739696944
128,200,38155.70980202552,28752.091133108686,1.327058599855659
2048,900,49145.109006706654,42308.40617125458,1.1615920677271248
2048,200,20983.392416218016,20983.392416218016,1.0
2048,400,42692.918385157594,42692.918385157594,1.0
128,1000,207778.07683283542,119877.02488971625,1.7332602058149662
1024,400,29570.592376300236,27677.385709128852,1.0684026550436425
8192,700,127778.93208582506,85672.54241504308,1.4914805663965984
512,100,26349.46213772906,26077.67380743252,1.0104222612915374
2048,700,103268.91959984694,87919.86057306842,1.1745801111004064
4096,100,12506.156799285585,12506.156799285585,1.0
256,1000,173705.20221089304,154489.75373513065,1.1243800835407303
128,600,142274.26245401704,90318.97399063353,1.575242235023302
256,700,75525.31423651491,41935.33336202956,1.8009947264399113
512,800,113052.87535221115,101845.3758611526,1.110044264614801
2048,900,27889.221691161056,25632.20759839876,1.0880538316529276
8192,800,36501.26966109373,35597.83621265971,1.0253788865996503
128,300,57164.552295383095,30116.443643117553,1.8981176188260458
512,500,34826.189520256245,33191.11398476165,1.049262448263872
128,700,186087.042078204,103514.09104961141,1.7976976872551358
128,700,155351.5515912026,88156.94624075736,1.7622156644008085
512,700,159263.5695429078,156144.92700669277,1.0199727432456474
4096,400,34323.86395194784,33618.972390895855,1.0209670763536745
8192,100,17347.873752067557,17347.873752067557,1.0
1024,600,49608.591453169065,49110.74686009548,1.0101371822850063
128,900,177887.35864639498,102336.6893389555,1.7382559451107857
512,100,33641.93709583374,33641.93709583374,1.0
512,1000,138921.02622092178,131821.8771527211,1.0538541038979137
4096,100,23406.310004142215,23406.310004142215,1.0
4096,700,58796.06304945136,58796.06304945136,1.0
1024,900,108274.45851908818,106758.6671591515,1.0141982979019117
512,400,201939.75223886696,199256.12813637196,1.0134682136383695
2048,200,44463.976038674446,44463.976038674446,1.0
512,400,45017.13915585463,36379.94568810993,1.2374163376106302
512,700,42958.264275932714,25871.051952994367,1.6604761319324952
256,500,93589.21134157984,62646.179782811574,1.4939332560428242
2048,1000,578728.0008594855,578726.0804275025,1.000003318378155
128,600,119307.62113035371,65760.98539115372,1.8142614564045625
128,200,50899.1393939805,27814.232772578187,1.8299674059016837
256,300,35571.26648392693,19556.161831988105,1.8189288260921854
512,400,34607.73956007436,27854.974889369056,1.2424258035602294
256,1000,303698.10377216106,282352.83372106106,1.0755978602013507
4096,400,38263.14078125577,32569.65752594252,1.1748094296287352
1024,900,253700.9621414143,253619.1459229753,1.0003225948030905
1024,300,77364.72956067992,77306.4040908596,1.000754471385731
128,700,126979.14132445975,77115.47929902589,1.646610284714443
8192,100,31888.171785391976,31888.171785391976,1.0
256,700,85667.89970139066,52221.72197707259,1.6404648574974656
128,1000,190483.54408698223,112135.50198644286,1.6986907867056378
128,600,141183.48814630136,78385.53990888693,1.8011420003027208
2048,1000,36715.29443525392,36609.43763730977,1.0028915166354881
8192,100,9768.925659236022,9768.925659236022,1.0
4096,900,92246.66997622221,92225.73944329564,1.0002269489304496
256,200,30194.616681003525,24001.323039952378,1.2580396768437243
2048,400,66503.6244481076,66503.6244481076,1.0
512,800,78248.70559773616,48425.21287150835,1.61586704441262
4096,500,95840.79588635585,59644.592375848035,1.6068647981097577
256,1000,112957.04166044595,59696.58443065613,1.8921860059122386
256,300,49561.415569162826,42876.67356603513,1.1559062643428344
1024,400,74428.15428100078,60333.80288876994,1.2336062160413603
512,700,127556.39943138085,79385.89031895016,1.6067893037275913
1024,600,114350.55959190287,60935.422956383656,1.876585966651166
1024,800,27758.163370800594,21523.526764125163,1.289666125584361
2048,200,27032.28717728225,27032.28717728225,1.0
512,800,109236.05176922683,106838.68689460534,1.022439108382027
4096,900,155185.21938336626,117302.28488761534,1.3229513775630688
2048,100,7348.806094934624,7152.901243328333,1.0273881666951596
256,800,127238.06091995008,92708.63347505928,1.372451045286737
8192,100,15423.483362375071,15423.483362375071,1.0
256,200,39323.584987915136,38240.07191018615,1.028334493728825
128,700,250263.1156582196,188120.42398621296,1.330334635417157
8192,600,129100.68041493383,129100.68041493383,1.0
256,100,9807.322803331228,9669.996324546642,1.0142012958615083
256,600,71492.40222666798,60144.36411673883,1.188679991493515
256,1000,100294.67644403345,53373.921035885694,1.8790951554149604
1024,600,120244.37389927011,98570.30723941623,1.2198843370469568
128,700,142658.8880499892,81990.87854229896,1.7399360829679575
2048,700,112842.44142785326,112840.09344125881,1.0000208080880018
256,900,88680.56735678103,48180.01047654898,1.8406091339466435
8192,300,44731.78923694513,44731.78923694513,1.0
4096,800,211690.8134321658,194034.7845986657,1.0909941424679044
4096,700,127143.61860249727,79385.74559253757,1.6015925485550777
512,900,84938.78392910367,62743.09571777348,1.3537550698991527
128,400,81552.29545271472,45577.515792113525,1.7893097953097759
128,500,98398.126028681,58953.46568758445,1.6690812809908062
256,100,26352.623096108196,22657.026405086697,1.163110402263194
128,400,87510.4866226513,65575.75754197258,1.334494482456251
256,1000,108523.89076589301,59303.79193163881,1.8299654580434188
512,300,30597.267537503874,30136.71866331647,1.0152819847221124
128,700,131303.25452086478,80281.32480017202,1.635539209743876
512,900,51776.56044763087,28000.950357785674,1.8491001121765276
128,1000,167516.7874102592,103156.1218404,1.6239151338922575
2048,1000,86205.71645145744,86205.71645145744,1.0
256,100,73039.67377909753,72899.20165737675,1.0019269363522114
1024,700,111025.13083989709,110859.18311471,1.0014969235793068
128,400,62690.33533081674,37234.73001022396,1.6836522062494652
4096,500,36091.838001937176,32672.0883644722,1.1046688414684758
512,500,32072.14348729123,18951.21109794996,1.6923532391426224
256,1000,111511.19667043553,61544.84579607809,1.8118689750221377
2048,600,38332.61620791499,29865.350306368007,1.283514702311781
512,1000,66853.31514143564,49861.11429733623,1.340790635820331
512,600,49196.29512127233,42366.510409600676,1.1612071573901435
128,500,98492.2399416977,57751.23288601085,1.7054569230773184
1024,700,39713.99640260289,36367.46158537439,1.092020027556016
256,700,75133.10876092903,36804.73990335795,2.0413976286264726
128,600,123279.0514822218,66694.55216133053,1.8484126137321741
256,500,67341.88381323233,36276.16196639806,1.8563673818528508
2048,200,21053.7369850466,18018.92824454402,1.1684233767577987
128,500,95200.31470672302,67322.36886313646,1.4140963295611484
8192,500,25405.145108531557,25394.86628937575,1.0004047597273669
4096,300,20366.163083435094,20366.163083435094,1.0
128,1000,217514.26680102103,118390.41659287378,1.837262449620553
256,200,27584.8476719339,17417.097389354636,1.5837798374368517
1024,1000,127039.41839049454,126915.44900670389,1.0009767871820248
1024,100,9734.934355838583,9719.306867957976,1.0016078809006563
256,200,20047.11900608605,12853.18145079113,1.5597009256297494
2048,200,25290.49146014774,24576.88970803912,1.0290354784753417
8192,400,20994.974289848848,20821.733470226685,1.0083201919700817
4096,1000,121946.34297082614,119739.81211684954,1.0184277126794163
128,200,65007.145282892016,38161.73671411596,1.70346401606104
1024,1000,83161.4699930065,71753.33995595953,1.1589909270293064
256,1000,110500.37630228414,60202.342442558154,1.8354830031359275
4096,1000,121905.96704247322,120557.43492411824,1.0111858063271153
1024,700,36070.09172161012,27791.12101437876,1.2978998473270629
512,600,42143.981840311826,39588.435453367885,1.064552851298056
1024,300,48200.266243827406,45111.95494347674,1.0684588221508065
512,800,219661.8602665972,205909.12032910428,1.066790338939392
512,300,27496.31849943746,17754.018043071766,1.5487377805255458
4096,300,40149.01121804975,27038.37020234757,1.484890210378282
4096,600,109463.22251769836,94912.1411777341,1.1533110638892412
4096,900,144283.235105093,140681.77176184164,1.0256000709839526
8192,300,22794.283535280112,22793.463249481996,1.000035987764963
4096,300,84396.74424018276,84396.74424018276,1.0
4096,200,25048.57737743923,22891.533499154106,1.0942288937682934
256,1000,260425.66192118754,185455.41127141757,1.4042494642555863
256,600,83406.99945002371,60947.46333963169,1.3685064952619197
1024,100,25357.935069268617,22966.616877245033,1.1041214822716385
512,600,57393.9119334755,45650.69479994113,1.2572407098073242
2048,800,326585.7313649922,326585.71281524695,1.0000000567990104
4096,400,31870.372665147926,23356.891524972118,1.3644954694024067
2048,100,15423.483362375071,15423.483362375071,1.0
4096,1000,209151.8103052296,206016.54078620241,1.0152185329734318
4096,600,39588.435453367885,39588.435453367885,1.0
8192,400,62025.547349404296,51713.80244658222,1.1994002454852086
8192,100,10046.708265968835,10046.708265968835,1.0
512,500,50458.39260226818,49634.30850272633,1.0166031143457268
2048,400,65093.08835076349,65093.08835076349,1.0
2048,200,29139.908868514107,18668.090115124316,1.560947514652602
2048,600,25689.65564929386,21988.935751463338,1.1682991819003448
1024,500,20349.815776509102,18951.21109794996,1.0738002796407262
512,700,49221.046397740945,45768.474478069315,1.0754355909617652
1024,800,81972.3018313849,73049.88481197703,1.1221414248957855
256,300,90769.1844857371,84846.08854279631,1.069809888053392
128,200,46473.11073783449,27229.664207085396,1.7067089180534876
4096,400,119390.3076755318,119390.3076755318,1.0
2048,600,46898.981284488415,46223.89145421828,1.0146047814026815
2048,1000,45977.97954385613,39591.47510076323,1.1613100907919893
128,900,394253.56350176525,338702.04289260175,1.1640129481792887
256,800,112167.09192067354,83720.49717761383,1.3397805280911077
256,500,181897.2214152743,168436.94284215264,1.079912864398968
8192,400,24900.272521916817,24898.237602795067,1.0000817294442368
256,300,34832.77073056896,17418.244921114812,1.999786481836861
4096,1000,149810.49391361658,101937.33712569342,1.4696331897398238
1024,300,39124.43223528884,35881.381746181236,1.0903825419000972
8192,1000,71265.19323285623,71261.14520805598,1.0000568054974197
1024,700,62858.30838287287,62690.77299864583,1.0026724089720613
8192,600,57412.70684815128,57412.70684815128,1.0
512,600,79694.84829915964,57983.443607786474,1.37444144984272
256,1000,103767.75711861448,55640.122759479964,1.8649807364225222
1024,300,51818.90813403326,51521.92639179481,1.0057641816414253
1024,300,44829.573278350814,44731.78923694513,1.0021860078274025
8192,500,50705.354043764484,35523.310698868714,1.427382556586407
8192,200,8778.22964733385,8778.22964733385,1.0
256,800,91800.27469234074,46494.13725231726,1.9744483953783964
128,200,47096.13708915292,40631.50178593928,1.1591040207490129
1024,100,23654.28886284101,23406.310004142215,1.0105945302209067
256,900,123654.3570942338,109178.41073047477,1.1325898249196475
512,500,33299.73683935707,27177.07231873392,1.2252878620925856
512,500,92311.01239030226,83700.2145046859,1.102876652545906
4096,700,55637.18605184008,50507.556653425,1.1015616224244185
8192,900,26708.511416411864,26705.78819422772,1.0001019712342634
8192,200,25047.251795855973,22891.533499154106,1.0941709867004552
256,600,81564.40990536106,49150.780725377634,1.6594733329077629
256,700,76485.71105206289,38442.1107621229,1.9896334913904996
512,700,126265.60591983628,117219.7735553616,1.0771698501891616
4096,400,71964.50192064916,61717.64616532399,1.1660279740396573
2048,300,62476.87859370536,60345.735579996704,1.0353155528427278
256,200,20287.640621707927,11203.919044831486,1.8107628715031532
256,700,113680.25929230177,91180.96638460988,1.2467542712015987
128,300,59300.46651360506,35497.12014444446,1.6705711976718198
128,1000,195241.01240851937,117138.12384079055,1.6667589167970893
2048,500,147480.780579358,147480.7458449727,1.0000002355181017
2048,1000,90556.73961344353,90498.72860811553,1.0006410145890468
128,700,150084.90118024588,85497.95080545712,1.755421033677761
256,800,183714.97964514061,172736.1432098089,1.0635584205558912
1024,100,19464.302455236564,17055.23313554162,1.141251034245592
128,600,110438.20711522306,60795.15345049714,1.8165626838190005
256,900,106808.86961840349,67774.43745665345,1.5759462361707586
256,700,70259.87221913505,41611.35817859911,1.6884782255261734
128,700,139515.29858560723,79467.31686824554,1.7556311712011048
512,400,208475.65885822006,206581.12796171213,1.0091708807827744
1024,500,105737.89594150348,96130.13367832509,1.09994537504055
128,800,146564.63815750813,85356.69591600649,1.7170842496262047
4096,700,54060.60321471926,52975.489317583066,1.0204833199487982
1024,400,25736.505806750964,25570.574939108395,1.006489133233715
4096,800,55209.45612826473,42204.59269378442,1.308138584083423
512,600,92811.14184637993,86768.76873065204,1.0696376496304179
1024,400,165994.67314012942,165750.015347174,1.0014760649791976
1024,300,19355.781327007706,19296.06042391556,1.0030949790672363
4096,900,240351.63869457183,236191.38873228242,1.017613893481125
512,1000,65687.0079164736,41869.496402295794,1.5688511580204207
2048,500,35499.61798157574,35496.811911768345,1.0000790513191542
2048,200,17264.052041610656,17264.052041610656,1.0
1024,600,370530.02784531395,370329.8703327854,1.0005404843858494
8192,100,42240.77972062386,42240.77972062386,1.0
2048,900,63145.649261714185,52808.3450619316,1.1957513379307645
2048,100,16755.433804020933,16755.433804020933,1.0
1024,600,65303.15917556176,65224.14081258479,1.0012114895189501
=======
256,300,35515.14956314731,17827.437375652476,1.9921623514802822
2048,600,53730.01061388436,53722.666447453994,1.0001367051733656
512,500,57103.94656444139,50986.98493784023,1.1199710403362453
128,200,35785.39392709191,28752.091133108686,1.2446188265549913
2048,900,49088.85342426217,42308.40617125458,1.1602624127593442
2048,200,20983.392416218016,20983.392416218016,1.0
2048,400,42692.918385157594,42692.918385157594,1.0
128,1000,208964.65249493043,119877.02488971625,1.7431584800104314
1024,400,28589.240407346373,27677.385709128852,1.032945839169946
8192,700,127778.93208582506,85672.54241504308,1.4914805663965984
512,100,26400.390652749295,26077.67380743252,1.0123752159682586
2048,700,103268.91959984694,87919.86057306842,1.1745801111004064
4096,100,12506.156799285585,12506.156799285585,1.0
256,1000,175219.41988845525,154489.75373513065,1.1341814952263123
128,600,141494.87038871998,90318.97399063353,1.5666129068670953
256,700,77597.67862367307,41935.33336202956,1.8504128238058568
512,800,117661.32663444657,101845.3758611526,1.1552937542776227
2048,900,27750.452899065316,25632.20759839876,1.0826399869201622
8192,800,36500.43718235668,35597.83621265971,1.0253555009440707
128,300,62117.33816742606,30116.443643117553,2.0625721583704193
512,500,35971.36950863629,33191.11398476165,1.0837650560674488
128,700,190966.6134047155,103514.09104961141,1.8448368861509932
128,700,155286.54877390634,88156.94624075736,1.7614783110773538
512,700,159161.34100185466,156144.92700669277,1.01931804031669
4096,400,34318.891360832946,33618.972390895855,1.0208191660886885
8192,100,17347.873752067557,17347.873752067557,1.0
1024,600,49545.004981282334,49110.74686009548,1.0088424255168416
128,900,177488.99579098314,102336.6893389555,1.7343632761375656
512,100,33641.93709583374,33641.93709583374,1.0
512,1000,139469.85840529148,131821.8771527211,1.0580175416839943
4096,100,23406.310004142215,23406.310004142215,1.0
4096,700,58796.06304945136,58796.06304945136,1.0
1024,900,108264.43990858008,106758.6671591515,1.0141044543688789
512,400,201939.75223886696,199256.12813637196,1.0134682136383695
2048,200,44463.976038674446,44463.976038674446,1.0
512,400,44018.46376908787,36379.94568810993,1.209965076541454
512,700,40212.33896152063,25871.051952994367,1.5543372196300034
256,500,95927.45499167855,62646.179782811574,1.5312578568118604
2048,1000,578728.0008594855,578726.0804275025,1.000003318378155
128,600,121134.33376806276,65760.98539115372,1.8420395170106127
128,200,42625.11765778874,27814.232772578187,1.5324930227740265
256,300,38070.370924431096,19556.161831988105,1.9467199776471071
512,400,35838.80737508344,27854.974889369056,1.2866214210360476
256,1000,303147.3544426138,282352.83372106106,1.0736472889168727
4096,400,38263.14078125577,32569.65752594252,1.1748094296287352
1024,900,253726.80851917565,253619.1459229753,1.0004245050026037
1024,300,77306.4040908596,77306.4040908596,1.0
128,700,130292.69950427739,77115.47929902589,1.6895790662086079
8192,100,31888.171785391976,31888.171785391976,1.0
256,700,83367.53850076329,52221.72197707259,1.5964149657371494
128,1000,184781.6171713723,112135.50198644286,1.647842243518135
128,600,139070.98893520978,78385.53990888693,1.7741918866268174
2048,1000,36701.66855177714,36609.43763730977,1.002519320711263
8192,100,9768.925659236022,9768.925659236022,1.0
4096,900,92240.52588675576,92225.73944329564,1.0001603288143786
256,200,35136.479913462084,24001.323039952378,1.463939294303661
2048,400,66503.6244481076,66503.6244481076,1.0
512,800,78289.41228311659,48425.21287150835,1.6167076537350495
4096,500,95840.79588635585,59644.592375848035,1.6068647981097577
256,1000,113490.90928300661,59696.58443065613,1.9011290238026644
256,300,49650.86543269206,42876.67356603513,1.1579924771035204
1024,400,74079.79802586666,60333.80288876994,1.2278324003948258
512,700,127479.67750948895,79385.89031895016,1.6058228609304688
1024,600,114564.06785184168,60935.422956383656,1.8800898113703801
1024,800,29188.032686347346,21523.526764125163,1.3560989797916008
2048,200,27032.28717728225,27032.28717728225,1.0
512,800,111109.40831100235,106838.68689460534,1.0399735483515442
4096,900,155185.21938336626,117302.28488761534,1.3229513775630688
2048,100,7348.806094934624,7152.901243328333,1.0273881666951596
256,800,128588.99947416868,92708.63347505928,1.3870229195942365
8192,100,15423.483362375071,15423.483362375071,1.0
256,200,38871.44803112811,38240.07191018615,1.016510850775199
128,700,249174.97163390485,188120.42398621296,1.3245503404360097
8192,600,129100.68041493383,129100.68041493383,1.0
256,100,9714.106991490708,9669.996324546642,1.0045616012109635
256,600,73044.02753983536,60144.36411673883,1.2144783407811675
256,1000,101458.57678193273,53373.921035885694,1.9009016915530255
1024,600,120192.71117462605,98570.30723941623,1.219360216486811
128,700,146244.51084014162,81990.87854229896,1.783668054790928
2048,700,112842.44142785326,112840.09344125881,1.0000208080880018
256,900,86566.43265505877,48180.01047654898,1.7967292202477603
8192,300,44731.78923694513,44731.78923694513,1.0
4096,800,211690.8134321658,194034.7845986657,1.0909941424679044
4096,700,127143.61860249727,79385.74559253757,1.6015925485550777
512,900,86253.0386992926,62743.09571777348,1.3747016737470188
128,400,81772.44793360522,45577.515792113525,1.7941400822849292
128,500,102528.3374762514,58953.46568758445,1.7391401214575886
256,100,25729.582683004235,22657.026405086697,1.135611629830988
128,400,89301.9684163121,65575.75754197258,1.361813751967002
256,1000,104768.02329315632,59303.79193163881,1.7666327882359605
512,300,30498.064342768423,30136.71866331647,1.0119902131180525
128,700,132871.37950004239,80281.32480017202,1.6550720834611548
512,900,49101.15797899462,28000.950357785674,1.753553266999812
128,1000,172951.09547648893,103156.1218404,1.6765955562392467
2048,1000,86349.06365567635,86205.71645145744,1.0016628503319687
256,100,73301.09116148089,72899.20165737675,1.0055129479468514
1024,700,110994.1700850914,110859.18311471,1.0012176435599542
128,400,64502.490396847024,37234.73001022396,1.7323206151658908
4096,500,36096.81502886698,32672.0883644722,1.1048211741530072
512,500,30918.26158371283,18951.21109794996,1.6314662648160465
256,1000,109664.90144634123,61544.84579607809,1.7818697898716576
2048,600,38332.61620791499,29865.350306368007,1.283514702311781
512,1000,68755.80495967099,49861.11429733623,1.3789464180375164
512,600,53198.88770895428,42366.510409600676,1.255682547243704
128,500,99252.8717931218,57751.23288601085,1.7186277562078496
1024,700,39851.71249882679,36367.46158537439,1.0958068218556567
256,700,74317.46257531934,36804.73990335795,2.019236184536624
128,600,120631.84506459977,66694.55216133053,1.80872111972201
256,500,66819.35684148615,36276.16196639806,1.841963240305843
2048,200,21053.7369850466,18018.92824454402,1.1684233767577987
128,500,97199.23389474307,67322.36886313646,1.4437880831606655
8192,500,25424.295904710943,25394.86628937575,1.0011588804996978
4096,300,20366.733559132917,20366.163083435094,1.0000280109559905
128,1000,213044.51412943203,118390.41659287378,1.799508104292419
256,200,23082.913482323365,17417.097389354636,1.325301970030419
1024,1000,127198.66703247996,126915.44900670389,1.0022315488618025
1024,100,9746.101079522852,9719.306867957976,1.0027568027153468
256,200,25945.616268224047,12853.18145079113,2.0186143304331132
2048,200,25307.78904401787,24576.88970803912,1.029739293485118
8192,400,20991.88181439414,20821.733470226685,1.0081716704524506
4096,1000,121946.34297082614,119739.81211684954,1.0184277126794163
128,200,58908.119608486755,38161.73671411596,1.5436435728748357
1024,1000,81580.99433877207,71753.33995595953,1.1369644171106812
256,1000,111461.10729043654,60202.342442558154,1.8514413686940296
4096,1000,121905.96704247322,120557.43492411824,1.0111858063271153
1024,700,36021.22048985293,27791.12101437876,1.296141327700168
512,600,42299.67433049155,39588.435453367885,1.0684856283425823
1024,300,48258.43596589006,45111.95494347674,1.0697482746282159
512,800,219387.9191381083,205909.12032910428,1.065459940712975
512,300,29455.52013136619,17754.018043071766,1.659090356893084
4096,300,40149.01121804975,27038.37020234757,1.484890210378282
4096,600,109463.22251769836,94912.1411777341,1.1533110638892412
4096,900,144283.235105093,140681.77176184164,1.0256000709839526
8192,300,22802.81853524877,22793.463249481996,1.0004104372233555
4096,300,84396.74424018276,84396.74424018276,1.0
4096,200,25050.319525788043,22891.533499154106,1.0943049982524635
256,1000,260001.79607816113,185455.41127141757,1.4019639238115489
256,600,88913.27241675384,60947.46333963169,1.458851075085468
1024,100,25357.935069268617,22966.616877245033,1.1041214822716385
512,600,57233.60997305661,45650.69479994113,1.2537292197605374
2048,800,326585.7313649922,326585.71281524695,1.0000000567990104
4096,400,31869.395781747382,23356.891524972118,1.3644536451982099
2048,100,15423.483362375071,15423.483362375071,1.0
4096,1000,209151.8103052296,206016.54078620241,1.0152185329734318
4096,600,39590.91907135161,39588.435453367885,1.0000627359468814
8192,400,62025.547349404296,51713.80244658222,1.1994002454852086
8192,100,10046.708265968835,10046.708265968835,1.0
512,500,51073.74650297122,49634.30850272633,1.0290008674174602
2048,400,65093.08835076349,65093.08835076349,1.0
2048,200,29139.908868514107,18668.090115124316,1.560947514652602
2048,600,25487.57312271602,21988.935751463338,1.159108990575856
1024,500,21208.07804089172,18951.21109794996,1.1190882699410116
512,700,51984.16585989248,45768.474478069315,1.135807265868158
1024,800,82704.72820643989,73049.88481197703,1.1321678113430766
256,300,90653.42561785075,84846.08854279631,1.0684455485785327
128,200,43755.594929115025,27229.664207085396,1.6069090898935667
4096,400,119390.3076755318,119390.3076755318,1.0
2048,600,47082.339961915546,46223.89145421828,1.0185715326142002
2048,1000,46039.04849430078,39591.47510076323,1.1628525680623922
128,900,393792.9968534936,338702.04289260175,1.1626531493297207
256,800,111291.21691932883,83720.49717761383,1.3293186336820655
256,500,181399.4791746564,168436.94284215264,1.0769577986502126
8192,400,24903.940722671854,24898.237602795067,1.0002290571713457
256,300,29908.757354397723,17418.244921114812,1.7170936273919086
4096,1000,149810.49391361658,101937.33712569342,1.4696331897398238
1024,300,39124.43223528884,35881.381746181236,1.0903825419000972
8192,1000,71266.30503158494,71261.14520805598,1.0000724072496154
1024,700,62895.82428618754,62690.77299864583,1.003270836803147
8192,600,57412.70684815128,57412.70684815128,1.0
512,600,78868.27378031025,57983.443607786474,1.3601860957723317
256,1000,99702.45707972189,55640.122759479964,1.7919165547264106
1024,300,51797.395656420566,51521.92639179481,1.0053466413994494
1024,300,44752.498184276265,44731.78923694513,1.0004629581710098
8192,500,50705.354043764484,35523.310698868714,1.427382556586407
8192,200,8778.22964733385,8778.22964733385,1.0
256,800,90163.11123823017,46494.13725231726,1.9392361395787907
128,200,48889.36898048332,40631.50178593928,1.2032380500737905
1024,100,23613.632850061567,23406.310004142215,1.008857562165188
256,900,119847.42800267728,109178.41073047477,1.0977209431866595
512,500,34679.68530381011,27177.07231873392,1.2760640622759218
512,500,94717.85779131949,83700.2145046859,1.1316321989356046
4096,700,55637.18605184008,50507.556653425,1.1015616224244185
8192,900,26708.261015742028,26705.78819422772,1.0000925949646693
8192,200,25047.251795855973,22891.533499154106,1.0941709867004552
256,600,76147.08479294243,49150.780725377634,1.5492548372405814
256,700,76716.88447487856,38442.1107621229,1.9956470379474553
512,700,126176.1125390309,117219.7735553616,1.0764063835990891
4096,400,71964.50192064916,61717.64616532399,1.1660279740396573
2048,300,62463.09384247436,60345.735579996704,1.0350871232594523
256,200,21529.808783852266,11203.919044831486,1.9216319484015059
256,700,112193.48148880359,91180.96638460988,1.2304484799553554
128,300,61678.466137820404,35497.12014444446,1.7375625370970693
128,1000,205650.6704729296,117138.12384079055,1.7556254422551771
2048,500,147480.780579358,147480.7458449727,1.0000002355181017
2048,1000,90498.72860811553,90498.72860811553,1.0
128,700,155492.24932459163,85497.95080545712,1.8186663874365858
256,800,180499.6270130213,172736.1432098089,1.0449441770491696
1024,100,19116.407252697893,17055.23313554162,1.1208528843185945
128,600,105294.01077354538,60795.15345049714,1.7319474464240268
256,900,108913.88469926297,67774.43745665345,1.6070053664247836
256,700,64836.155050214,41611.35817859911,1.5581359967135007
128,700,138211.7769582399,79467.31686824554,1.7392279292302135
512,400,208475.65885822006,206581.12796171213,1.0091708807827744
1024,500,105740.81967914627,96130.13367832509,1.0999757894125153
128,800,144834.58007353454,85356.69591600649,1.6968156805888557
4096,700,54060.60321471926,52975.489317583066,1.0204833199487982
1024,400,26012.402940993856,25570.574939108395,1.017278766822318
4096,800,55209.45612826473,42204.59269378442,1.308138584083423
512,600,92044.27122327645,86768.76873065204,1.0607995546070343
1024,400,165985.73904855567,165750.015347174,1.0014221639792187
1024,300,19445.52691905958,19296.06042391556,1.0077459591160263
4096,900,240351.63869457183,236191.38873228242,1.017613893481125
512,1000,61887.0854813091,41869.496402295794,1.478094813624644
2048,500,35498.17810332848,35496.811911768345,1.0000384877257014
2048,200,17264.052041610656,17264.052041610656,1.0
1024,600,370530.02784531395,370329.8703327854,1.0005404843858494
8192,100,42240.77972062386,42240.77972062386,1.0
2048,900,63203.269878138606,52808.3450619316,1.1968424650311658
2048,100,16755.433804020933,16755.433804020933,1.0
1024,600,65282.37997900042,65224.14081258479,1.0008929081424465
>>>>>>> a2683253b43fac3e70a11df0799a71278281a7a7
8192,800,64186.63959957908,37633.65937538682,1.7055646637849533
8192,100,10684.936517822294,10684.936517822294,1.0
8192,400,33065.00032101046,33065.00032101046,1.0
4096,500,46851.32865794357,39732.50716487814,1.1791686958873357
<<<<<<< HEAD
256,100,22776.084261201562,21991.561029855697,1.035673830988205
4096,500,177215.37734444547,168416.85806467704,1.0522425093359093
8192,700,31025.81872338453,27178.2605478337,1.141567491737712
128,700,115755.59718414774,66112.1861711238,1.7508965273743584
1024,300,69847.69467907776,69759.15177939474,1.0012692657153146
8192,500,29198.315944390146,25733.754935474775,1.1346309941010344
128,400,68632.65120615947,41136.22764878972,1.6684235558040708
4096,800,217796.08409256104,205904.23331794323,1.057754280147583
128,500,121954.17081054128,57987.80143842503,2.1031004415651045
128,500,240890.37696027837,221529.7019201307,1.0873953915539862
4096,900,56693.10978638968,56582.92351860468,1.0019473413696762
2048,200,20348.045168194814,20330.555626091365,1.0008602589336517
256,800,108328.79888626953,64365.04481652209,1.6830377294860865
4096,600,109135.86023568563,90097.16084726775,1.21131297822683
4096,400,35053.10290940029,26546.468859735378,1.3204431479987695
8192,200,14764.440789441054,14764.440789441054,1.0
128,500,108563.5251825602,87204.24932258134,1.2449338882669325
512,100,17816.409856886505,17734.942567173664,1.0045936032442322
256,300,31759.103051887847,17384.468310224045,1.826866515854838
1024,1000,54114.91647656336,52314.885183268474,1.0344076315371629
8192,600,37431.907055873475,37431.907055873475,1.0
128,500,103091.48326649683,58407.96924960856,1.7650242696494318
4096,300,26624.53624626503,26379.630010700643,1.0092839147275774
1024,300,23058.33172537804,20808.7058656712,1.1081098399020635
512,500,35166.893322208256,25985.590155750757,1.3533228651505391
128,100,33203.76635544567,26334.026394242417,1.2608693352986549
1024,200,12853.02181938754,12852.994725313132,1.0000021079970067
128,100,43411.66845812803,37075.777084129346,1.1708903190247852
512,100,17595.879728610373,17587.547381984677,1.00047376399021
4096,700,26331.058811317915,18573.466244444164,1.4176706956459602
256,1000,222110.06067226527,209656.4276123502,1.0594001967969306
8192,100,22145.94390660765,21991.561029855697,1.0070200963243292
1024,400,35943.58769953783,35230.280282919535,1.020246998062179
1024,500,155928.73321204822,137454.56157220542,1.1344020265936263
128,600,122258.75095100308,68626.08174271135,1.7815202011586209
256,1000,170001.36082805248,162325.13891493177,1.0472891750743767
8192,600,187251.6976331226,175112.73155290165,1.0693208653224267
512,300,81324.48516902086,81292.85491094316,1.0003890902602983
512,300,70308.30812888478,70018.5887807258,1.0041377490349923
2048,900,56737.4886847808,48708.8308539422,1.1648296148785269
8192,700,131022.17168535515,122288.61167366114,1.0714176070213337
128,900,221825.88179221604,109027.86800752781,2.0345796523958453
1024,600,145008.63320452147,144998.64652732457,1.0000688742787334
8192,800,75864.44768908159,72564.30205494602,1.045478913745173
2048,600,88738.50660583671,77257.17482380915,1.1486118513680006
8192,900,81218.41684920517,62739.76887384828,1.2945284674623547
8192,500,44576.14394763512,44576.14394763512,1.0
512,800,99996.01877154312,76638.84971024984,1.3047693062930907
128,300,65319.962225381656,33498.244300831684,1.9499518135569842
8192,500,194192.53228838427,194192.53228838427,1.0
8192,1000,59620.46966727884,55734.051128954416,1.0697314919622878
128,100,24140.02047702897,16571.57534387376,1.4567124715727853
2048,600,38888.55219463944,38888.55219463944,1.0
8192,500,95840.79588635585,59644.592375848035,1.6068647981097577
512,400,21513.476376395764,20821.733470226685,1.0332221573750433
1024,300,28512.09974504184,27498.558447783562,1.0368579792712724
2048,1000,146820.60205634765,146820.54879419197,1.0000003627704441
512,400,49729.795262417596,43244.960742362484,1.1499558424550171
1024,800,67148.11317295383,48658.058952929256,1.3799998318451514
8192,1000,131795.2356400754,131795.2356400754,1.0
4096,500,71233.84219990608,50105.57823296487,1.4216748855527777
2048,300,33351.02811527207,23136.448596413335,1.4414929748743817
2048,300,36062.80955384611,22146.00515886802,1.6284115033453483
128,100,27102.298431477135,17055.23313554162,1.5890898832099987
1024,400,26441.48170591218,25217.910930007634,1.0485199102852163
512,700,210167.53480931878,185615.93158269516,1.1322709910581432
512,200,21789.121355533225,20395.27794022972,1.0683414768550001
1024,500,66692.59046663437,66624.56129320196,1.0010210824973846
8192,300,30387.96483767547,25368.022265529136,1.1978846643858236
512,200,21467.723881188293,20983.392416218016,1.0230816569295982
4096,800,64364.434011798745,57706.6904436543,1.1153721261253957
2048,200,13425.033661097546,13077.143533780867,1.026602914192844
256,700,117592.40693313652,110869.26045606905,1.0606403113848806
128,1000,182017.91674348002,109034.07151832568,1.6693673290269428
=======
256,100,23506.49667253846,21991.561029855697,1.0688871354164484
4096,500,177215.37734444547,168416.85806467704,1.0522425093359093
8192,700,31054.011170042962,27178.2605478337,1.1426048078164512
128,700,114628.30851521136,66112.1861711238,1.733845379405684
1024,300,69877.99214863987,69759.15177939474,1.0017035810530057
8192,500,29196.490937208662,25733.754935474775,1.1345600752947405
128,400,70132.68876195037,41136.22764878972,1.704888677705812
4096,800,217796.08409256104,205904.23331794323,1.057754280147583
128,500,118710.25516026087,57987.80143842503,2.0471590958024963
128,500,241055.9555886043,221529.7019201307,1.0881428246380862
4096,900,56665.14221643559,56582.92351860468,1.0014530655667495
2048,200,20330.555626091365,20330.555626091365,1.0
256,800,109633.77753828856,64365.04481652209,1.703312377872318
4096,600,109135.86023568563,90097.16084726775,1.21131297822683
4096,400,35053.10290940029,26546.468859735378,1.3204431479987695
8192,200,14764.440789441054,14764.440789441054,1.0
128,500,115431.50226730244,87204.24932258134,1.323691255460549
512,100,17816.409856886505,17734.942567173664,1.0045936032442322
256,300,33022.3350272379,17384.468310224045,1.8995309167906511
1024,1000,54362.689856701116,52314.885183268474,1.0391438242912856
8192,600,37431.907055873475,37431.907055873475,1.0
128,500,101873.52931609712,58407.96924960856,1.7441717393175735
4096,300,26624.53624626503,26379.630010700643,1.0092839147275774
1024,300,22533.604584713892,20808.7058656712,1.0828931280098641
512,500,37956.19478969853,25985.590155750757,1.4606631814863211
128,100,32907.969943412005,26334.026394242417,1.2496368557831663
1024,200,12990.130195895197,12852.994725313132,1.0106695344947108
128,100,43411.66845812803,37075.777084129346,1.1708903190247852
512,100,17597.285637407917,17587.547381984677,1.000553701730647
4096,700,26382.8196515152,18573.466244444164,1.420457512038553
256,1000,222464.48915710006,209656.4276123502,1.0610907172778488
8192,100,22145.94390660765,21991.561029855697,1.0070200963243292
1024,400,35507.796817882336,35230.280282919535,1.0078772162110032
1024,500,155937.04526539805,137454.56157220542,1.1344624978741336
128,600,127889.68580439742,68626.08174271135,1.8635726032541606
256,1000,171116.94669630166,162325.13891493177,1.0541617141999018
8192,600,187251.6976331226,175112.73155290165,1.0693208653224267
512,300,81451.8460580612,81292.85491094316,1.0019557825505354
512,300,70067.11341968506,70018.5887807258,1.0006930250923969
2048,900,56950.47175005599,48708.8308539422,1.1692021908886931
8192,700,131022.17168535515,122288.61167366114,1.0714176070213337
128,900,207490.37910007633,109027.86800752781,1.9030948957540854
1024,600,145008.63320452147,144998.64652732457,1.0000688742787334
8192,800,75864.44768908159,72564.30205494602,1.045478913745173
2048,600,88729.33441756957,77257.17482380915,1.1484931285660334
8192,900,81218.41684920517,62739.76887384828,1.2945284674623547
8192,500,44576.14394763512,44576.14394763512,1.0
512,800,99805.65772055728,76638.84971024984,1.3022854348400934
128,300,56534.568030466966,33498.244300831684,1.6876874955820698
8192,500,194192.53228838427,194192.53228838427,1.0
8192,1000,59620.46966727884,55734.051128954416,1.0697314919622878
128,100,24776.37598658948,16571.57534387376,1.4951128949698136
2048,600,38888.55219463944,38888.55219463944,1.0
8192,500,95840.79588635585,59644.592375848035,1.6068647981097577
512,400,21756.11217803825,20821.733470226685,1.0448751641714964
1024,300,28388.502359575938,27498.558447783562,1.0323632932788922
2048,1000,146820.60205634765,146820.54879419197,1.0000003627704441
512,400,50097.03408514883,43244.960742362484,1.158447902950091
1024,800,67756.74374395215,48658.058952929256,1.392508151825344
8192,1000,131795.2356400754,131795.2356400754,1.0
4096,500,71233.84219990608,50105.57823296487,1.4216748855527777
2048,300,33358.57156638327,23136.448596413335,1.4418190167506775
2048,300,36025.297553214,22146.00515886802,1.6267176538062094
128,100,29750.138729821658,17055.23313554162,1.7443407834645754
1024,400,25440.73090947795,25217.910930007634,1.0088357826343646
512,700,210480.4995165388,185615.93158269516,1.1339570785860373
512,200,21400.794579337566,20395.27794022972,1.0493014433073482
1024,500,67241.2877336403,66624.56129320196,1.0092567429858825
8192,300,30387.96483767547,25368.022265529136,1.1978846643858236
512,200,21390.916591932273,20983.392416218016,1.0194212721961622
4096,800,64364.434011798745,57706.6904436543,1.1153721261253957
2048,200,13450.542289355684,13077.143533780867,1.0285535411162425
256,700,123315.53591898171,110869.26045606905,1.1122608323688097
128,1000,174367.58478382137,109034.07151832568,1.599202729529502
>>>>>>> a2683253b43fac3e70a11df0799a71278281a7a7
4096,700,73696.69892425905,55459.99725740356,1.3288262273475142
4096,100,9732.32942883104,9732.32942883104,1.0
2048,100,30604.556396122767,30604.556396122767,1.0
4096,500,64104.02639356487,64104.02639356487,1.0
<<<<<<< HEAD
2048,800,88791.62078936743,86685.18505562302,1.0242998354608435
128,400,71179.19356709321,43295.9730501957,1.6440141785142643
2048,400,64284.04050394998,60976.254062611086,1.0542471244288378
2048,600,145009.28308984137,144998.64652732457,1.0000733562882933
512,500,39111.66964704443,25759.53690717348,1.5183374525709221
2048,1000,96480.91399516896,83534.45135846849,1.1549835119062883
1024,900,41151.73154533414,40551.107961236245,1.0148115209249535
256,700,94994.19091948136,61540.66731447565,1.5436002738491064
512,600,52237.32299813755,27028.610176991602,1.9326677419250042
256,700,137567.66362626155,113100.77405254016,1.2163282239107884
128,600,114161.9721411022,72562.56792254497,1.5732901330471303
=======
2048,800,88770.72773162769,86685.18505562302,1.0240588132178117
128,400,68828.50782471691,43295.9730501957,1.589720774837876
2048,400,64284.04050394998,60976.254062611086,1.0542471244288378
2048,600,145007.96428849755,144998.64652732457,1.0000642610217139
512,500,38860.38449271368,25759.53690717348,1.5085824187270966
2048,1000,96480.40423769936,83534.45135846849,1.1549774095441934
1024,900,40593.56818726578,40551.107961236245,1.0010470793071826
256,700,89365.12475680755,61540.66731447565,1.4521312273093763
512,600,40153.624413660145,27028.610176991602,1.48559708215561
256,700,141113.69622101463,113100.77405254016,1.2476810826728848
128,600,117986.18240132848,72562.56792254497,1.6259923784294648
>>>>>>> a2683253b43fac3e70a11df0799a71278281a7a7
4096,100,22952.360678378518,22952.360678378518,1.0
