P,n,Paper,Min Time,Time opt,mast
1000,100,23657.269753178087,21977.798289269267,21561.33909716274,1.0972078147173683
