n,Paper,Min Time,Time opt
100,2006536,2568577,1118634.343452282
200,2819941,3470037,1542560.1639375694
300,4019288,5016673,2234677.4496811987
400,4393559,5666003,2427894.661141056
500,5199608,6173840,2879092.715088128
600,5359742,7192666,2991455.1886981903
700,6162227,10221177,3404155.547878198
800,7764134,13384223,4272185.574222265
900,8554549,13958356,4694330.76100381
1000,9734312,16216643,5336041.550357559
