P,n,Algorithm Time,Optimal Time,Makespan Ratio
128,600,160312.7377324774,77750.84453678575,2.0618777672135726
512,800,165111.1325992672,150998.45264613754,1.0934624143877985
8192,700,301129.4983211617,301129.4983211617,1.0
8192,500,163119.81860188674,137559.8683313711,1.1858096447791275
