P,n,Paper,Min Time,Time opt,mast
1000,100,49529.91983195628,33734.32021136986,29792.118789208624,1.6625175329891988
