P,n,Paper,Min Time,Time opt,mast
1000,100,195815.20685313316,33512.434631324395,29792.118789208624,6.572718383630433
