p,Paper,Min Time,Time opt
500,2656240,2183869,2042983.7272256636
1000,1300946,1191341,1021491.8636128318
1500,832854,847493,680994.5757418879
2000,618142,703593,510745.9318064159
2500,489346,570600,408596.74544513266
3000,403016,492734,340497.2878709439
3500,355874,428060,291854.8181750948
4000,321399,382920,255372.96590320792
4500,301545,314926,226998.1919139626
5000,281781,292555,215201.72169135115
