P,n,Paper,Min Time,Time opt,mast
500,100,12172.951417340866,19237.646327056536,9912.643613774626,1.2280227042991148
