P,n,Paper,Min Time,Time opt,mtsa
300,400,2983355.9830052406,2701397.1208933834,2635097.862960475,1.132161361040878
4700,500,334759.13389081135,334721.1646951268,218726.61253679788,1.5304911003204629
