P,n,File_number,regular,fat,jump,density,Paper,Time opt,Makespan,Model
1,128,900,84,0.748051,0.140104,7.0,0.458301,418837.2528214545,321307.823467954,1.3035389188499722,General
2,512,400,38,0.502704,0.684461,5.0,0.297657,81185.68537315141,74066.52558882261,1.0961184519961222,General
3,2048,200,75,0.254907,0.440818,7.0,0.761682,68932.53195093505,57878.44888732125,1.1909878940455727,General
4,2048,200,64,0.187872,0.775944,8.0,0.177849,21047.443171872448,20700.962951012414,1.0167373963075996,General
5,256,700,3,0.289703,0.476441,7.0,0.68405,173814.54220465646,131945.33125856164,1.3173224133565395,General
6,1024,300,56,0.443562,0.629253,1.0,0.240215,78435.17726901633,73704.1031609804,1.0641901048263565,General
7,8192,100,73,0.677161,0.750159,7.0,0.360249,52898.10063495368,50440.03416874034,1.04873245045771,General
8,1024,400,38,0.502704,0.684461,5.0,0.297657,81112.1598823178,74066.52558882261,1.0951257567097012,General
9,8192,200,55,0.781683,0.567207,7.0,0.774825,47652.340563998674,35895.9151129629,1.3275142983272277,General
