P,n,Algorithm Time,Optimal Time,Makespan Ratio
128,600,259380.21919181955,77750.84453678575,3.3360437527993754
512,800,1076584.755729826,150998.45264613754,7.129773430544915
8192,700,3310114.330289272,301129.4983211617,10.992328379463366
8192,500,745181.2084384315,137559.8683313711,5.417141041770609
