P,n,Paper,Min Time,Time opt,mast
1000,100,60484.67690438254,33512.434631324395,29792.118789208624,2.030224078130739
