P,n,File_number,regular,fat,jump,density,Paper,Time opt,Makespan,Model
1,128,900,84,0.748051,0.140104,7.0,0.458301,143112.24725568647,110167.76507564442,1.2990392167565659,Roofline
2,512,400,38,0.502704,0.684461,5.0,0.297657,15307.842568450618,10699.281702643733,1.4307355385051816,Roofline
3,2048,200,75,0.254907,0.440818,7.0,0.761682,6216.654553183921,1833.435812793698,3.390712949863946,Roofline
4,2048,200,64,0.187872,0.775944,8.0,0.177849,11557.884327175132,3331.151264730722,3.4696365936745983,Roofline
5,256,700,3,0.289703,0.476441,7.0,0.68405,66143.24247736018,36038.07556312843,1.8353711024745507,Roofline
6,1024,300,56,0.443562,0.629253,1.0,0.240215,31992.284679121964,12420.433608911451,2.575778405688513,Roofline
7,8192,100,73,0.677161,0.750159,7.0,0.360249,13152.151233573923,4381.662305208172,3.001635068485513,Roofline
8,1024,400,38,0.502704,0.684461,5.0,0.297657,10999.043208841158,5349.640851321867,2.0560339496666127,Roofline
9,8192,200,55,0.781683,0.567207,7.0,0.774825,26018.22971335464,7513.109726671892,3.4630440203726436,Roofline
