P,n,Paper,Min Time,Time opt,mast
1000,100,5822.886351475541,4932.006379688168,3091.5749726410554,1.8834692359089693
