P,n,Algorithm Time,Optimal Time,Makespan Ratio
128,600,89552.69670252092,73743.69110737687,1.2143777366951274
512,800,61605.77584444745,45567.61000250533,1.351964165798038
8192,700,59293.67404515642,59293.67404515642,1.0
8192,500,71312.15967541357,69544.3189537958,1.025420347027804
