P,n,Algorithm Time,Optimal Time,Makespan Ratio
128,600,88522.9024661952,73743.69110737687,1.200413230432127
512,800,81496.41950381982,45567.61000250533,1.7884725466035876
8192,700,64342.83558061889,59293.67404515642,1.085155147100805
8192,500,73005.4262984697,69544.3189537958,1.0497683692462847
