P,n,Algorithm Time,Optimal Time,Makespan Ratio
128,600,82270.13273250837,73743.69110737687,1.1156226586585731
512,800,79554.53082736577,45567.61000250533,1.7458569984906345
8192,700,64342.83558061889,59293.67404515642,1.085155147100805
8192,500,73005.4262984697,69544.3189537958,1.0497683692462847
