P,n,Algorithm Time,Optimal Time,Makespan Ratio
128,600,83626.4133188784,73743.69110737687,1.134014477212857
512,800,62036.72064633735,45567.61000250533,1.3614214272577942
8192,700,59329.99459424226,59293.67404515642,1.0006125535256625
8192,500,71317.19129771215,69544.3189537958,1.0254926983337664
