P,n,Paper,Min Time,Time opt,mtsa
4000,400,240110.59017076786,308297.5269803889,197632.33972203563,1.2149357261492562
600,900,3385544.1996388696,3281141.0950063663,3001051.047743991,1.1281194973953934
