P,n,Paper,Min Time,Time opt,mast
500,100,104264.7866591015,97420.89198938399,97420.89198938399,1.0702507904614884
