P,n,Paper,Min Time,Time opt,mtsa
1800,300,428330.41866857954,513426.3566104365,348988.6293608195,1.2273477776427166
500,700,3611974.887924331,3084202.7297746902,2850482.8994442355,1.267144906790553
