P,n,Paper,Min Time,Time opt,mast
500,100,360054.0367007695,740552.8133889553,155315.19647160138,2.318215119192175
