P,n,Paper,Min Time,Time opt,mast
500,100,10447576.687594995,434240.0694961376,405794.8557498415,25.745956459427287
