P,n,Paper,Min Time,Time opt,mast
500,100,11931.187747612215,19224.641564484627,9912.643613774626,1.203633280130501
