P,n,Paper,Min Time,Time opt,mast
500,100,748922.5821835026,19967.761738085494,9912.643613774626,75.5522554188066
