P,n,Paper,Min Time,Time opt,mast
1000,100,62952.29651963262,21977.798289269267,21561.33909716274,2.9196839878983454
