P,n,Algorithm Time,Optimal Time,Makespan Ratio
128,600,93185.14685231695,73743.69110737689,1.2636355117705147
512,800,94783.36826986473,83711.93042021694,1.1322563915808823
8192,700,156135.30795285938,156135.30795285938,1.0
8192,500,93489.63138436299,92784.14609006893,1.0076035112034034
