P,n,Paper,Min Time,Time opt,mast
1000,100,29680.130539141668,21978.658326081673,21561.33909716274,1.3765439338156542
