p,Paper,Min Time,Time opt
500,2454397,3311549,2042983.7272256638
1000,1340980,2136691,1021491.8636128319
1500,905830,1474762,680994.575741888
2000,696192,1089841,510745.93180641596
2500,574515,850490,408596.7454451328
3000,487970,704081,340497.287870944
3500,430616,601271,321573.03990320547
4000,408473,526192,321573.03990320547
4500,386896,465391,321573.03990320547
5000,371213,425586,321573.03990320547
