P,n,Paper,Min Time,Time opt,mast
500,100,1217778.2306114705,235713.23231026964,235713.23231026964,5.166354975814457
