P,n,Paper,Min Time,Time opt,mast
300,200,1446233.398095552,1358888.661995223,1345577.0768288777,1.0748053181047728
1500,100,195681.00866406484,187512.40281848656,135264.95191661385,1.4466497484484775
200,400,4127654.9818444126,3975616.416267132,3952646.7944407123,1.0442762018730953
2000,100,172793.06908453192,156684.41760344442,101448.71393746037,1.703255392582432
1700,400,542790.6692772494,679577.134736752,465017.26993420144,1.167248410696774
4100,400,369843.29478387546,313923.27130602597,192812.03875320547,1.918154577771285
3300,400,393645.40335369925,392220.1469403283,239554.35117822498,1.6432404647112118
2900,800,870970.9848086815,960952.7710785231,563328.2889225034,1.5461161847110794
3800,700,698066.1322642553,625488.374616719,375063.5394005573,1.8611943282461811
2200,1000,1121444.8059540547,1442112.1307455944,930420.2621627828,1.2053099567578538
