p,Paper,Min Time,Time opt
500,4857959,11071241,2547103.5300798216
1000,4647762,8645212,2531156.2613913054
1500,4577529,6445432,2530387.6966619184
2000,4554094,5051750,2530387.6966619184
2500,4539259,4010029,2530387.6966619184
3000,4529628,3335662,2530387.6966619184
3500,4528099,2962303,2530387.6966619184
4000,4522016,2735401,2530387.6966619184
4500,4521714,2636123,2530387.6966619184
5000,4519681,2570635,2530387.6966619184
